rcept_no,rcept_dt,corp_cls,corp_name,stock_code,report_nm,flr_nm
20260820000436,20260820,코스닥,하림지주,003380,주식등의대량보유상황보고서(일반),김홍국
20260820000435,20260820,코스피,팜스코,036580,주식등의대량보유상황보고서(일반),하림지주
20260820000433,20260820,코스닥,광진실업,026910,주식등의대량보유상황보고서(일반),디엔티인터네셔널
20260820000431,20260820,코스피,팬오션,028670,주식등의대량보유상황보고서(일반),하림지주
20260820000423,20260820,코스닥,웨이브일렉트로,095270,주식등의대량보유상황보고서(일반),박천석
20260820000421,20260820,코스닥,에스제이그룹,306040,주식등의대량보유상황보고서(일반),이주영
20260820000409,20260820,코스닥,비스토스,419540,주식등의대량보유상황보고서(일반),씨유메디칼
20260820000400,20260820,코스닥,로젠,033290,주식등의대량보유상황보고서(일반),대명화학
20260820000399,20260820,코스닥,경남제약,053950,주식등의대량보유상황보고서(일반),미니쉬테크놀로지
20260820000389,20260820,코스닥,츌립앤사이언스,291650,주식등의대량보유상황보고서(약식),에이치엔제이인베스트먼트
20260820000386,20260820,코스닥,츌립앤사이언스,291650,주식등의대량보유상황보고서(약식),Wellnew&Co.
20260820000382,20260820,코스닥,츌립앤사이언스,291650,주식등의대량보유상황보고서(일반),알티캐스트
20260820000362,20260820,코스닥,HEM파마,376270,주식등의대량보유상황보고서(일반),지요셉
20260820000359,20260820,코스닥,젬백스,082270,주식등의대량보유상황보고서(일반),젬앤컴퍼니
20260820000336,20260820,코스닥,우리엔터프라이즈,037400,주식등의대량보유상황보고서(일반),윤철주
20260820000332,20260820,코스닥,다산솔루에타,154040,주식등의대량보유상황보고서(일반),다산인베스트
20260820000322,20260820,코스닥,신진에스엠,138070,주식등의대량보유상황보고서(일반),김은식
20260820000312,20260820,코스피,인바이오젠,101140,주식등의대량보유상황보고서(일반),버킷스튜디오
20260820000311,20260820,코스닥,리메드,302550,주식등의대량보유상황보고서(일반),이근용
20260820000301,20260820,코스닥,SFA넥셀,222080,주식등의대량보유상황보고서(약식),삼성자산운용
20260820000300,20260820,코스닥,케이엔더블유,105330,주식등의대량보유상황보고서(일반),BGF에코머티리얼즈
20260820000298,20260820,코스닥,지아이이노베이션,358570,주식등의대량보유상황보고서(약식),삼성자산운용
20260820000297,20260820,코스피,한세실업,105630,주식등의대량보유상황보고서(일반),한세예스24홀딩스
20260820000295,20260820,코스피,한세예스24홀딩스,016450,주식등의대량보유상황보고서(일반),김동녕
20260820000292,20260820,코스피,한세엠케이,069640,주식등의대량보유상황보고서(일반),한세예스24홀딩스
20260820000283,20260820,코스닥,딜리셔스,483350,주식등의대량보유상황보고서(약식),NAVER
20260820000275,20260820,코스닥,지에프씨생명과학,388610,주식등의대량보유상황보고서(일반),강희철
20260820000260,20260820,코스닥,닷밀,464580,주식등의대량보유상황보고서(일반),정해운
20260820000228,20260820,코스닥,광진실업,026910,주식등의대량보유상황보고서(약식),헥사로틱홀딩스
20260820000211,20260820,코스닥,대성하이텍,129920,[기재정정]주식등의대량보유상황보고서(일반),최호형
20260820000206,20260820,코스피,한독,002390,주식등의대량보유상황보고서(일반),김영진
20260820000196,20260820,코스닥,아나패스,123860,주식등의대량보유상황보고서(일반),이경호
20260820000189,20260820,코스닥,대성하이텍,129920,[기재정정]주식등의대량보유상황보고서(일반),최호형
20260820000180,20260820,코스닥,오에스피,368970,주식등의대량보유상황보고서(약식),에스플러스온
20260820000136,20260820,코스피,HLB글로벌,003580,주식등의대량보유상황보고서(일반),진양곤
20260820000132,20260820,코스닥,HLB,028300,주식등의대량보유상황보고서(일반),진양곤
20260820000124,20260820,코스피,에스엠벡셀,010580,주식등의대량보유상황보고서(일반),에스엠하이플러스
20260820000119,20260820,코스피,케이씨씨,002380,주식등의대량보유상황보고서(일반),정몽진
20260820000111,20260820,코스피,에스디바이오센서,137310,주식등의대량보유상황보고서(일반),조영식
20260820000110,20260820,코스닥,모비데이즈,363260,주식등의대량보유상황보고서(일반),유범령
20260820000107,20260820,코스피,넥센타이어,002350,주식등의대량보유상황보고서(일반),넥센
20260820000080,20260820,코스닥,HLB펩,196300,주식등의대량보유상황보고서(일반),HLB제넥스
20260820000079,20260820,코스닥,대화제약,067080,주식등의대량보유상황보고서(일반),고준진
20260820000045,20260820,코스닥,힘스,238490,주식등의대량보유상황보고서(일반),김주환
20260820000044,20260820,코스닥,광진실업,026910,주식등의대량보유상황보고서(약식),다인투자조합
20260820000039,20260820,코스닥,티엑스알로보틱스,484810,주식등의대량보유상황보고서(일반),유진로지스틱스
20260820000021,20260820,코스닥,미코,059090,주식등의대량보유상황보고서(약식),MiriCapitalManagementLLC
20260820000009,20260820,코스닥,유라클,088340,주식등의대량보유상황보고서(일반),조준희
20260819000387,20260820,코스닥,코퍼스코리아,322780,주식등의대량보유상황보고서(일반),오영섭
20260819000382,20260819,코스닥,드림시큐리티,203650,주식등의대량보유상황보고서(일반),범진규
20260819000381,20260819,코스닥,폰드그룹,472850,주식등의대량보유상황보고서(일반),대명화학
20260819000375,20260819,코스닥,딜리셔스,483350,주식등의대량보유상황보고서(약식),DSC인베스트먼트
20260819000365,20260819,코스닥,FSN,214270,주식등의대량보유상황보고서(일반),제이투비
20260819000364,20260819,코스피,다우기술,023590,주식등의대량보유상황보고서(일반),다우데이타
20260819000361,20260819,코스닥,수산아이앤티,050960,주식등의대량보유상황보고서(일반),정보윤
20260819000351,20260819,코스닥,프롬바이오,377220,주식등의대량보유상황보고서(일반),심태진
20260819000345,20260819,코스닥,LB세미콘,061970,주식등의대량보유상황보고서(일반),구본천
20260819000334,20260819,코스피,영화금속,012280,주식등의대량보유상황보고서(일반),삼신정밀
20260819000329,20260819,코스닥,딜리셔스,483350,주식등의대량보유상황보고서(약식),스톤브릿지벤처스
20260819000327,20260819,코스피,이월드,084680,주식등의대량보유상황보고서(일반),이랜드월드
20260819000323,20260819,코스피,까뮤이앤씨,013700,주식등의대량보유상황보고서(일반),베이스
20260819000317,20260819,코스닥,아이엘,307180,주식등의대량보유상황보고서(일반),송성근
20260819000312,20260819,코스닥,노을,376930,주식등의대량보유상황보고서(일반),"MSEED,INC."
20260819000311,20260819,코스닥,더핑크퐁컴퍼니,403850,주식등의대량보유상황보고서(일반),김민석
20260819000307,20260819,코스닥,자연과환경,043910,주식등의대량보유상황보고서(일반),데이터테크놀로지
20260819000304,20260819,코스닥,흥국에프엔비,189980,주식등의대량보유상황보고서(일반),오길영
20260819000303,20260819,코스피,SK디스커버리,006120,주식등의대량보유상황보고서(일반),최창원
20260819000288,20260819,코스피,와이투솔루션,011690,주식등의대량보유상황보고서(약식),더베스트리소스
20260819000273,20260819,코스닥,옵티코어,380540,주식등의대량보유상황보고서(약식),알펜루트자산운용
20260819000269,20260819,코스닥,티앤알바이오팹,246710,주식등의대량보유상황보고서(일반),윤원수
20260819000247,20260819,코스닥,한중엔시에스,107640,주식등의대량보유상황보고서(일반),김상균
20260819000233,20260819,코스닥,엔켐,348370,[기재정정]주식등의대량보유상황보고서(일반),와이어트그룹
20260819000208,20260819,코스닥,재영솔루텍,049630,주식등의대량보유상황보고서(일반),재영아이텍
20260819000202,20260819,코스닥,에스엠,041510,주식등의대량보유상황보고서(약식),"티로우프라이스어소시에이트,인크."
20260819000165,20260819,코스닥,광진실업,026910,주식등의대량보유상황보고서(일반),허정도
20260819000129,20260819,코스닥,딜리셔스,483350,주식등의대량보유상황보고서(일반),김준호
20260819000126,20260819,코스피,프레스티지바이오파마,950210,주식등의대량보유상황보고서(일반),메이슨파트너스
20260819000116,20260819,코스닥,지앤비에스 에코,382800,주식등의대량보유상황보고서(약식),J.P.MORGANSECURITIESPLC
20260819000092,20260819,코스닥,일월지엠엘,178780,주식등의대량보유상황보고서(일반),일월
20260819000078,20260819,코스닥,지어소프트,051160,주식등의대량보유상황보고서(약식),MiriCapitalManagementLLC
20260819000064,20260819,코스닥,삼화네트웍스,046390,주식등의대량보유상황보고서(일반),신재은
20260819000053,20260819,코스닥,본느,226340,주식등의대량보유상황보고서(일반),임성기
20260819000039,20260819,코스닥,이상네트웍스,080010,주식등의대량보유상황보고서(약식),하성일
20260819000021,20260819,코스피,아이에스동서,010780,주식등의대량보유상황보고서(일반),권혁운
20260818000322,20260819,코스피,삼성화재해상보험,000810,주식등의대량보유상황보고서(약식),슈로더인베스트먼트매니지먼트
20260818000315,20260818,코스닥,아스플로,159010,[기재정정]주식등의대량보유상황보고서(일반),강두홍
20260818000311,20260818,코스닥,PS일렉트로닉스,332570,주식등의대량보유상황보고서(일반),유대규
20260818000310,20260818,코스닥,이스트에이드,239340,주식등의대량보유상황보고서(일반),이스트소프트
20260818000298,20260818,코스피,동양생명,082640,주식등의대량보유상황보고서(일반),우리금융지주
20260818000296,20260818,코스닥,SV인베스트먼트,289080,주식등의대량보유상황보고서(일반),박성호
20260818000288,20260818,코스닥,옴니시스템,057540,주식등의대량보유상황보고서(일반),바이오스마트
20260818000273,20260818,코스닥,아스플로,159010,[기재정정]주식등의대량보유상황보고서(일반),강두홍
20260818000248,20260818,코스닥,제이케이시냅스,060230,주식등의대량보유상황보고서(일반),휴림로봇
20260818000239,20260818,코스닥,대성하이텍,129920,주식등의대량보유상황보고서(일반),최호형
20260818000238,20260818,코스닥,서연탑메탈,019770,주식등의대량보유상황보고서(일반),서연
20260818000236,20260818,코스피,세기상사,002420,[기재정정]주식등의대량보유상황보고서(일반),조영준
20260818000226,20260818,코스닥,아모텍,052710,주식등의대량보유상황보고서(일반),김병규
20260818000225,20260818,코스닥,코리아나,027050,주식등의대량보유상황보고서(일반),유상옥
20260818000224,20260818,코스피,세기상사,002420,주식등의대량보유상황보고서(일반),조영준
20260818000220,20260818,코스닥,베뉴지,019010,주식등의대량보유상황보고서(약식),배진한
20260818000215,20260818,코스닥,위메이드,112040,주식등의대량보유상황보고서(일반),박관호
20260818000209,20260818,코스닥,파인엠텍,441270,주식등의대량보유상황보고서(일반),홍성천
20260818000203,20260818,코스피,에넥스,011090,주식등의대량보유상황보고서(일반),박진규
20260818000193,20260818,코스닥,큐로홀딩스,051780,주식등의대량보유상황보고서(일반),케이파트너스
20260818000191,20260818,코스닥,케이지에이,455180,주식등의대량보유상황보고서(약식),이승균
20260818000190,20260818,코스닥,아가방컴퍼니,013990,주식등의대량보유상황보고서(일반),랑시코리아
20260818000181,20260818,코스닥,우리넷,115440,주식등의대량보유상황보고서(일반),넷솔루션즈홀딩스
20260818000178,20260818,코스닥,에코앤드림,101360,주식등의대량보유상황보고서(일반),김민용
20260818000177,20260818,코스닥,플레이위드,023770,주식등의대량보유상황보고서(일반),드림아크코리아
20260818000168,20260818,코스닥,엔켐,348370,주식등의대량보유상황보고서(일반),와이어트그룹
20260818000164,20260818,코스닥,엠브레인,169330,주식등의대량보유상황보고서(일반),"MACROMILL,INC."
20260818000156,20260818,코스닥,SCL사이언스,246960,주식등의대량보유상황보고서(일반),김경수
20260818000150,20260818,코스닥,유니슨,018000,주식등의대량보유상황보고서(일반),명운산업개발
20260818000146,20260818,코스닥,레이,228670,주식등의대량보유상황보고서(일반),그래피
20260818000142,20260818,코스닥,아스플로,159010,주식등의대량보유상황보고서(일반),강두홍
20260818000106,20260818,코스닥,하이록코리아,013030,주식등의대량보유상황보고서(약식),피델리티매니지먼트앤리서치컴퍼니엘엘씨
20260818000103,20260818,코스피,에스원,012750,주식등의대량보유상황보고서(약식),피델리티매니지먼트앤리서치컴퍼니엘엘씨
20260818000098,20260818,코스닥,한일단조,024740,주식등의대량보유상황보고서(일반),홍진산업
20260818000097,20260818,코스닥,엠케이전자,033160,주식등의대량보유상황보고서(약식),J.P.MORGANSECURITIESPLC
20260818000060,20260818,코스피,평화산업,090080,주식등의대량보유상황보고서(일반),평화홀딩스
20260818000058,20260818,코스닥,제테마,216080,주식등의대량보유상황보고서(일반),김재영
20260818000045,20260818,코스피,영흥,012160,주식등의대량보유상황보고서(일반),장세일
20260818000006,20260818,코스피,롯데렌탈,089860,주식등의대량보유상황보고서(일반),렉시콘코리아홀드코
20260814004224,20260814,코스닥,제이스코홀딩스,023440,주식등의대량보유상황보고서(일반),캐디언스시스템
20260814004188,20260814,코스닥,엔젠바이오,354200,주식등의대량보유상황보고서(일반),에스에이치헬스케어투자1호조합
20260814004121,20260814,코스닥,GMI벤처,019570,주식등의대량보유상황보고서(약식),해든성장
20260814003970,20260814,코스피,아센디오,012170,주식등의대량보유상황보고서(일반),경남제약
20260814003966,20260814,코스닥,씨어스,458870,주식등의대량보유상황보고서(일반),이영신
20260814003962,20260814,코스닥,삼천당제약,000250,주식등의대량보유상황보고서(일반),윤대인
20260814003847,20260814,코스닥,파버나인,177830,주식등의대량보유상황보고서(약식),수성자산운용
20260814003801,20260814,코스피,아센디오,012170,주식등의대량보유상황보고서(일반),키위제1호조합
20260814003754,20260814,코스닥,엠투엔,033310,주식등의대량보유상황보고서(일반),디케이마린
20260814003636,20260814,코스닥,코퍼스코리아,322780,주식등의대량보유상황보고서(약식),수성자산운용
20260814003557,20260814,코스닥,강원에너지,114190,주식등의대량보유상황보고서(일반),평산파트너스
20260814003437,20260814,코스닥,GMI벤처,019570,주식등의대량보유상황보고서(일반),밸류업임팩트투자조합
20260814003322,20260814,코스닥,오스코텍,039200,주식등의대량보유상황보고서(일반),김성연
20260814003265,20260814,코스닥,키스트론,475430,주식등의대량보유상황보고서(일반),홍영철
20260814003144,20260814,코스피,아이에스동서,010780,주식등의대량보유상황보고서(일반),권혁운
20260814003134,20260814,코스닥,엠케이전자,033160,주식등의대량보유상황보고서(일반),오션비홀딩스
20260814003079,20260814,코스닥,영우디에스피,143540,주식등의대량보유상황보고서(일반),박금성
20260814002998,20260814,코스닥,케이바이오랩스,038530,주식등의대량보유상황보고서(일반),미래아이앤지
20260814002942,20260814,코스닥,시지트로닉스,429270,주식등의대량보유상황보고서(일반),심규환
20260814002924,20260814,코스닥,휴마시스,205470,주식등의대량보유상황보고서(일반),아티스트
20260814002906,20260814,코스피,한국토지신탁,034830,주식등의대량보유상황보고서(일반),엠케이인베스트먼트
20260814002748,20260814,코스피,KG케미칼,001390,주식등의대량보유상황보고서(일반),케이지제로인
20260814002669,20260814,코스닥,매드업,0039P0,주식등의대량보유상황보고서(약식),스톤브릿지벤처스
20260814002659,20260814,코스닥,SKAI,357880,주식등의대량보유상황보고서(일반),디렉터스컴퍼니
20260814002614,20260814,코스닥,유니슨,018000,주식등의대량보유상황보고서(약식),비그림파워코리아
20260814002576,20260814,코스피,TYM,002900,주식등의대량보유상황보고서(일반),김식
20260814002466,20260814,코스피,NICE,034310,주식등의대량보유상황보고서(일반),김원우
20260814002419,20260814,코스피,SK이터닉스,475150,주식등의대량보유상황보고서(일반),이클립스
20260814002408,20260814,코스피,동부건설,005960,주식등의대량보유상황보고서(일반),키스톤에코프라임
20260814002392,20260814,코스닥,소프트센,032680,주식등의대량보유상황보고서(일반),홍콩셩다국제유한공사
20260814002356,20260814,코스피,AJ네트웍스,095570,주식등의대량보유상황보고서(일반),문덕영
20260814002350,20260814,코스닥,모아데이타,288980,주식등의대량보유상황보고서(일반),한상진
20260814002230,20260814,코스피,차AI헬스케어,025620,주식등의대량보유상황보고서(일반),메타엑스1호조합
20260814002075,20260814,코스닥,바이오다인,314930,주식등의대량보유상황보고서(일반),임욱빈
20260814001946,20260814,코스닥,크린앤사이언스,045520,주식등의대량보유상황보고서(일반),최재호
20260814001878,20260814,코스닥,신스틸,162300,주식등의대량보유상황보고서(일반),신승곤
20260814001809,20260814,코스닥,지란지교시큐리티,208350,[기재정정]주식등의대량보유상황보고서(일반),지란지교소프트
20260814001701,20260814,코스닥,퓨쳐켐,220100,주식등의대량보유상황보고서(일반),지대윤
20260814001684,20260814,코스닥,제테마,216080,주식등의대량보유상황보고서(일반),김재영
20260814001477,20260814,코스닥,제테마,216080,[기재정정]주식등의대량보유상황보고서(일반),김재영
20260814001253,20260814,코스닥,이엠앤아이,083470,주식등의대량보유상황보고서(일반),신기술케이에듀조합
20260814001174,20260814,코스닥,이엠앤아이,083470,주식등의대량보유상황보고서(일반),디에스피코퍼레이션
20260814000908,20260814,코스닥,원텍,336570,주식등의대량보유상황보고서(일반),김종원
20260814000802,20260814,코스닥,고영,098460,주식등의대량보유상황보고서(약식),J.P.MORGANSECURITIESPLC
20260814000769,20260814,코스닥,성원에너텍,340930,[기재정정]주식등의대량보유상황보고서(일반),유일에너테크소액주주연대
20260814000740,20260814,코스닥,성원에너텍,340930,[기재정정]주식등의대량보유상황보고서(일반),유일에너테크소액주주연대
20260814000723,20260814,코스닥,성원에너텍,340930,[기재정정]주식등의대량보유상황보고서(일반),유일에너테크소액주주연대
20260814000619,20260814,코스닥,매커스,093520,주식등의대량보유상황보고서(약식),MiriCapitalManagementLLC
20260814000535,20260814,코스닥,닷밀,464580,주식등의대량보유상황보고서(일반),정해운
20260814000410,20260814,코스피,DN오토모티브,007340,주식등의대량보유상황보고서(일반),김상헌
20260814000129,20260814,코스피,포스코DX,022100,주식등의대량보유상황보고서(일반),POSCO홀딩스
20260814000121,20260814,코스피,포스코인터내셔널,047050,주식등의대량보유상황보고서(일반),POSCO홀딩스
20260813001778,20260813,코스닥,코스모로보틱스,439960,주식등의대량보유상황보고서(약식),엔비에이치캐피탈
20260813001759,20260813,코스닥,뱅크웨어글로벌,199480,주식등의대량보유상황보고서(일반),이경조
20260813001746,20260813,코스닥,더라미,032860,주식등의대량보유상황보고서(일반),바이오스마트
20260813001740,20260813,코스피,PKC,001340,주식등의대량보유상황보고서(일반),김성훈
20260813001735,20260813,코스닥,루멘스,038060,주식등의대량보유상황보고서(일반),디티씨
20260813001723,20260813,코스피,DRB동일,004840,주식등의대량보유상황보고서(약식),최경애
20260813001679,20260813,코스닥,SOOP,067160,주식등의대량보유상황보고서(일반),쎄인트인터내셔널
20260813001639,20260813,코스피,금호타이어,073240,주식등의대량보유상황보고서(일반),싱웨이코리아
20260813001633,20260813,코스닥,싸이토젠,217330,주식등의대량보유상황보고서(일반),캔디엑스홀딩스
20260813001630,20260813,코스닥,윙입푸드,900340,주식등의대량보유상황보고서(약식),ZHAO JINHUA
20260813001604,20260813,코스피,한솔홀딩스,004150,주식등의대량보유상황보고서(일반),조동길
20260813001597,20260813,코스닥,윙입푸드,900340,주식등의대량보유상황보고서(약식),WONG SIO CHAN
20260813001591,20260813,코스닥,성호전자,043260,주식등의대량보유상황보고서(일반),서룡전자
20260813001563,20260813,코스피,에코프로머티,450080,주식등의대량보유상황보고서(일반),에코프로
20260813001544,20260813,코스닥,TJ미디어,032540,주식등의대량보유상황보고서(일반),윤나라
20260813001538,20260813,코스닥,한울반도체,320000,주식등의대량보유상황보고서(일반),한울소재과학
20260813001485,20260813,코스닥,스마트레이더시스템,424960,주식등의대량보유상황보고서(일반),김용환
20260813001465,20260813,코스닥,윙입푸드,900340,주식등의대량보유상황보고서(일반),WANG TING FENG
20260813001416,20260813,코스피,블루산업개발,006740,주식등의대량보유상황보고서(일반),피엠에이조합
20260813001403,20260813,코스닥,다보링크,340360,주식등의대량보유상황보고서(일반),테라사이언스
20260813001379,20260813,코스닥,국전,307750,주식등의대량보유상황보고서(일반),홍종호
20260813001340,20260813,코스닥,다산디엠씨,208860,주식등의대량보유상황보고서(일반),다산네트웍스
20260813001322,20260813,코스피,종근당,185750,주식등의대량보유상황보고서(약식),고촌재단
20260813001293,20260813,코스닥,크레오에스지,040350,주식등의대량보유상황보고서(일반),큐로홀딩스
20260813001243,20260813,코스피,성신양회,004980,주식등의대량보유상황보고서(일반),김태현
20260813001126,20260813,코스닥,레이,228670,[기재정정]주식등의대량보유상황보고서(일반),레이홀딩스
20260813001107,20260813,코스닥,수성웹툰,084180,주식등의대량보유상황보고서(일반),투믹스홀딩스
20260813001085,20260813,코스닥,세화피앤씨,252500,주식등의대량보유상황보고서(일반),이훈구
20260813000978,20260813,코스피,아진전자부품,009320,주식등의대량보유상황보고서(약식),아진카인텍
20260813000970,20260813,코스닥,레이,228670,주식등의대량보유상황보고서(일반),레이홀딩스
20260813000912,20260813,코스피,에스엠벡셀,010580,주식등의대량보유상황보고서(일반),에스엠하이플러스
20260813000905,20260813,코스닥,대한과학,131220,주식등의대량보유상황보고서(일반),서정구
20260813000894,20260813,코스닥,이노진,344860,주식등의대량보유상황보고서(일반),이광훈
20260813000865,20260813,코스닥,벡트,457600,주식등의대량보유상황보고서(일반),유창수
20260813000829,20260813,코스피,동원수산,030720,주식등의대량보유상황보고서(일반),왕기철
20260813000823,20260813,코스닥,현대이지웰,090850,주식등의대량보유상황보고서(약식),MiriCapitalManagementLLC
20260813000676,20260813,코스닥,태웅로직스,124560,주식등의대량보유상황보고서(일반),한재동
20260813000585,20260813,코스피,풀무원,017810,주식등의대량보유상황보고서(약식),엔브이메자닌그로쓰에쿼티사모투자
20260813000460,20260813,코스닥,에코프로,086520,주식등의대량보유상황보고서(일반),이동채
20260813000433,20260813,코스닥,가비아,079940,주식등의대량보유상황보고서(약식),GumshoeMasterFundLP
20260813000392,20260813,코스닥,대호특수강,021040,주식등의대량보유상황보고서(일반),영흥
20260813000233,20260813,코스피,서울식품공업,004410,주식등의대량보유상황보고서(일반),정필문
20260813000149,20260813,코스닥,HLB파나진,046210,주식등의대량보유상황보고서(일반),박준곤
20260813000040,20260813,코스피,산일전기,062040,주식등의대량보유상황보고서(일반),박동석
20260812000882,20260812,코스닥,골프존홀딩스,121440,주식등의대량보유상황보고서(일반),김원일
20260812000878,20260812,코스닥,바이오스마트,038460,주식등의대량보유상황보고서(일반),박혜린
20260812000873,20260812,코스피,한미약품,128940,주식등의대량보유상황보고서(일반),한미사이언스
20260812000861,20260812,코스피,한미사이언스,008930,주식등의대량보유상황보고서(일반),송영숙
20260812000850,20260812,코스닥,루멘스,038060,[기재정정]주식등의대량보유상황보고서(일반),넥스턴앤롤코리아
20260812000832,20260812,코스닥,하이록코리아,013030,주식등의대량보유상황보고서(약식),피델리티매니지먼트앤리서치컴퍼니엘엘씨
20260812000808,20260812,코스닥,인바디,041830,주식등의대량보유상황보고서(약식),피델리티매니지먼트앤리서치컴퍼니엘엘씨
20260812000805,20260812,코스닥,하이텍팜,106190,주식등의대량보유상황보고서(일반),ACSDOBFARS.P.A
20260812000799,20260812,코스피,백산,035150,주식등의대량보유상황보고서(일반),김한준
20260812000790,20260812,코스닥,루멘스,038060,주식등의대량보유상황보고서(일반),넥스턴앤롤코리아
20260812000788,20260812,코스피,부국증권,001270,주식등의대량보유상황보고서(일반),김중건
20260812000773,20260812,코스닥,파버나인,177830,주식등의대량보유상황보고서(일반),이제훈
20260812000739,20260812,코스피,SK디앤디,210980,주식등의대량보유상황보고서(일반),한앤코개발홀딩스
20260812000708,20260812,코스닥,원티드랩,376980,[기재정정]주식등의대량보유상황보고서(일반),이복기
20260812000707,20260812,코스피,SK스퀘어,402340,주식등의대량보유상황보고서(약식),BlackRockFundAdvisors
20260812000704,20260812,코스닥,한울소재과학,091440,[기재정정]주식등의대량보유상황보고서(약식),해리슨투자조합1호
20260812000673,20260812,코스닥,다산솔루에타,154040,주식등의대량보유상황보고서(일반),다산인베스트
20260812000648,20260812,코스닥,레몬헬스케어,365660,주식등의대량보유상황보고서(약식),양항석
20260812000608,20260812,코스닥,파수AI,150900,주식등의대량보유상황보고서(일반),조규곤
20260812000577,20260812,코스닥,닷밀,464580,주식등의대량보유상황보고서(일반),정해운
20260812000557,20260812,코스닥,디에스엠,104040,주식등의대량보유상황보고서(약식),와이씨자산운용
20260812000487,20260812,코스닥,나노씨엠에스,247660,주식등의대량보유상황보고서(일반),김희자
20260812000480,20260812,코스피,금강공업,014280,주식등의대량보유상황보고서(일반),안영순
20260812000471,20260812,코스닥,디케이락,105740,주식등의대량보유상황보고서(일반),노은식
20260812000421,20260812,코스닥,로젠,033290,주식등의대량보유상황보고서(일반),대명화학
20260812000395,20260812,코스닥,소프트캠프,258790,주식등의대량보유상황보고서(일반),배환국
20260812000367,20260812,코스닥,나인앤컴퍼니,366030,주식등의대량보유상황보고서(약식),티에스 2018-12 M&A 투자조합
20260812000314,20260812,코스피,한국주강,025890,주식등의대량보유상황보고서(일반),하만규
20260812000307,20260812,코스닥,원티드랩,376980,주식등의대량보유상황보고서(일반),이복기
20260812000168,20260812,코스피,대양금속,009190,주식등의대량보유상황보고서(일반),디와이엠파트너스
20260811000690,20260811,코스닥,이노진,344860,[기재정정]주식등의대량보유상황보고서(일반),메타몰퍼시스
20260811000686,20260811,코스피,롯데렌탈,089860,주식등의대량보유상황보고서(일반),호텔롯데
20260811000680,20260811,코스닥,케이엔제이,272110,주식등의대량보유상황보고서(일반),심호섭
20260811000674,20260811,코스피,신한지주,055550,주식등의대량보유상황보고서(약식),BlackRockFundAdvisors
20260811000673,20260811,코스닥,나인앤컴퍼니,366030,주식등의대량보유상황보고서(약식),김주영
20260811000662,20260811,코스닥,빛과전자,069540,주식등의대량보유상황보고서(약식),바로저축은행
20260811000661,20260811,코스피,대교,019680,주식등의대량보유상황보고서(일반),대교홀딩스
20260811000651,20260811,코스닥,야스,255440,주식등의대량보유상황보고서(일반),정광호
20260811000650,20260811,코스닥,자비스,254120,주식등의대량보유상황보고서(일반),김형철
20260811000648,20260811,코스피,SK이터닉스,475150,주식등의대량보유상황보고서(일반),SK디스커버리
20260811000646,20260811,코스피,유나이티드,033270,주식등의대량보유상황보고서(일반),강덕영
20260811000641,20260811,코스닥,지에프씨생명과학,388610,주식등의대량보유상황보고서(일반),강희철
20260811000639,20260811,코스피,한미사이언스,008930,주식등의대량보유상황보고서(일반),DXVX
20260811000628,20260811,코스닥,키스트론,475430,주식등의대량보유상황보고서(일반),홍영철
20260811000627,20260811,코스피,한미사이언스,008930,주식등의대량보유상황보고서(일반),임종훈
20260811000611,20260811,코스피,국제약품,002720,주식등의대량보유상황보고서(일반),남영우
20260811000606,20260811,코스닥,사토시홀딩스,223310,주식등의대량보유상황보고서(약식),써밋프라임밸류투자조합
20260811000605,20260811,코스피,SK디앤디,210980,주식등의대량보유상황보고서(일반),SK디스커버리
20260811000590,20260811,코스피,효성,004800,주식등의대량보유상황보고서(일반),조현준
20260811000589,20260811,코스닥,헝셩그룹,900270,주식등의대량보유상황보고서(일반),후이훙위엔
20260811000579,20260811,코스피,풀무원,017810,주식등의대량보유상황보고서(일반),남승우
20260811000571,20260811,코스닥,디에스엠,104040,[기재정정]주식등의대량보유상황보고서(약식),지브이에이자산운용
20260811000560,20260811,코스피,한진칼,180640,주식등의대량보유상황보고서(일반),조원태
20260811000552,20260811,코스닥,그리드위즈,453450,주식등의대량보유상황보고서(일반),김구환
20260811000549,20260811,코스닥,아이씨디,040910,주식등의대량보유상황보고서(약식),지브이에이자산운용
20260811000547,20260811,코스닥,에이치브이엠,295310,주식등의대량보유상황보고서(일반),문승호
20260811000544,20260811,코스닥,신진에스엠,138070,주식등의대량보유상황보고서(일반),김은식
20260811000537,20260811,코스피,코아스,071950,주식등의대량보유상황보고서(약식),코아스 우리사주조합
20260811000529,20260811,코스닥,전진바이오팜,110020,주식등의대량보유상황보고서(일반),이태훈
20260811000517,20260811,코스피,비에이치,090460,주식등의대량보유상황보고서(약식),베어링자산운용
20260811000513,20260811,코스닥,디에스엠,104040,주식등의대량보유상황보고서(약식),지브이에이자산운용
20260811000511,20260811,코스닥,엘앤케이바이오,156100,주식등의대량보유상황보고서(일반),강국진
20260811000509,20260811,코스피,체시스,033250,주식등의대량보유상황보고서(일반),이명곤
20260811000459,20260811,코스피,에이프로젠바이오로직스,003060,주식등의대량보유상황보고서(일반),에이프로젠
20260811000433,20260811,코스닥,우리기술,032820,주식등의대량보유상황보고서(약식),삼성자산운용
20260811000404,20260811,코스닥,하이비젼시스템,126700,주식등의대량보유상황보고서(약식),타이거자산운용투자일임
20260811000294,20260811,코스닥,디에스케이,109740,주식등의대량보유상황보고서(일반),시너지이노베이션
20260811000290,20260811,코스피,동화약품,000020,주식등의대량보유상황보고서(일반),윤도준
20260811000257,20260811,코스닥,성원에너텍,340930,주식등의대량보유상황보고서(일반),유일에너테크소액주주연대
20260811000244,20260811,코스피,한국주강,025890,주식등의대량보유상황보고서(일반),하만규
20260811000169,20260811,코스닥,크린앤사이언스,045520,주식등의대량보유상황보고서(일반),최재호
20260811000137,20260811,코스닥,서한,011370,주식등의대량보유상황보고서(일반),에스에이치인베스트먼트
20260811000071,20260811,코스닥,티케이케미칼,104480,주식등의대량보유상황보고서(일반),에스엠인더스트리
20260811000065,20260811,코스닥,피코그램,376180,주식등의대량보유상황보고서(일반),최석림
20260811000027,20260811,코스피,프레스티지바이오파마,950210,주식등의대량보유상황보고서(일반),메이슨파트너스
20260811000015,20260811,코스닥,나노실리칸첨단소재,286750,주식등의대량보유상황보고서(약식),주재현
20260810000733,20260810,코스닥,큐리옥스바이오시스템즈,445680,주식등의대량보유상황보고서(일반),김남용
20260810000732,20260810,코스닥,지에프아이,493330,주식등의대량보유상황보고서(약식),비엔케이 안전 신기술투자조합 제2호
20260810000721,20260810,코스피,아진전자부품,009320,주식등의대량보유상황보고서(약식),아진카인텍
20260810000719,20260810,코스닥,아진산업,013310,주식등의대량보유상황보고서(일반),우신산업
20260810000718,20260810,코스닥,삼영에스앤씨,361670,주식등의대량보유상황보고서(일반),변동준
20260810000688,20260810,코스닥,썸에이지,208640,주식등의대량보유상황보고서(일반),네시삼십삼분
20260810000683,20260810,코스닥,미코,059090,주식등의대량보유상황보고서(일반),전선규
20260810000666,20260810,코스닥,뉴파워프라즈마,144960,주식등의대량보유상황보고서(약식),테크엑스1호신기술투자조합
20260810000658,20260810,코스피,LX홀딩스,383800,주식등의대량보유상황보고서(일반),구본준
20260810000656,20260810,코스닥,넥스턴앤롤코리아,089140,주식등의대량보유상황보고서(약식),바로저축은행
20260810000634,20260810,코스피,크래프톤,259960,주식등의대량보유상황보고서(일반),장병규
20260810000631,20260810,코스닥,솔브레인,357780,주식등의대량보유상황보고서(일반),정지완
20260810000622,20260810,코스피,유한양행,000100,주식등의대량보유상황보고서(약식),BlackRockFundAdvisors
20260810000617,20260810,코스피,삼진제약,005500,주식등의대량보유상황보고서(일반),조의환
20260810000616,20260810,코스닥,솔브레인홀딩스,036830,주식등의대량보유상황보고서(일반),정지완
20260810000611,20260810,코스닥,KT밀리의서재,418470,주식등의대량보유상황보고서(일반),KT지니뮤직
20260810000609,20260810,코스닥,에쎈테크,043340,주식등의대량보유상황보고서(일반),대창
20260810000602,20260810,코스닥,올릭스,226950,주식등의대량보유상황보고서(약식),미래에셋자산운용
20260810000599,20260810,코스닥,큐라티스,348080,주식등의대량보유상황보고서(일반),인벤티지랩
20260810000591,20260810,코스피,HD현대일렉트릭,267260,주식등의대량보유상황보고서(약식),BlackRockFundAdvisors
20260810000585,20260810,코스닥,한울반도체,320000,주식등의대량보유상황보고서(약식),전지윤
20260810000581,20260810,코스피,한화비전,489790,주식등의대량보유상황보고서(일반),한화머시너리앤서비스홀딩스
20260810000579,20260810,코스닥,조이웍스앤코,309930,주식등의대량보유상황보고서(약식),상상인저축은행
20260810000574,20260810,코스닥,한울소재과학,091440,주식등의대량보유상황보고서(약식),해리슨투자조합1호
20260810000573,20260810,코스닥,씨큐브,101240,주식등의대량보유상황보고서(약식),상상인저축은행
20260810000567,20260810,코스닥,신라섬유,001000,주식등의대량보유상황보고서(약식),김대용
20260810000564,20260810,코스닥,한울소재과학,091440,주식등의대량보유상황보고서(약식),제이케이(JK)신기술투자조합제1호
20260810000563,20260810,코스닥,씨유메디칼,115480,주식등의대량보유상황보고서(약식),상상인저축은행
20260810000549,20260810,코스닥,수성웹툰,084180,주식등의대량보유상황보고서(약식),상상인저축은행
20260810000543,20260810,코스피,한화갤러리아,452260,주식등의대량보유상황보고서(일반),한화
20260810000542,20260810,코스피,한화갤러리아,452260,주식등의대량보유상황보고서(일반),한화머시너리앤서비스홀딩스
20260810000540,20260810,코스닥,손오공,066910,주식등의대량보유상황보고서(약식),상상인저축은행
20260810000539,20260810,코스닥,BGF에코머티리얼즈,126600,주식등의대량보유상황보고서(일반),BGF
20260810000529,20260810,코스닥,소프트센,032680,주식등의대량보유상황보고서(약식),상상인저축은행
20260810000524,20260810,코스닥,비트맥스,377030,주식등의대량보유상황보고서(약식),스페이셜인베스트먼트
20260810000522,20260810,코스닥,한라IMS,092460,주식등의대량보유상황보고서(약식),브이아이피자산운용
20260810000518,20260810,코스닥,비스토스,419540,주식등의대량보유상황보고서(약식),상상인저축은행
20260810000511,20260810,코스닥,프로텍,053610,주식등의대량보유상황보고서(약식),브이아이피자산운용
20260810000510,20260810,코스피,삼양바이오팜,0120G0,주식등의대량보유상황보고서(일반),김윤
20260810000506,20260810,코스닥,티쓰리,204610,주식등의대량보유상황보고서(약식),브이아이피자산운용
20260810000502,20260810,코스닥,아모그린텍,125210,주식등의대량보유상황보고서(일반),김병규
20260810000501,20260810,코스닥,LSK아이로봇,091970,주식등의대량보유상황보고서(약식),카사솔루션
20260810000500,20260810,코스피,롯데관광개발,032350,주식등의대량보유상황보고서(약식),브이아이피자산운용
20260810000499,20260810,코스피,한화비전,489790,주식등의대량보유상황보고서(일반),한화
20260810000495,20260810,코스닥,노바렉스,194700,주식등의대량보유상황보고서(약식),브이아이피자산운용
20260810000489,20260810,코스닥,글로벌텍스프리,204620,주식등의대량보유상황보고서(약식),브이아이피자산운용
20260810000488,20260810,코스피,한국항공우주,047810,주식등의대량보유상황보고서(일반),한화에어로스페이스
20260810000486,20260810,코스닥,도이치모터스,067990,주식등의대량보유상황보고서(일반),권오수
20260810000479,20260810,코스닥,클로봇,466100,주식등의대량보유상황보고서(약식),삼성자산운용
20260810000475,20260810,코스닥,뉴로메카,348340,주식등의대량보유상황보고서(약식),삼성자산운용
20260810000473,20260810,코스피,NAVER,035420,주식등의대량보유상황보고서(약식),BlackRockFundAdvisors
20260810000469,20260810,코스닥,뉴로메카,348340,주식등의대량보유상황보고서(약식),삼성액티브자산운용
20260810000465,20260810,코스피,BGF,027410,주식등의대량보유상황보고서(일반),홍석조
20260810000463,20260810,코스닥,아시아경제,127710,주식등의대량보유상황보고서(약식),에스티 41호 신기술투자조합
20260810000448,20260810,코스피,한신공영,004960,주식등의대량보유상황보고서(약식),타이거자산운용투자일임
20260810000444,20260810,코스피,BGF리테일,282330,주식등의대량보유상황보고서(일반),BGF
20260810000439,20260810,코스피,웅진,016880,주식등의대량보유상황보고서(약식),타이거자산운용투자일임
20260810000433,20260810,코스닥,아리바이오홀딩스,290690,주식등의대량보유상황보고서(일반),정재준
20260810000432,20260810,코스닥,노머스,473980,주식등의대량보유상황보고서(약식),타이거자산운용투자일임
20260810000428,20260810,코스닥,핑거스토리,417180,주식등의대량보유상황보고서(일반),문양근
20260810000421,20260810,코스피,평화산업,090080,주식등의대량보유상황보고서(일반),평화홀딩스
20260810000418,20260810,코스닥,뉴로메카,348340,주식등의대량보유상황보고서(일반),박종훈
20260810000372,20260810,코스닥,에스에스알,275630,주식등의대량보유상황보고서(일반),지란지교시큐리티
20260810000342,20260810,코스닥,부방,014470,주식등의대량보유상황보고서(일반),테크로스홀딩스
20260810000315,20260810,코스피,아모레퍼시픽,090430,주식등의대량보유상황보고서(일반),아모레퍼시픽홀딩스
20260810000313,20260810,코스닥,소프트캠프,258790,주식등의대량보유상황보고서(일반),배환국
20260810000310,20260810,코스닥,브이씨,365900,주식등의대량보유상황보고서(일반),김준오
20260810000284,20260810,코스닥,나노신소재,121600,주식등의대량보유상황보고서(일반),박장우
20260810000275,20260810,코스닥,제테마,216080,주식등의대량보유상황보고서(약식),한국투자증권
20260810000267,20260810,코스닥,한울앤제주,276730,주식등의대량보유상황보고서(약식),에스에프세레스조합
20260810000258,20260810,코스닥,한울앤제주,276730,주식등의대량보유상황보고서(약식),뮤즈파트너스조합
20260810000251,20260810,코스닥,오에스피,368970,주식등의대량보유상황보고서(약식),지씨파트너스
20260810000245,20260810,코스닥,한울앤제주,276730,주식등의대량보유상황보고서(약식),제이케이(JK)신기술투자조합 제2호
20260810000225,20260810,코스닥,한탑,002680,[기재정정]주식등의대량보유상황보고서(일반),류원기
20260810000217,20260810,코스닥,한울앤제주,276730,주식등의대량보유상황보고서(일반),아바쿠스투자조합 제01호
20260810000204,20260810,코스닥,한울앤제주,276730,주식등의대량보유상황보고서(약식),리홈씨앤엔
20260810000189,20260810,코스피,INVENI,015360,주식등의대량보유상황보고서(일반),구자은
20260810000175,20260810,코스닥,아티스트스튜디오,200350,[기재정정]주식등의대량보유상황보고서(일반),스튜디오지담
20260810000174,20260810,코스닥,유티아이,179900,주식등의대량보유상황보고서(일반),박덕영
20260810000136,20260810,코스닥,제이엠아이,033050,주식등의대량보유상황보고서(일반),제이엠티
20260810000134,20260810,코스닥,크라우드웍스,355390,주식등의대량보유상황보고서(일반),엑스알피1호조합
20260810000103,20260810,코스닥,딥노이드,315640,주식등의대량보유상황보고서(약식),정창용
20260810000101,20260810,코스닥,딥노이드,315640,주식등의대량보유상황보고서(약식),김태규
20260810000100,20260810,코스닥,뉴인텍,012340,주식등의대량보유상황보고서(일반),장기수
20260810000087,20260810,코스닥,이지바이오,353810,주식등의대량보유상황보고서(약식),브이아이피자산운용
20260810000076,20260810,코스닥,모비데이즈,363260,주식등의대량보유상황보고서(일반),유범령
20260810000069,20260810,코스닥,진바이오텍,086060,주식등의대량보유상황보고서(일반),김성호
20260810000037,20260810,코스피,엠앤씨솔루션,484870,주식등의대량보유상황보고서(약식),ArtisanPartnersLimitedPartnership
20260810000021,20260810,코스닥,엠투엔,033310,주식등의대량보유상황보고서(일반),디케이마린
20260807000787,20260807,코스닥,서진시스템,178320,주식등의대량보유상황보고서(일반),전동규
20260807000784,20260807,코스피,한창제지,009460,주식등의대량보유상황보고서(약식),시너지아이비투자
20260807000781,20260807,코스닥,알리코제약,260660,주식등의대량보유상황보고서(약식),시너지아이비투자
20260807000777,20260807,코스피,대호에이엘,069460,주식등의대량보유상황보고서(일반),대호에이엘바로세우기 1호조합
20260807000767,20260807,코스닥,더테크놀로지,043090,주식등의대량보유상황보고서(약식),엘에스케이무역
20260807000765,20260807,코스닥,더테크놀로지,043090,주식등의대량보유상황보고서(약식),엘에스케이엔터테인먼트
20260807000762,20260807,코스닥,알테오젠,196170,주식등의대량보유상황보고서(약식),BlackRockFundAdvisors
20260807000747,20260807,코스닥,키스트론,475430,주식등의대량보유상황보고서(일반),홍영철
20260807000733,20260807,코스피,대호에이엘,069460,[기재정정]주식등의대량보유상황보고서(일반),대호에이엘바로세우기 1호조합
20260807000727,20260807,코스닥,큐브엔터,182360,주식등의대량보유상황보고서(일반),강승곤
20260807000725,20260807,코스닥,덴티스,261200,주식등의대량보유상황보고서(일반),심기봉
20260807000712,20260807,코스피,엘브이엠씨,900140,주식등의대량보유상황보고서(일반),오세영
20260807000703,20260807,코스닥,헥토파이낸셜,234340,주식등의대량보유상황보고서(일반),헥토이노베이션
20260807000701,20260807,코스닥,앱튼,270520,주식등의대량보유상황보고서(약식),라르고스브릭투자조합
20260807000692,20260807,코스닥,녹십자엠에스,142280,주식등의대량보유상황보고서(약식),타임폴리오자산운용
20260807000682,20260807,코스닥,시지트로닉스,429270,주식등의대량보유상황보고서(일반),심규환
20260807000664,20260807,코스닥,한울앤제주,276730,주식등의대량보유상황보고서(일반),한울반도체
20260807000660,20260807,코스닥,케이바이오랩스,038530,주식등의대량보유상황보고서(일반),미래아이앤지
20260807000655,20260807,코스닥,감성코퍼레이션,036620,주식등의대량보유상황보고서(일반),김호선
20260807000635,20260807,코스닥,아이즈비전,031310,주식등의대량보유상황보고서(일반),파워넷
20260807000632,20260807,코스피,케이카,381970,주식등의대량보유상황보고서(일반),KG스틸
20260807000631,20260807,코스닥,한성크린텍,066980,주식등의대량보유상황보고서(일반),제이에스아이홀딩스
20260807000627,20260807,코스닥,한주에이알티,058450,주식등의대량보유상황보고서(일반),알에프텍
20260807000625,20260807,코스닥,모아데이타,288980,주식등의대량보유상황보고서(일반),한상진
20260807000608,20260807,코스닥,폴레드,487580,주식등의대량보유상황보고서(약식),코오롱인베스트먼트
20260807000604,20260807,코스닥,아이비젼웍스,469750,주식등의대량보유상황보고서(일반),길기재
20260807000594,20260807,코스닥,더블유에스아이,299170,주식등의대량보유상황보고서(일반),박정섭
20260807000568,20260807,코스닥,코오롱티슈진,950160,주식등의대량보유상황보고서(일반),코오롱
20260807000543,20260807,코스닥,뉴온,123840,주식등의대량보유상황보고서(일반),케이피엠테크
20260807000531,20260807,코스닥,모아라이프플러스,142760,주식등의대량보유상황보고서(일반),모아데이타
20260807000530,20260807,코스피,NHN,181710,주식등의대량보유상황보고서(일반),이준호
20260807000526,20260807,코스피,에이프로젠바이오로직스,003060,주식등의대량보유상황보고서(일반),에이프로젠
20260807000523,20260807,코스닥,나이스정보통신,036800,주식등의대량보유상황보고서(일반),NICE
20260807000520,20260807,코스피,에이프로젠,007460,주식등의대량보유상황보고서(약식),하베스트로즈
20260807000518,20260807,코스피,에이프로젠,007460,주식등의대량보유상황보고서(일반),지베이스
20260807000505,20260807,코스닥,아이비김영,339950,주식등의대량보유상황보고서(일반),메가스터디교육
20260807000504,20260807,코스닥,대주전자재료,078600,주식등의대량보유상황보고서(약식),삼성자산운용
20260807000502,20260807,코스피,HD현대,267250,주식등의대량보유상황보고서(일반),정몽준
20260807000494,20260807,코스닥,아리바이오LAB,261780,주식등의대량보유상황보고서(일반),아리바이오홀딩스
20260807000493,20260807,코스닥,가온칩스,399720,주식등의대량보유상황보고서(일반),정규동
20260807000486,20260807,코스닥,케이엔에스,432470,주식등의대량보유상황보고서(일반),정봉진
20260807000480,20260807,코스닥,상보,027580,주식등의대량보유상황보고서(일반),레이노코리아
20260807000478,20260807,코스닥,대한뉴팜,054670,주식등의대량보유상황보고서(일반),이완진
20260807000461,20260807,코스닥,상보,027580,주식등의대량보유상황보고서(일반),김상근
20260807000453,20260807,코스닥,지엔코,065060,주식등의대량보유상황보고서(일반),크레오에스지
20260807000452,20260807,코스닥,슈프리마,236200,주식등의대량보유상황보고서(약식),"DALTONINVESTMENTS,INC."
20260807000443,20260807,코스피,케이카,381970,주식등의대량보유상황보고서(일반),케이모빌리티밸류업
20260807000440,20260807,코스피,LG화학,051910,주식등의대량보유상황보고서(일반),LG
20260807000431,20260807,코스닥,씨엔플러스,115530,주식등의대량보유상황보고서(일반),인스앤코
20260807000425,20260807,코스닥,씨엔플러스,115530,주식등의대량보유상황보고서(일반),인스앤코
20260807000421,20260807,코스닥,에코프로,086520,주식등의대량보유상황보고서(일반),이동채
20260807000415,20260807,코스닥,아티스트스튜디오,200350,주식등의대량보유상황보고서(일반),스튜디오지담
20260807000411,20260807,코스닥,영우디에스피,143540,주식등의대량보유상황보고서(일반),박금성
20260807000378,20260807,코스피,대호에이엘,069460,주식등의대량보유상황보고서(일반),대호에이엘바로세우기 1호조합
20260807000376,20260807,코스닥,금양그린파워,282720,주식등의대량보유상황보고서(일반),이윤철
20260807000365,20260807,코스닥,케이피티유,054410,주식등의대량보유상황보고서(일반),알루텍
20260807000353,20260807,코스닥,디와이디,219550,주식등의대량보유상황보고서(일반),OULANGETRADELIMITED
20260807000352,20260807,코스닥,이엔에프테크놀로지,102710,주식등의대량보유상황보고서(약식),MiriCapitalManagementLLC
20260807000349,20260807,코스닥,글로벌텍스프리,204620,주식등의대량보유상황보고서(약식),MiriCapitalManagementLLC
20260807000348,20260807,코스닥,플레이위드,023770,주식등의대량보유상황보고서(일반),드림아크코리아
20260807000313,20260807,코스닥,삼진엘앤디,054090,주식등의대량보유상황보고서(일반),이명종
20260807000301,20260807,코스피,스틱인베스트먼트,026890,주식등의대량보유상황보고서(일반),도용환
20260807000290,20260807,코스피,한국주강,025890,주식등의대량보유상황보고서(일반),하만규
20260807000284,20260807,코스닥,판타지오,032800,주식등의대량보유상황보고서(일반),엑스
20260807000281,20260807,코스닥,LB세미콘,061970,주식등의대량보유상황보고서(일반),구본천
20260807000276,20260807,코스닥,CMG제약,058820,[기재정정]주식등의대량보유상황보고서(약식),오라이언자산운용
20260807000263,20260807,코스닥,오에스피,368970,주식등의대량보유상황보고서(약식),오라이언자산운용
20260807000261,20260807,코스닥,엑스플러스,373200,주식등의대량보유상황보고서(일반),엑스페릭스
20260807000254,20260807,코스닥,엑스페릭스,317770,주식등의대량보유상황보고서(일반),윤상철
20260807000247,20260807,코스닥,에이치케이,044780,주식등의대량보유상황보고서(일반),계명재
20260807000246,20260807,코스피,SUN&L,002820,주식등의대량보유상황보고서(일반),정연준
20260807000242,20260807,코스피,영흥,012160,주식등의대량보유상황보고서(일반),장세일
20260807000235,20260807,코스피,신성이엔지,011930,주식등의대량보유상황보고서(약식),J.P.MORGANSECURITIESPLC
20260807000208,20260807,코스닥,닷밀,464580,주식등의대량보유상황보고서(일반),정해운
20260807000189,20260807,코스피,미래에셋증권,006800,주식등의대량보유상황보고서(일반),미래에셋캐피탈
20260807000184,20260807,코스닥,비보존 제약,082800,주식등의대량보유상황보고서(일반),비보존홀딩스
20260807000162,20260807,코스닥,모다이노칩,080420,주식등의대량보유상황보고서(일반),대명화학
20260807000150,20260807,코스닥,에어레인,163280,주식등의대량보유상황보고서(일반),하성용
20260807000125,20260807,코스닥,클래시스,214150,주식등의대량보유상황보고서(약식),CapitalResearchandManagementCompany
20260807000115,20260807,코스피,JB금융지주,175330,주식등의대량보유상황보고서(약식),CapitalResearchandManagementCompany
20260807000113,20260807,코스닥,파크시스템스,140860,주식등의대량보유상황보고서(약식),CapitalResearchandManagementCompany
20260807000095,20260807,코스닥,힘스,238490,주식등의대량보유상황보고서(일반),김주환
20260807000085,20260807,코스닥,안랩,053800,주식등의대량보유상황보고서(일반),안철수
20260806000554,20260807,코스피,주성코퍼레이션,109070,주식등의대량보유상황보고서(일반),비앤피주성
20260806000536,20260806,코스피,BNK금융지주,138930,주식등의대량보유상황보고서(약식),오케이홀딩스대부
20260806000532,20260806,코스닥,페니트리움바이오,187660,주식등의대량보유상황보고서(일반),현대바이오
20260806000531,20260806,코스피,BNK금융지주,138930,주식등의대량보유상황보고서(약식),오케이저축은행
20260806000526,20260806,코스피,아이에스동서,010780,주식등의대량보유상황보고서(일반),권혁운
20260806000519,20260806,코스닥,HC홈센타,060560,주식등의대량보유상황보고서(일반),에이치씨파트너스
20260806000514,20260806,코스닥,FSN,214270,주식등의대량보유상황보고서(일반),제이투비
20260806000507,20260806,코스닥,카페24,042000,주식등의대량보유상황보고서(일반),우창균
20260806000503,20260806,코스닥,캔버스엔,210120,주식등의대량보유상황보고서(약식),상상인저축은행
20260806000485,20260806,코스닥,지아이이노베이션,358570,주식등의대량보유상황보고서(일반),장명호
20260806000479,20260806,코스닥,컴투스,078340,주식등의대량보유상황보고서(일반),컴투스홀딩스
20260806000478,20260806,코스닥,코미코,183300,주식등의대량보유상황보고서(일반),미코
20260806000476,20260806,코스피,코오롱,002020,주식등의대량보유상황보고서(일반),이웅열
20260806000474,20260806,코스닥,지에프씨생명과학,388610,주식등의대량보유상황보고서(일반),강희철
20260806000468,20260806,코스닥,티케이케미칼,104480,주식등의대량보유상황보고서(일반),에스엠인더스트리
20260806000465,20260806,코스피,한솔테크닉스,004710,주식등의대량보유상황보고서(약식),미래에셋자산운용
20260806000447,20260806,코스닥,밸로프,331520,주식등의대량보유상황보고서(일반),신재명
20260806000445,20260806,코스닥,지엘팜텍,204840,주식등의대량보유상황보고서(일반),더블유사이언스
20260806000444,20260806,코스닥,아시아경제,127710,주식등의대량보유상황보고서(약식),에스티 41호 신기술투자조합
20260806000442,20260806,코스피,고려아연,010130,주식등의대량보유상황보고서(일반),최윤범
20260806000436,20260806,코스피,효성화학,298000,주식등의대량보유상황보고서(일반),효성
20260806000411,20260806,코스닥,대신밸런스제17호스팩,471050,주식등의대량보유상황보고서(약식),하우자산운용
20260806000403,20260806,코스닥,LSK아이로봇,091970,주식등의대량보유상황보고서(일반),엘에스케이디비
20260806000398,20260806,코스피,이수페타시스,007660,주식등의대량보유상황보고서(일반),이수
20260806000383,20260806,코스닥,저스템,417840,주식등의대량보유상황보고서(일반),임영진
20260806000377,20260806,코스닥,HLB제넥스,187420,주식등의대량보유상황보고서(일반),HLB
20260806000355,20260806,코스닥,RF머트리얼즈,327260,주식등의대량보유상황보고서(약식),MORGANSTANLEY&COINTLPLC
20260806000354,20260806,코스닥,아비코전자,036010,[기재정정]주식등의대량보유상황보고서(일반),행진개발
20260806000348,20260806,코스닥,케이엔제이,272110,주식등의대량보유상황보고서(일반),심호섭
20260806000344,20260806,코스닥,현대바이오,048410,주식등의대량보유상황보고서(일반),씨앤팜
20260806000343,20260806,코스닥,대한약품,023910,주식등의대량보유상황보고서(약식),피델리티매니지먼트앤리서치컴퍼니엘엘씨
20260806000340,20260806,코스피,에넥스,011090,주식등의대량보유상황보고서(일반),에넥스미래성장조합
20260806000337,20260806,코스피,CJ CGV,079160,주식등의대량보유상황보고서(약식),미래에셋증권
20260806000334,20260806,코스피,에이피알,278470,주식등의대량보유상황보고서(약식),피델리티매니지먼트앤리서치컴퍼니엘엘씨
20260806000315,20260806,코스닥,인베니아,079950,주식등의대량보유상황보고서(약식),정은숙
20260806000310,20260806,코스닥,비나텍,126340,주식등의대량보유상황보고서(일반),성도경
20260806000179,20260806,코스닥,제이앤티씨,204270,주식등의대량보유상황보고서(일반),진우엔지니어링
20260806000162,20260806,코스닥,이루온,065440,주식등의대량보유상황보고서(일반),이승구
20260806000161,20260806,코스피,해성디에스,195870,주식등의대량보유상황보고서(약식),JPMorganAssetManagement(AsiaPacific)Limited
20260806000158,20260806,코스닥,유니슨,018000,주식등의대량보유상황보고서(일반),명운산업개발
20260806000152,20260806,코스닥,유일로보틱스,388720,주식등의대량보유상황보고서(일반),김동헌
20260806000134,20260806,코스피,현대건설,000720,주식등의대량보유상황보고서(약식),BlackRockFundAdvisors
20260806000122,20260806,코스닥,바이오톡스텍,086040,주식등의대량보유상황보고서(일반),강종구
20260806000115,20260806,코스닥,알트,459550,주식등의대량보유상황보고서(일반),크로스로드6호사모투자
20260806000097,20260806,코스피,두산밥캣,241560,주식등의대량보유상황보고서(약식),SilchesterInternationalInvestorsLLP
20260806000077,20260806,코스닥,남화토건,091590,주식등의대량보유상황보고서(일반),최재훈
20260806000058,20260806,코스닥,탑엔지니어링,065130,주식등의대량보유상황보고서(일반),김원남
20260806000017,20260806,코스닥,윙입푸드,900340,주식등의대량보유상황보고서(일반),WANG TING FENG
20260805000522,20260805,코스피,전방,000950,주식등의대량보유상황보고서(일반),삼영엔지니어링
20260805000505,20260805,코스닥,HC보광산업,225530,주식등의대량보유상황보고서(일반),HC홈센타
20260805000504,20260805,코스닥,에이텍,045660,주식등의대량보유상황보고서(일반),신승영
20260805000500,20260805,코스닥,레이저옵텍,199550,주식등의대량보유상황보고서(일반),주홍
20260805000499,20260805,코스피,케이티앤지,033780,주식등의대량보유상황보고서(일반),기업은행
20260805000492,20260805,코스닥,제이케이시냅스,060230,주식등의대량보유상황보고서(일반),휴림로봇
20260805000491,20260805,코스닥,하나마이크론,067310,주식등의대량보유상황보고서(일반),최창호
20260805000486,20260805,코스피,현대차증권,001500,주식등의대량보유상황보고서(일반),현대자동차
20260805000481,20260805,코스닥,풍원정밀,371950,주식등의대량보유상황보고서(일반),유명훈
20260805000478,20260805,코스닥,하나머티리얼즈,166090,주식등의대량보유상황보고서(일반),하나마이크론
20260805000475,20260805,코스닥,세중,039310,주식등의대량보유상황보고서(일반),천세전
20260805000469,20260805,코스피,HL홀딩스,060980,주식등의대량보유상황보고서(약식),베어링자산운용
20260805000467,20260805,코스닥,아즈텍WB,032080,주식등의대량보유상황보고서(일반),허재명
20260805000458,20260805,코스닥,에스프리즘,288620,주식등의대량보유상황보고서(약식),수성자산운용
20260805000452,20260805,코스닥,오픈엣지테크놀로지,394280,주식등의대량보유상황보고서(일반),이성현
20260805000447,20260805,코스닥,SGA솔루션즈,184230,주식등의대량보유상황보고서(일반),에스지에이홀딩스
20260805000445,20260805,코스피,TP,007980,주식등의대량보유상황보고서(일반),임석원
20260805000441,20260805,코스닥,블루엠텍,439580,주식등의대량보유상황보고서(약식),지브이에이자산운용
20260805000440,20260805,코스피,SK하이닉스,000660,주식등의대량보유상황보고서(일반),SK스퀘어
20260805000421,20260805,코스닥,미스터블루,207760,주식등의대량보유상황보고서(일반),조승진
20260805000406,20260805,코스닥,화일약품,061250,주식등의대량보유상황보고서(일반),오성첨단소재
20260805000400,20260805,코스피,갤럭시아에스엠,011420,주식등의대량보유상황보고서(일반),트리니티에셋매니지먼트
20260805000396,20260805,코스피,엘앤에프,066970,주식등의대량보유상황보고서(일반),새로닉스
20260805000391,20260805,코스닥,미래나노텍,095500,주식등의대량보유상황보고서(일반),김철영
20260805000388,20260805,코스닥,에이비온,203400,주식등의대량보유상황보고서(일반),신영기
20260805000382,20260805,코스닥,한컴위드,054920,주식등의대량보유상황보고서(일반),김상철
20260805000362,20260805,코스닥,천보,278280,주식등의대량보유상황보고서(일반),이상율
20260805000360,20260805,코스닥,대동기어,008830,주식등의대량보유상황보고서(일반),대동
20260805000335,20260805,코스닥,아비코전자,036010,주식등의대량보유상황보고서(일반),행진개발
20260805000330,20260805,코스닥,한스바이오메드,042520,주식등의대량보유상황보고서(약식),한국투자신탁운용
20260805000329,20260805,코스닥,메카로,241770,주식등의대량보유상황보고서(일반),이재정
20260805000320,20260805,코스닥,GC메디아이,032620,주식등의대량보유상황보고서(일반),GC케어
20260805000316,20260805,코스닥,큐리언트,115180,주식등의대량보유상황보고서(일반),유암코키스톤구조혁신기업재무안정사모투자
20260805000315,20260805,코스닥,에치에프알,230240,주식등의대량보유상황보고서(일반),정종민
20260805000286,20260805,코스닥,코스리거글로벌,043710,주식등의대량보유상황보고서(일반),세심
20260805000265,20260805,코스닥,레이,228670,주식등의대량보유상황보고서(일반),메가젠임플란트
20260805000244,20260805,코스닥,와이씨켐,112290,주식등의대량보유상황보고서(약식),박형순
20260805000236,20260805,코스닥,아이씨에이치,368600,주식등의대량보유상황보고서(일반),김영훈
20260805000228,20260805,코스닥,신한제14호스팩,487360,주식등의대량보유상황보고서(약식),케이비증권
20260805000208,20260805,코스닥,포커스에이아이,331380,주식등의대량보유상황보고서(약식),넥스플랜
20260805000200,20260805,코스닥,삼표시멘트,038500,[기재정정]주식등의대량보유상황보고서(일반),에스피에스엔에이
20260805000198,20260805,코스닥,와이바이오로직스,338840,주식등의대량보유상황보고서(일반),박영우
20260805000194,20260805,코스닥,오텍,067170,주식등의대량보유상황보고서(일반),강성희
20260805000190,20260805,코스닥,다보링크,340360,주식등의대량보유상황보고서(일반),테라사이언스
20260805000188,20260805,코스닥,코닉오토메이션,391710,주식등의대량보유상황보고서(일반),APS
20260805000184,20260805,코스닥,APS,054620,주식등의대량보유상황보고서(일반),정기로
20260805000169,20260805,코스닥,브이엠,089970,주식등의대량보유상황보고서(약식),J.P.MORGANSECURITIESPLC
20260805000163,20260805,코스피,HD현대마린솔루션,443060,주식등의대량보유상황보고서(약식),GICPrivateLimited
20260805000161,20260805,코스피,HD현대마린솔루션,443060,주식등의대량보유상황보고서(약식),THEGOVERNMENTOFSINGAPORE
20260805000158,20260805,코스피,코스맥스,192820,주식등의대량보유상황보고서(약식),THEGOVERNMENTOFSINGAPORE
20260805000149,20260805,코스피,코스맥스,192820,주식등의대량보유상황보고서(약식),GICPrivateLimited
20260805000133,20260805,코스닥,안랩,053800,주식등의대량보유상황보고서(약식),Legal&GeneralInvestmentManagementLtd.
20260805000114,20260805,코스닥,닷밀,464580,주식등의대량보유상황보고서(일반),정해운
20260805000095,20260805,코스닥,디바이스,187870,주식등의대량보유상황보고서(일반),최봉진
20260805000002,20260805,코스닥,상보,027580,주식등의대량보유상황보고서(일반),김상근
20260804000546,20260804,코스닥,하림지주,003380,주식등의대량보유상황보고서(일반),김홍국
20260804000541,20260804,코스닥,우양,103840,주식등의대량보유상황보고서(약식),씨스퀘어자산운용
20260804000533,20260804,코스닥,에이비엘바이오,298380,주식등의대량보유상황보고서(일반),LEESANGHOON
20260804000529,20260804,코스닥,아이스크림에듀,289010,주식등의대량보유상황보고서(약식),수성자산운용
20260804000528,20260804,코스닥,야스,255440,주식등의대량보유상황보고서(일반),정광호
20260804000526,20260804,코스닥,디에스케이,109740,주식등의대량보유상황보고서(일반),시너지이노베이션
20260804000523,20260804,코스닥,꿈비,407400,주식등의대량보유상황보고서(일반),박영건
20260804000511,20260804,코스닥,코퍼스코리아,322780,주식등의대량보유상황보고서(약식),수성자산운용
20260804000508,20260804,코스닥,한국파마,032300,주식등의대량보유상황보고서(일반),박은희
20260804000500,20260804,코스닥,에코프로비엠,247540,주식등의대량보유상황보고서(일반),에코프로
20260804000498,20260804,코스닥,고영,098460,주식등의대량보유상황보고서(일반),고영홀딩스
20260804000496,20260804,코스닥,신진에스엠,138070,주식등의대량보유상황보고서(일반),김은식
20260804000489,20260804,코스피,삼화콘덴서공업,001820,주식등의대량보유상황보고서(약식),J.P.MORGANSECURITIESPLC
20260804000469,20260804,코스닥,FSN,214270,주식등의대량보유상황보고서(일반),제이투비
20260804000460,20260804,코스닥,제이에스링크,127120,주식등의대량보유상황보고서(일반),주성씨앤에어
20260804000455,20260804,코스피,삼성FN리츠,448730,주식등의대량보유상황보고서(약식),미래에셋자산운용
20260804000454,20260804,코스피,KB발해인프라,415640,주식등의대량보유상황보고서(약식),미래에셋자산운용
20260804000453,20260804,코스피,SK리츠,395400,주식등의대량보유상황보고서(약식),미래에셋자산운용
20260804000452,20260804,코스닥,뉴로메카,348340,주식등의대량보유상황보고서(약식),미래에셋자산운용
20260804000451,20260804,코스피,롯데리츠,330590,주식등의대량보유상황보고서(약식),미래에셋자산운용
20260804000450,20260804,코스피,신한알파리츠,293940,주식등의대량보유상황보고서(약식),미래에셋자산운용
20260804000449,20260804,코스닥,디바이스,187870,주식등의대량보유상황보고서(약식),미래에셋자산운용
20260804000448,20260804,코스닥,웰크론,065950,주식등의대량보유상황보고서(일반),이영규
20260804000444,20260804,코스닥,파인텍,131760,주식등의대량보유상황보고서(일반),강원일
20260804000438,20260804,코스닥,제일테크노스,038010,주식등의대량보유상황보고서(일반),나채민
20260804000428,20260804,코스닥,하나기술,299030,주식등의대량보유상황보고서(일반),오태봉
20260804000427,20260804,코스피,DB손해보험,005830,주식등의대량보유상황보고서(약식),BlackRockFundAdvisors
20260804000426,20260804,코스닥,HLB,028300,주식등의대량보유상황보고서(약식),BlackRockFundAdvisors
20260804000425,20260804,코스닥,티앤알바이오팹,246710,주식등의대량보유상황보고서(일반),윤원수
20260804000424,20260804,코스피,한창제지,009460,주식등의대량보유상황보고서(일반),김승한
20260804000421,20260804,코스피,남선알미늄,008350,주식등의대량보유상황보고서(일반),삼라
20260804000414,20260804,코스닥,동구바이오제약,006620,주식등의대량보유상황보고서(일반),조용준
20260804000413,20260804,코스닥,키네마스터,139670,주식등의대량보유상황보고서(일반),솔본
20260804000412,20260804,코스닥,솔본,035610,주식등의대량보유상황보고서(일반),홍기태
20260804000408,20260804,코스닥,시지트로닉스,429270,주식등의대량보유상황보고서(일반),심규환
20260804000405,20260804,코스닥,큐리언트,115180,주식등의대량보유상황보고서(일반),동구바이오제약
20260804000404,20260804,코스닥,비씨월드제약,200780,주식등의대량보유상황보고서(일반),홍성한
20260804000401,20260804,코스닥,우리기술투자,041190,주식등의대량보유상황보고서(일반),이완근
20260804000391,20260804,코스피,GS,078930,주식등의대량보유상황보고서(일반),허창수
20260804000376,20260804,코스닥,인카금융서비스,211050,주식등의대량보유상황보고서(일반),김선식
20260804000373,20260804,코스닥,휴맥스홀딩스,028080,주식등의대량보유상황보고서(약식),에스오큐알아이
20260804000370,20260804,코스닥,애드포러스,397810,주식등의대량보유상황보고서(일반),이은현
20260804000369,20260804,코스닥,디알텍,214680,주식등의대량보유상황보고서(일반),윤정기
20260804000364,20260804,코스닥,아이비젼웍스,469750,[기재정정]주식등의대량보유상황보고서(일반),길기재
20260804000358,20260804,코스닥,멕아이씨에스,058110,주식등의대량보유상황보고서(일반),김종철
20260804000357,20260804,코스닥,인카금융서비스,211050,주식등의대량보유상황보고서(일반),최병채
20260804000351,20260804,코스피,화승코퍼레이션,013520,주식등의대량보유상황보고서(일반),현지호
20260804000342,20260804,코스닥,크레오에스지,040350,주식등의대량보유상황보고서(일반),큐로홀딩스
20260804000334,20260804,코스피,SK오션플랜트,100090,주식등의대량보유상황보고서(일반),송무석
20260804000333,20260804,코스닥,성호전자,043260,주식등의대량보유상황보고서(약식),수성자산운용
20260804000331,20260804,코스닥,졸스,018700,주식등의대량보유상황보고서(일반),바른손이앤에이
20260804000324,20260804,코스피,한솔케미칼,014680,주식등의대량보유상황보고서(일반),조동혁
20260804000320,20260804,코스닥,빅텍,065450,주식등의대량보유상황보고서(약식),MORGANSTANLEY&COINTLPLC
20260804000317,20260804,코스닥,리가켐바이오,141080,주식등의대량보유상황보고서(일반),PANORIONCORP.LIMITED
20260804000292,20260804,코스피,일진디스플,020760,주식등의대량보유상황보고서(일반),허진규
20260804000276,20260804,코스닥,휴젤,145020,주식등의대량보유상황보고서(일반),아프로디테애퀴지션홀딩스엘엘씨
20260804000211,20260804,코스피,에스엠벡셀,010580,주식등의대량보유상황보고서(일반),에스엠하이플러스
20260804000166,20260804,코스닥,지엔씨에너지,119850,주식등의대량보유상황보고서(약식),KB자산운용
20260804000165,20260804,코스닥,코스메카코리아,241710,주식등의대량보유상황보고서(약식),KB자산운용
20260804000162,20260804,코스닥,글로본,019660,주식등의대량보유상황보고서(약식),김재연
20260804000159,20260804,코스닥,엑시콘,092870,주식등의대량보유상황보고서(일반),최명배
20260804000152,20260804,코스닥,디지틀조선,033130,주식등의대량보유상황보고서(일반),방상훈
20260804000149,20260804,코스닥,리가켐바이오,141080,주식등의대량보유상황보고서(일반),김용주
20260804000145,20260804,코스닥,졸스,018700,주식등의대량보유상황보고서(일반),지피클럽
20260804000143,20260804,코스피,프레스티지바이오파마,950210,주식등의대량보유상황보고서(일반),메이슨파트너스
20260804000139,20260804,코스닥,한중엔시에스,107640,주식등의대량보유상황보고서(일반),김상균
20260804000131,20260804,코스닥,누보,332290,주식등의대량보유상황보고서(일반),김창균
20260804000122,20260804,코스닥,제놀루션,225220,주식등의대량보유상황보고서(일반),김기옥
20260804000104,20260804,코스닥,뷰티스킨,406820,주식등의대량보유상황보고서(약식),라이프자산운용
20260804000098,20260804,코스닥,이엘피,063760,주식등의대량보유상황보고서(일반),이재혁
20260804000088,20260804,코스피,솔루엠,248070,주식등의대량보유상황보고서(일반),전성호
20260804000087,20260804,코스닥,부방,014470,주식등의대량보유상황보고서(일반),테크로스홀딩스
20260804000079,20260804,코스닥,우진엔텍,457550,주식등의대량보유상황보고서(일반),우진
20260804000047,20260804,코스닥,태광,023160,주식등의대량보유상황보고서(일반),대신인터내셔날
20260804000041,20260804,코스닥,져스텍,153890,주식등의대량보유상황보고서(일반),김용일
20260804000036,20260804,코스닥,KG이니시스,035600,주식등의대량보유상황보고서(일반),KG케미칼
20260804000035,20260804,코스피,SNT에너지,100840,주식등의대량보유상황보고서(일반),SNT홀딩스
20260804000034,20260804,코스피,블루산업개발,006740,주식등의대량보유상황보고서(일반),피엠에이조합
20260803000489,20260804,코스닥,인카금융서비스,211050,주식등의대량보유상황보고서(일반),최병채
20260803000486,20260803,코스닥,와이엠티,251370,주식등의대량보유상황보고서(일반),전성욱
20260803000484,20260803,코스닥,코나아이,052400,주식등의대량보유상황보고서(일반),조정일
20260803000481,20260803,코스닥,오스테오닉,226400,주식등의대량보유상황보고서(일반),이동원
20260803000480,20260803,코스닥,그리드위즈,453450,주식등의대량보유상황보고서(일반),김구환
20260803000476,20260803,코스피,카카오,035720,주식등의대량보유상황보고서(약식),BlackRockFundAdvisors
20260803000473,20260803,코스닥,유라클,088340,주식등의대량보유상황보고서(일반),조준희
20260803000463,20260803,코스닥,베뉴지,019010,주식등의대량보유상황보고서(일반),배진한
20260803000457,20260803,코스닥,대성창투,027830,주식등의대량보유상황보고서(일반),대성홀딩스
20260803000450,20260803,코스피,셀트리온,068270,주식등의대량보유상황보고서(약식),국민연금공단
20260803000433,20260803,코스피,현대로템,064350,주식등의대량보유상황보고서(약식),국민연금공단
20260803000431,20260803,코스피,LG화학,051910,주식등의대량보유상황보고서(약식),국민연금공단
20260803000428,20260803,코스피,SK텔레콤,017670,주식등의대량보유상황보고서(약식),국민연금공단
20260803000426,20260803,코스피,HJ중공업,097230,주식등의대량보유상황보고서(약식),국민연금공단
20260803000424,20260803,코스피,성창기업지주,000180,주식등의대량보유상황보고서(일반),정해린
20260803000422,20260803,코스피,미래산업,025560,주식등의대량보유상황보고서(약식),로아앤코홀딩스
20260803000410,20260803,코스닥,우림피티에스,101170,주식등의대량보유상황보고서(일반),한규석
20260803000398,20260803,코스닥,아스테라시스,450950,주식등의대량보유상황보고서(일반),서은택
20260803000387,20260803,코스닥,하이퍼코퍼레이션,065650,주식등의대량보유상황보고서(일반),제이케이(JK)신기술투자조합제12호
20260803000376,20260803,코스닥,올릭스,226950,주식등의대량보유상황보고서(약식),미래에셋자산운용
20260803000374,20260803,코스닥,엠케이전자,033160,주식등의대량보유상황보고서(약식),미래에셋자산운용
20260803000372,20260803,코스닥,아스플로,159010,주식등의대량보유상황보고서(약식),미래에셋자산운용
20260803000371,20260803,코스닥,네오티스,085910,주식등의대량보유상황보고서(약식),미래에셋자산운용
20260803000370,20260803,코스닥,ISC,095340,주식등의대량보유상황보고서(약식),미래에셋자산운용
20260803000368,20260803,코스닥,HPSP,403870,주식등의대량보유상황보고서(약식),미래에셋자산운용
20260803000367,20260803,코스피,DB하이텍,000990,주식등의대량보유상황보고서(약식),미래에셋자산운용
20260803000366,20260803,코스닥,원익IPS,240810,주식등의대량보유상황보고서(약식),미래에셋자산운용
20260803000365,20260803,코스닥,엘티씨,170920,주식등의대량보유상황보고서(약식),미래에셋자산운용
20260803000364,20260803,코스피,코오롱인더,120110,주식등의대량보유상황보고서(약식),미래에셋자산운용
20260803000363,20260803,코스피,맵스리얼티,094800,주식등의대량보유상황보고서(약식),미래에셋자산운용
20260803000362,20260803,코스닥,로보스타,090360,주식등의대량보유상황보고서(약식),미래에셋자산운용
20260803000361,20260803,코스피,한화리츠,451800,주식등의대량보유상황보고서(일반),미래에셋자산운용
20260803000359,20260803,코스닥,리노공업,058470,주식등의대량보유상황보고서(약식),미래에셋자산운용
20260803000358,20260803,코스닥,이오테크닉스,039030,주식등의대량보유상황보고서(약식),미래에셋자산운용
20260803000357,20260803,코스닥,주성엔지니어링,036930,주식등의대량보유상황보고서(약식),미래에셋자산운용
20260803000352,20260803,코스피,제주항공,089590,주식등의대량보유상황보고서(일반),AK홀딩스
20260803000350,20260803,코스피,애경케미칼,161000,주식등의대량보유상황보고서(일반),AK홀딩스
20260803000337,20260803,코스닥,희림,037440,주식등의대량보유상황보고서(일반),정영균
20260803000335,20260803,코스닥,유니테크노,241690,주식등의대량보유상황보고서(일반),이좌영
20260803000332,20260803,코스닥,소프트캠프,258790,주식등의대량보유상황보고서(일반),배환국
20260803000331,20260803,코스닥,제이에스링크,127120,주식등의대량보유상황보고서(일반),주성씨앤에어
20260803000315,20260803,코스피,한화,000880,주식등의대량보유상황보고서(일반),김승연
20260803000309,20260803,코스닥,엘앤케이바이오,156100,주식등의대량보유상황보고서(일반),강국진
20260803000306,20260803,코스피,롯데지주,004990,주식등의대량보유상황보고서(일반),신동빈
20260803000305,20260803,코스닥,네오뷰,0218L0,주식등의대량보유상황보고서(일반),하희조
20260803000299,20260803,코스피,신성이엔지,011930,주식등의대량보유상황보고서(일반),이완근
20260803000298,20260803,코스닥,디어유,376300,주식등의대량보유상황보고서(일반),JYP Ent.
20260803000291,20260803,코스피,롯데쇼핑,023530,주식등의대량보유상황보고서(일반),신동빈
20260803000289,20260803,코스닥,디어유,376300,주식등의대량보유상황보고서(일반),에스엠
20260803000287,20260803,코스닥,지엔씨에너지,119850,주식등의대량보유상황보고서(약식),브이아이피자산운용
20260803000283,20260803,코스닥,이노진,344860,주식등의대량보유상황보고서(일반),메타몰퍼시스
20260803000276,20260803,코스닥,앱튼,270520,주식등의대량보유상황보고서(약식),지피알(GPR)75조합
20260803000265,20260803,코스닥,링네트,042500,주식등의대량보유상황보고서(일반),이주석
20260803000264,20260803,코스닥,남화산업,111710,주식등의대량보유상황보고서(일반),최재훈
20260803000260,20260803,코스닥,링네트,042500,주식등의대량보유상황보고서(일반),링네트우리사주조합
20260803000240,20260803,코스피,화승인더스트리,006060,주식등의대량보유상황보고서(일반),원스카이
20260803000234,20260803,코스닥,태웅로직스,124560,주식등의대량보유상황보고서(일반),한재동
20260803000233,20260803,코스닥,인바디,041830,주식등의대량보유상황보고서(일반),차인준
20260803000230,20260803,코스피,화승인더스트리,006060,주식등의대량보유상황보고서(일반),현석호
20260803000229,20260803,코스닥,아이비젼웍스,469750,주식등의대량보유상황보고서(일반),길기재
20260803000225,20260803,코스닥,브이씨,365900,주식등의대량보유상황보고서(일반),김준오
20260803000210,20260803,코스닥,에스에스알,275630,주식등의대량보유상황보고서(일반),지란지교시큐리티
20260803000188,20260803,코스닥,청담글로벌,362320,주식등의대량보유상황보고서(일반),구상모
20260803000179,20260803,코스피,DN오토모티브,007340,주식등의대량보유상황보고서(일반),김상헌
20260803000174,20260803,코스닥,청담글로벌,362320,주식등의대량보유상황보고서(일반),최석주
20260803000157,20260803,코스닥,툴젠,199800,주식등의대량보유상황보고서(일반),제넥신
20260803000127,20260803,코스피,금강공업,014280,주식등의대량보유상황보고서(약식),한국주철관공업
20260803000121,20260803,코스닥,삼화네트웍스,046390,주식등의대량보유상황보고서(일반),신상윤
20260803000092,20260803,코스피,삼영,003720,주식등의대량보유상황보고서(일반),이석준
20260803000056,20260803,코스피,한화솔루션,009830,주식등의대량보유상황보고서(일반),한화
20260803000051,20260803,코스피,씨에스윈드,112610,주식등의대량보유상황보고서(일반),김성권
20260803000041,20260803,코스닥,에어레인,163280,주식등의대량보유상황보고서(일반),하성용
20260803000029,20260803,코스닥,바이오톡스텍,086040,주식등의대량보유상황보고서(일반),강종구
20260803000018,20260803,코스닥,웨이비스,289930,주식등의대량보유상황보고서(일반),김정곤
20260803000017,20260803,코스피,지누스,013890,주식등의대량보유상황보고서(약식),리빙모어
20260803000014,20260803,코스닥,휴마시스,205470,주식등의대량보유상황보고서(약식),이명헌
20260731000803,20260731,코스닥,덴티스,261200,주식등의대량보유상황보고서(일반),심기봉
20260731000792,20260731,코스닥,넥스턴앤롤코리아,089140,주식등의대량보유상황보고서(일반),로아앤코홀딩스
20260731000788,20260731,코스닥,아진산업,013310,주식등의대량보유상황보고서(일반),우신산업
20260731000780,20260731,코스닥,세종메디칼,258830,주식등의대량보유상황보고서(일반),비에스제이홀딩스
20260731000779,20260731,코스피,삼성전자,005930,주식등의대량보유상황보고서(일반),삼성물산
20260731000776,20260731,코스닥,플라즈맵,405000,주식등의대량보유상황보고서(일반),드림텍
20260731000774,20260731,코스닥,제이엘케이,322510,주식등의대량보유상황보고서(일반),김원태
20260731000770,20260731,코스피,부국증권,001270,주식등의대량보유상황보고서(일반),김중건
20260731000767,20260731,코스닥,서연탑메탈,019770,주식등의대량보유상황보고서(일반),서연
20260731000764,20260731,코스닥,옴니시스템,057540,주식등의대량보유상황보고서(일반),바이오스마트
20260731000749,20260731,코스닥,테크윙,089030,주식등의대량보유상황보고서(약식),ManulifeInvestmentManagement(HongKong)Limited
20260731000742,20260731,코스피,동서,026960,주식등의대량보유상황보고서(일반),김상헌
20260731000739,20260731,코스피,케이씨,029460,주식등의대량보유상황보고서(일반),고석태
20260731000731,20260731,코스닥,에이치브이엠,295310,주식등의대량보유상황보고서(일반),문승호
20260731000729,20260731,코스닥,모아라이프플러스,142760,주식등의대량보유상황보고서(일반),모아데이타
20260731000725,20260731,코스닥,GMI벤처,019570,주식등의대량보유상황보고서(약식),광무
20260731000717,20260731,코스닥,딥커머스,900110,주식등의대량보유상황보고서(일반),DING SHAOYING
20260731000714,20260731,코스피,HDC,012630,주식등의대량보유상황보고서(일반),정몽규
20260731000713,20260731,코스닥,제이에스링크,127120,주식등의대량보유상황보고서(일반),주성씨앤에어
20260731000707,20260731,코스피,에코프로머티,450080,주식등의대량보유상황보고서(일반),에코프로
20260731000697,20260731,코스피,주연테크,044380,주식등의대량보유상황보고서(일반),화평홀딩스
20260731000694,20260731,코스닥,모아데이타,288980,주식등의대량보유상황보고서(일반),한상진
20260731000688,20260731,코스닥,코오롱티슈진,950160,주식등의대량보유상황보고서(일반),코오롱
20260731000685,20260731,코스닥,케이이엠텍,106080,주식등의대량보유상황보고서(약식),상상인저축은행
20260731000684,20260731,코스피,SK디앤디,210980,주식등의대량보유상황보고서(일반),한앤코개발홀딩스
20260731000681,20260731,코스닥,에코프로,086520,주식등의대량보유상황보고서(일반),이동채
20260731000675,20260731,코스닥,서부T&D,006730,주식등의대량보유상황보고서(일반),엠와이에이치
20260731000672,20260731,코스닥,앱튼,270520,주식등의대량보유상황보고서(약식),엠제이홀딩컴퍼니
20260731000671,20260731,코스닥,우진비앤지,018620,주식등의대량보유상황보고서(일반),강재구
20260731000650,20260731,코스피,SNT홀딩스,036530,주식등의대량보유상황보고서(일반),최평규
20260731000647,20260731,코스피,AJ네트웍스,095570,주식등의대량보유상황보고서(일반),문덕영
20260731000644,20260731,코스피,코오롱,002020,주식등의대량보유상황보고서(일반),이웅열
20260731000638,20260731,코스피,이월드,084680,주식등의대량보유상황보고서(일반),이랜드월드
20260731000637,20260731,코스닥,올리패스,244460,주식등의대량보유상황보고서(약식),베이트리
20260731000635,20260731,코스피,한국토지신탁,034830,주식등의대량보유상황보고서(일반),엠케이인베스트먼트
20260731000632,20260731,코스닥,SGA솔루션즈,184230,[기재정정]주식등의대량보유상황보고서(약식),지브이에이자산운용
20260731000629,20260731,코스피,평화산업,090080,주식등의대량보유상황보고서(일반),평화홀딩스
20260731000619,20260731,코스닥,앱튼,270520,주식등의대량보유상황보고서(약식),유토피아 파트너스
20260731000615,20260731,코스피,두올,016740,주식등의대량보유상황보고서(일반),모트렉스이에프엠
20260731000608,20260731,코스닥,젬백스,082270,주식등의대량보유상황보고서(일반),젬앤컴퍼니
20260731000606,20260731,코스닥,에코글로우,159910,주식등의대량보유상황보고서(일반),더편한
20260731000605,20260731,코스닥,크레버스,096240,주식등의대량보유상황보고서(일반),김영화
20260731000603,20260731,코스피,프레스티지바이오파마,950210,주식등의대량보유상황보고서(일반),메이슨파트너스
20260731000600,20260731,코스닥,상아프론테크,089980,주식등의대량보유상황보고서(일반),이상원
20260731000586,20260731,코스닥,엠케이전자,033160,주식등의대량보유상황보고서(일반),오션비홀딩스
20260731000585,20260731,코스피,넷마블,251270,주식등의대량보유상황보고서(일반),방준혁
20260731000584,20260731,코스피,프레스티지바이오파마,950210,[기재정정]주식등의대량보유상황보고서(일반),메이슨파트너스
20260731000582,20260731,코스닥,바이넥스,053030,주식등의대량보유상황보고서(일반),더에이블
20260731000570,20260731,코스피,프레스티지바이오파마,950210,[기재정정]주식등의대량보유상황보고서(일반),메이슨파트너스
20260731000569,20260731,코스피,에이프로젠,007460,주식등의대량보유상황보고서(일반),지베이스
20260731000564,20260731,코스닥,아가방컴퍼니,013990,주식등의대량보유상황보고서(일반),랑시코리아
20260731000561,20260731,코스피,두올,016740,주식등의대량보유상황보고서(일반),프리미어성장전략엠앤에이사모투자
20260731000554,20260731,코스닥,리가켐바이오,141080,주식등의대량보유상황보고서(약식),한국산업은행
20260731000546,20260731,코스피,에이프로젠바이오로직스,003060,주식등의대량보유상황보고서(일반),에이프로젠
20260731000539,20260731,코스닥,앱튼,270520,주식등의대량보유상황보고서(일반),에이프로젠
20260731000531,20260731,코스피,두올,016740,주식등의대량보유상황보고서(일반),IHC
20260731000494,20260731,코스닥,큐로홀딩스,051780,주식등의대량보유상황보고서(일반),케이파트너스
20260731000480,20260731,코스닥,아스테라시스,450950,주식등의대량보유상황보고서(일반),서은택
20260731000470,20260731,코스닥,지에프씨생명과학,388610,주식등의대량보유상황보고서(일반),강희철
20260731000469,20260731,코스닥,아모텍,052710,주식등의대량보유상황보고서(일반),김병규
20260731000453,20260731,코스닥,글로벌에스엠,900070,주식등의대량보유상황보고서(일반),서울메탈홀딩스
20260731000415,20260731,코스닥,엔브이에이치코리아,067570,주식등의대량보유상황보고서(일반),구자겸
20260731000401,20260731,코스닥,모비데이즈,363260,주식등의대량보유상황보고서(일반),유범령
20260731000390,20260731,코스피,동양,001520,주식등의대량보유상황보고서(일반),유진기업
20260731000384,20260731,코스피,삼성바이오로직스,207940,주식등의대량보유상황보고서(약식),국민연금공단
20260731000382,20260731,코스피,두산에너빌리티,034020,주식등의대량보유상황보고서(약식),국민연금공단
20260731000379,20260731,코스닥,알엔티엑스,123010,주식등의대량보유상황보고서(일반),위드윈투자조합91호
20260731000377,20260731,코스피,고려아연,010130,주식등의대량보유상황보고서(약식),국민연금공단
20260731000365,20260731,코스피,케이씨씨,002380,주식등의대량보유상황보고서(약식),국민연금공단
20260731000343,20260731,코스닥,삼보산업,009620,주식등의대량보유상황보고서(일반),이태용
20260731000332,20260731,코스닥,영우디에스피,143540,주식등의대량보유상황보고서(일반),박금성
20260731000233,20260731,코스닥,부방,014470,주식등의대량보유상황보고서(일반),테크로스홀딩스
20260731000223,20260731,코스닥,일월지엠엘,178780,주식등의대량보유상황보고서(일반),일월
20260731000220,20260731,코스닥,한선엔지니어링,452280,주식등의대량보유상황보고서(일반),한국선재
20260731000191,20260731,코스피,에넥스,011090,주식등의대량보유상황보고서(일반),박진규
20260731000177,20260731,코스닥,선광,003100,주식등의대량보유상황보고서(일반),화인파트너스
20260731000162,20260731,코스닥,빅솔론,093190,주식등의대량보유상황보고서(일반),아이디스홀딩스
20260731000146,20260731,코스닥,힘스,238490,주식등의대량보유상황보고서(일반),김주환
20260731000134,20260731,코스닥,잉크테크,049550,주식등의대량보유상황보고서(약식),대솔아이엔티
20260731000133,20260731,코스닥,네오뷰,0218L0,주식등의대량보유상황보고서(약식),브이아이피자산운용
20260731000128,20260731,코스닥,토비스,051360,주식등의대량보유상황보고서(약식),브이아이피자산운용
20260731000126,20260731,코스닥,삼지전자,037460,주식등의대량보유상황보고서(약식),브이아이피자산운용
20260731000118,20260731,코스닥,링네트,042500,주식등의대량보유상황보고서(일반),이주석
20260731000112,20260731,코스피,대원전선,006340,주식등의대량보유상황보고서(일반),서명환
20260731000110,20260731,코스닥,에이전트AI,060900,주식등의대량보유상황보고서(일반),프라임밸류투자조합
20260731000105,20260731,코스닥,리센스메디컬,394420,주식등의대량보유상황보고서(약식),BNK투자증권
20260731000024,20260731,코스피,JW홀딩스,096760,주식등의대량보유상황보고서(일반),이경하
20260730000549,20260730,코스피,동방아그로,007590,주식등의대량보유상황보고서(일반),염병만
20260730000532,20260730,코스닥,엣지파운드리,105550,주식등의대량보유상황보고서(일반),에이아이코어비즈
20260730000527,20260730,코스닥,제이에스링크,127120,주식등의대량보유상황보고서(일반),주성씨앤에어
20260730000523,20260730,코스닥,리메드,302550,주식등의대량보유상황보고서(일반),이근용
20260730000509,20260730,코스닥,리드코프,012700,주식등의대량보유상황보고서(일반),디케이마린
20260730000501,20260730,코스닥,선광,003100,[기재정정]주식등의대량보유상황보고서(일반),심충식
20260730000500,20260730,코스닥,폰드그룹,472850,주식등의대량보유상황보고서(일반),대명화학
20260730000489,20260730,코스피,부국증권,001270,[기재정정]주식등의대량보유상황보고서(일반),김중건
20260730000485,20260730,코스피,삼부토건,001470,주식등의대량보유상황보고서(일반),리빌드삼부홀딩스
20260730000478,20260730,코스피,대신증권,003540,주식등의대량보유상황보고서(일반),양홍석
20260730000476,20260730,코스닥,링네트,042500,주식등의대량보유상황보고서(일반),링네트우리사주조합
20260730000453,20260730,코스닥,뷰티스킨,406820,주식등의대량보유상황보고서(약식),수성자산운용
20260730000443,20260730,코스닥,알톤,123750,주식등의대량보유상황보고서(일반),이녹스
20260730000439,20260730,코스닥,차이커뮤니케이션,351870,주식등의대량보유상황보고서(일반),최영섭
20260730000438,20260730,코스닥,네오티스,085910,주식등의대량보유상황보고서(일반),권은영
20260730000436,20260730,코스닥,코퍼스코리아,322780,주식등의대량보유상황보고서(일반),아티스트스튜디오
20260730000424,20260730,코스피,동국홀딩스,001230,주식등의대량보유상황보고서(일반),장세주
20260730000417,20260730,코스피,한국제지,027970,주식등의대량보유상황보고서(일반),해성산업
20260730000416,20260730,코스닥,이노뎁,303530,주식등의대량보유상황보고서(일반),이성진
20260730000409,20260730,코스닥,오에스피,368970,주식등의대량보유상황보고서(약식),수성자산운용
20260730000405,20260730,코스닥,엑셈,205100,주식등의대량보유상황보고서(일반),조종암
20260730000387,20260730,코스닥,우림피티에스,101170,주식등의대량보유상황보고서(일반),한규석
20260730000380,20260730,코스닥,플라즈맵,405000,주식등의대량보유상황보고서(일반),드림텍
20260730000377,20260730,코스닥,SGA솔루션즈,184230,주식등의대량보유상황보고서(약식),지브이에이자산운용
20260730000374,20260730,코스닥,아이디스,143160,주식등의대량보유상황보고서(일반),아이디스홀딩스
20260730000363,20260730,코스닥,선광,003100,주식등의대량보유상황보고서(일반),심충식
20260730000352,20260730,코스닥,에이치엘지노믹스,0156T0,주식등의대량보유상황보고서(일반),한림제약
20260730000301,20260730,코스피,유니켐,011330,주식등의대량보유상황보고서(일반),제이에이치사람들
20260730000277,20260730,코스피,대한해운,005880,주식등의대량보유상황보고서(일반),에스엠상선
20260730000265,20260730,코스닥,케이엠제약,225430,주식등의대량보유상황보고서(일반),강일모
20260730000242,20260730,코스닥,에스에이티,060540,주식등의대량보유상황보고서(일반),에프넷
20260730000229,20260730,코스닥,인산가,277410,주식등의대량보유상황보고서(약식),엔에이치헤지자산운용
20260730000221,20260730,코스피,일양약품,007570,주식등의대량보유상황보고서(일반),정도언
20260730000195,20260730,코스닥,국보디자인,066620,주식등의대량보유상황보고서(약식),박영옥
20260730000194,20260730,코스닥,한중엔시에스,107640,주식등의대량보유상황보고서(일반),김상균
20260730000185,20260730,코스닥,인피니트헬스케어,071200,주식등의대량보유상황보고서(약식),MiriCapitalManagementLLC
20260730000179,20260730,코스닥,제이케이시냅스,060230,주식등의대량보유상황보고서(일반),엠에이치테크
20260730000099,20260730,코스피,케이티,030200,주식등의대량보유상황보고서(약식),WellingtonManagementCompanyLLP
20260730000078,20260730,코스닥,아이텍,119830,주식등의대량보유상황보고서(일반),최현식
20260730000030,20260730,코스닥,닷밀,464580,주식등의대량보유상황보고서(일반),정해운
20260729000533,20260730,코스닥,세중,039310,주식등의대량보유상황보고서(일반),천세전
20260729000528,20260729,코스닥,에코프로에이치엔,383310,주식등의대량보유상황보고서(일반),에코프로
20260729000527,20260729,코스닥,성호전자,043260,주식등의대량보유상황보고서(일반),서룡전자
20260729000525,20260729,코스닥,그린생명과학,114450,주식등의대량보유상황보고서(일반),관악상사
20260729000516,20260729,코스닥,한컴위드,054920,주식등의대량보유상황보고서(일반),김상철
20260729000496,20260729,코스닥,인선이엔티,060150,주식등의대량보유상황보고서(일반),아이에스동서
20260729000484,20260729,코스피,한솔테크닉스,004710,주식등의대량보유상황보고서(일반),한솔홀딩스
20260729000481,20260729,코스닥,지엘팜텍,204840,주식등의대량보유상황보고서(일반),더블유사이언스
20260729000452,20260729,코스닥,우리기술투자,041190,주식등의대량보유상황보고서(일반),이완근
20260729000448,20260729,코스닥,딥커머스,900110,주식등의대량보유상황보고서(일반),DING SHAOYING
20260729000445,20260729,코스피,한국특강,007280,주식등의대량보유상황보고서(일반),매직홀딩스
20260729000444,20260729,코스닥,파라텍,033540,주식등의대량보유상황보고서(일반),휴림인프라투자조합
20260729000440,20260729,코스닥,클로봇,466100,주식등의대량보유상황보고서(일반),김창구
20260729000436,20260729,코스닥,노을,376930,주식등의대량보유상황보고서(일반),"MSEED,INC."
20260729000429,20260729,코스피,코아스,071950,주식등의대량보유상황보고서(약식),제이케이(JK)신기술투자조합 제24호
20260729000427,20260729,코스피,산일전기,062040,주식등의대량보유상황보고서(일반),박동석
20260729000408,20260729,코스피,평화산업,090080,주식등의대량보유상황보고서(일반),평화홀딩스
20260729000406,20260729,코스피,한국공항,005430,주식등의대량보유상황보고서(약식),"DALTONINVESTMENTS,INC."
20260729000401,20260729,코스닥,데이원컴퍼니,373160,주식등의대량보유상황보고서(일반),패스트파이브
20260729000381,20260729,코스닥,국영지앤엠,006050,주식등의대량보유상황보고서(일반),최재원
20260729000369,20260729,코스피,쏘카,403550,주식등의대량보유상황보고서(일반),에스오큐알아이
20260729000361,20260729,코스닥,유아이디,069330,주식등의대량보유상황보고서(일반),박종수
20260729000344,20260729,코스닥,인산가,277410,주식등의대량보유상황보고서(일반),김윤세
20260729000337,20260729,코스닥,인텔리안테크,189300,주식등의대량보유상황보고서(일반),성상엽
20260729000311,20260729,코스닥,케이씨피드,025880,주식등의대량보유상황보고서(일반),정한식
20260729000299,20260729,코스피,두올,016740,주식등의대량보유상황보고서(일반),IHC
20260729000273,20260729,코스닥,케이옥션,102370,주식등의대량보유상황보고서(일반),티에이어드바이저
20260729000270,20260729,코스닥,자연과환경,043910,주식등의대량보유상황보고서(일반),데이터테크놀로지
20260729000261,20260729,코스닥,케어젠,214370,주식등의대량보유상황보고서(일반),정용지
20260729000254,20260729,코스피,신성이엔지,011930,주식등의대량보유상황보고서(약식),J.P.MORGANSECURITIESPLC
20260729000234,20260729,코스닥,오텍,067170,주식등의대량보유상황보고서(일반),강성희
20260729000232,20260729,코스닥,서진오토모티브,122690,주식등의대량보유상황보고서(일반),배석두
20260729000206,20260729,코스닥,코퍼스코리아,322780,주식등의대량보유상황보고서(일반),스토리아크스튜디오
20260729000187,20260729,코스피,에스엠벡셀,010580,주식등의대량보유상황보고서(일반),에스엠하이플러스
20260729000183,20260729,코스닥,코퍼스코리아,322780,주식등의대량보유상황보고서(약식),빅터그로스파트너스조합
20260729000166,20260729,코스피,극동유화,014530,주식등의대량보유상황보고서(일반),장선우
20260729000110,20260729,코스닥,바이오톡스텍,086040,주식등의대량보유상황보고서(일반),강종구
20260729000102,20260729,코스닥,엠브레인,169330,주식등의대량보유상황보고서(일반),"MACROMILL,INC."
20260729000086,20260729,코스닥,에스투더블유,488280,[기재정정]주식등의대량보유상황보고서(일반),서상덕
20260729000078,20260729,코스닥,RF머트리얼즈,327260,주식등의대량보유상황보고서(일반),RFHIC
20260729000062,20260729,코스닥,RF머트리얼즈,327260,주식등의대량보유상황보고서(일반),한기우
20260729000050,20260729,코스닥,리노공업,058470,주식등의대량보유상황보고서(약식),J.P.MORGANSECURITIESPLC
20260729000045,20260729,코스닥,진영,285800,주식등의대량보유상황보고서(일반),심영수
20260729000006,20260729,코스닥,엔젠바이오,354200,주식등의대량보유상황보고서(일반),에스에이치헬스케어투자1호조합
20260729000004,20260729,코스닥,한중엔시에스,107640,주식등의대량보유상황보고서(일반),김상균
20260728000499,20260729,코스닥,신테카바이오,226330,주식등의대량보유상황보고서(일반),정종선
20260728000490,20260728,코스닥,에쎈테크,043340,주식등의대량보유상황보고서(일반),대창
20260728000476,20260728,코스닥,콜마비앤에이치,200130,주식등의대량보유상황보고서(일반),콜마홀딩스
20260728000470,20260728,코스피,콜마홀딩스,024720,주식등의대량보유상황보고서(일반),윤상현
20260728000468,20260728,코스피,부국증권,001270,주식등의대량보유상황보고서(일반),김중건
20260728000466,20260728,코스닥,소프트센,032680,주식등의대량보유상황보고서(일반),홍콩셩다국제유한공사
20260728000465,20260728,코스닥,푸드나무,290720,주식등의대량보유상황보고서(일반),김우주
20260728000458,20260728,코스닥,코오롱티슈진,950160,주식등의대량보유상황보고서(일반),코오롱
20260728000450,20260728,코스닥,뉴인텍,012340,주식등의대량보유상황보고서(일반),장기수
20260728000447,20260728,코스피,에어부산,298690,주식등의대량보유상황보고서(약식),우양산업개발
20260728000446,20260728,코스닥,꿈비,407400,주식등의대량보유상황보고서(일반),박영건
20260728000438,20260728,코스닥,에이루트,096690,주식등의대량보유상황보고서(일반),최정임
20260728000435,20260728,코스피,한창제지,009460,주식등의대량보유상황보고서(일반),김승한
20260728000433,20260728,코스닥,신진에스엠,138070,주식등의대량보유상황보고서(일반),김은식
20260728000428,20260728,코스닥,LB세미콘,061970,주식등의대량보유상황보고서(약식),"LAPISSemiconductorCo.,Ltd."
20260728000426,20260728,코스닥,에코글로우,159910,주식등의대량보유상황보고서(일반),크리스밸류
20260728000412,20260728,코스닥,신화프리텍,095190,주식등의대량보유상황보고서(일반),신화정공
20260728000398,20260728,코스닥,에코글로우,159910,주식등의대량보유상황보고서(일반),더편한
20260728000397,20260728,코스피,휴니드테크놀러지스,005870,주식등의대량보유상황보고서(일반),김유진
20260728000396,20260728,코스닥,위즈코프,038620,주식등의대량보유상황보고서(일반),정승환
20260728000388,20260728,코스닥,애니플러스,310200,주식등의대량보유상황보고서(일반),제이제이미디어웍스
20260728000373,20260728,코스피,우신시스템,017370,주식등의대량보유상황보고서(일반),허우영
20260728000370,20260728,코스피,미스토홀딩스,081660,주식등의대량보유상황보고서(일반),피에몬테
20260728000363,20260728,코스닥,파인엠텍,441270,주식등의대량보유상황보고서(일반),홍성천
20260728000356,20260728,코스닥,전진바이오팜,110020,주식등의대량보유상황보고서(일반),이태훈
20260728000349,20260728,코스닥,한양이엔지,045100,[기재정정]주식등의대량보유상황보고서(일반),김윤상
20260728000343,20260728,코스닥,LB세미콘,061970,주식등의대량보유상황보고서(약식),타이거자산운용투자일임
20260728000327,20260728,코스피,금호에이치티,214330,[기재정정]주식등의대량보유상황보고서(일반),에코볼트
20260728000322,20260728,코스닥,엠브레인,169330,[기재정정]주식등의대량보유상황보고서(일반),"MACROMILL,INC."
20260728000320,20260728,코스피,금호에이치티,214330,[기재정정]주식등의대량보유상황보고서(일반),에코볼트
20260728000316,20260728,코스피,금호에이치티,214330,[기재정정]주식등의대량보유상황보고서(일반),에코볼트
20260728000314,20260728,코스피,금호에이치티,214330,[기재정정]주식등의대량보유상황보고서(일반),에코볼트
20260728000308,20260728,코스닥,엠브레인,169330,[기재정정]주식등의대량보유상황보고서(일반),"MACROMILL,INC."
20260728000281,20260728,코스닥,한양디지텍,078350,주식등의대량보유상황보고서(일반),김윤상
20260728000277,20260728,코스피,달바글로벌,483650,주식등의대량보유상황보고서(약식),FILLIMITED
20260728000262,20260728,코스닥,유아이디,069330,[기재정정]주식등의대량보유상황보고서(일반),박종수
20260728000247,20260728,코스닥,에스엠씨지,460870,주식등의대량보유상황보고서(일반),최승호
20260728000233,20260728,코스닥,한양이엔지,045100,주식등의대량보유상황보고서(일반),김윤상
20260728000231,20260728,코스닥,비나텍,126340,주식등의대량보유상황보고서(일반),성도경
20260728000224,20260728,코스닥,윈하이텍,192390,주식등의대량보유상황보고서(일반),송규정
20260728000219,20260728,코스닥,성광벤드,014620,주식등의대량보유상황보고서(일반),안재일
20260728000203,20260728,코스닥,바이브컴퍼니,301300,주식등의대량보유상황보고서(약식),원자산운용
20260728000193,20260728,코스닥,한국알콜,017890,주식등의대량보유상황보고서(약식),MiriCapitalManagementLLC
20260728000142,20260728,코스닥,디지아이,043360,주식등의대량보유상황보고서(약식),최해주
20260728000141,20260728,코스닥,디지아이,043360,주식등의대량보유상황보고서(약식),최해주
20260728000140,20260728,코스닥,디지아이,043360,주식등의대량보유상황보고서(약식),최해주
20260728000139,20260728,코스닥,디지아이,043360,주식등의대량보유상황보고서(약식),최해주
20260728000083,20260728,코스닥,케이지에이,455180,주식등의대량보유상황보고서(약식),이승균
20260728000045,20260728,코스닥,웹스,196700,주식등의대량보유상황보고서(일반),이재춘
20260728000033,20260728,코스닥,로젠,033290,주식등의대량보유상황보고서(일반),대명화학
20260728000025,20260728,코스닥,씨앤투스,352700,주식등의대량보유상황보고서(일반),하춘욱
20260727000406,20260728,코스닥,덴티스,261200,주식등의대량보유상황보고서(일반),심기봉
20260727000389,20260727,코스닥,아이윈,090150,주식등의대량보유상황보고서(일반),신규진
20260727000388,20260727,코스닥,유니테크노,241690,주식등의대량보유상황보고서(일반),이좌영
20260727000385,20260727,코스닥,에스엠씨지,460870,주식등의대량보유상황보고서(일반),최승호
20260727000379,20260727,코스닥,핑거,163730,주식등의대량보유상황보고서(일반),서룡전자
20260727000375,20260727,코스닥,센서뷰,321370,주식등의대량보유상황보고서(일반),김병남
20260727000371,20260727,코스닥,인베니아,079950,주식등의대량보유상황보고서(일반),구자준
20260727000363,20260727,코스닥,제이케이시냅스,060230,주식등의대량보유상황보고서(일반),휴림로봇
20260727000353,20260727,코스닥,아톤,158430,주식등의대량보유상황보고서(일반),김종서
20260727000351,20260727,코스피,제주항공,089590,주식등의대량보유상황보고서(일반),AK홀딩스
20260727000350,20260727,코스피,애경케미칼,161000,주식등의대량보유상황보고서(일반),AK홀딩스
20260727000340,20260727,코스닥,스맥,099440,주식등의대량보유상황보고서(일반),SNT홀딩스
20260727000332,20260727,코스닥,엔지켐생명과학,183490,주식등의대량보유상황보고서(일반),브리짓라이프사이언스
20260727000314,20260727,코스닥,HC보광산업,225530,주식등의대량보유상황보고서(일반),HC홈센타
20260727000309,20260727,코스닥,HC홈센타,060560,주식등의대량보유상황보고서(일반),에이치씨파트너스
20260727000304,20260727,코스피,한국항공우주,047810,주식등의대량보유상황보고서(약식),피델리티매니지먼트앤리서치컴퍼니엘엘씨
20260727000303,20260727,코스닥,소프트캠프,258790,주식등의대량보유상황보고서(일반),배환국
20260727000284,20260727,코스닥,토박스코리아,215480,주식등의대량보유상황보고서(일반),꿈비
20260727000282,20260727,코스닥,동구바이오제약,006620,주식등의대량보유상황보고서(일반),조용준
20260727000271,20260727,코스닥,엠투엔,033310,주식등의대량보유상황보고서(일반),디케이마린
20260727000264,20260727,코스닥,토박스코리아,215480,주식등의대량보유상황보고서(일반),이선근
20260727000263,20260727,코스닥,신성델타테크,065350,주식등의대량보유상황보고서(일반),구본상
20260727000248,20260727,코스닥,큐리언트,115180,주식등의대량보유상황보고서(일반),유암코키스톤구조혁신기업재무안정사모투자
20260727000243,20260727,코스닥,에스에스알,275630,주식등의대량보유상황보고서(일반),지란지교시큐리티
20260727000234,20260727,코스닥,한국비티비,219750,주식등의대량보유상황보고서(일반),한국비엔씨
20260727000230,20260727,코스닥,옴니시스템,057540,주식등의대량보유상황보고서(일반),바이오스마트
20260727000224,20260727,코스닥,비큐AI,148780,주식등의대량보유상황보고서(일반),임경환
20260727000220,20260727,코스닥,핑거스토리,417180,주식등의대량보유상황보고서(일반),문양근
20260727000205,20260727,코스닥,슈어소프트테크,298830,주식등의대량보유상황보고서(일반),배현섭
20260727000181,20260727,코스닥,픽셀플러스,087600,주식등의대량보유상황보고서(일반),이서규
20260727000179,20260727,코스닥,솔브레인,357780,주식등의대량보유상황보고서(일반),정지완
20260727000139,20260727,코스닥,한국큐빅,021650,주식등의대량보유상황보고서(일반),삼영무역
20260727000122,20260727,코스닥,한국피아이엠,448900,주식등의대량보유상황보고서(약식),아이비케이에스-엔에이치 로봇 소부장 신기술투자조합
20260727000098,20260727,코스닥,닷밀,464580,주식등의대량보유상황보고서(일반),정해운
20260727000084,20260727,코스피,HS애드,035000,주식등의대량보유상황보고서(일반),카벤디쉬스퀘어홀딩비.브이.
20260727000075,20260727,코스닥,아크릴,0007C0,주식등의대량보유상황보고서(일반),박외진
20260727000046,20260727,코스닥,미코,059090,주식등의대량보유상황보고서(약식),MiriCapitalManagementLLC
20260727000017,20260727,코스닥,아이텍,119830,주식등의대량보유상황보고서(일반),최현식
20260727000009,20260727,코스피,한국항공우주,047810,주식등의대량보유상황보고서(일반),한화에어로스페이스
20260724000659,20260724,코스닥,강동씨앤엘,198440,주식등의대량보유상황보고서(일반),강대완
20260724000651,20260724,코스피,두산밥캣,241560,주식등의대량보유상황보고서(일반),두산에너빌리티
20260724000640,20260724,코스닥,더네이쳐홀딩스,298540,주식등의대량보유상황보고서(약식),박영옥
20260724000637,20260724,코스닥,폴라리스AI파마,041910,주식등의대량보유상황보고서(일반),폴라리스오피스
20260724000628,20260724,코스피,HDC,012630,주식등의대량보유상황보고서(일반),정몽규
20260724000625,20260724,코스피,삼성전자,005930,주식등의대량보유상황보고서(일반),삼성물산
20260724000623,20260724,코스닥,세종텔레콤,036630,주식등의대량보유상황보고서(일반),세종
20260724000621,20260724,코스닥,폰드그룹,472850,주식등의대량보유상황보고서(일반),대명화학
20260724000612,20260724,코스닥,리가켐바이오,141080,주식등의대량보유상황보고서(일반),PANORIONCORP.LIMITED
20260724000611,20260724,코스닥,앤디포스,238090,주식등의대량보유상황보고서(약식),제브라자산운용
20260724000604,20260724,코스피,삼성생명,032830,주식등의대량보유상황보고서(일반),삼성물산
20260724000602,20260724,코스피,까뮤이앤씨,013700,주식등의대량보유상황보고서(일반),베이스
20260724000586,20260724,코스닥,한국파마,032300,주식등의대량보유상황보고서(일반),박은희
20260724000578,20260724,코스피,롯데관광개발,032350,주식등의대량보유상황보고서(일반),김기병
20260724000576,20260724,코스닥,킵스파마,256940,주식등의대량보유상황보고서(일반),둠밈
20260724000566,20260724,코스닥,한양디지텍,078350,주식등의대량보유상황보고서(일반),김윤상
20260724000562,20260724,코스닥,인티큐브,070590,주식등의대량보유상황보고서(일반),플레이버스
20260724000536,20260724,코스닥,우림피티에스,101170,주식등의대량보유상황보고서(일반),한규석
20260724000530,20260724,코스닥,한양디지텍,078350,주식등의대량보유상황보고서(일반),김형육
20260724000521,20260724,코스닥,와이엠티,251370,주식등의대량보유상황보고서(일반),전성욱
20260724000518,20260724,코스닥,아스플로,159010,주식등의대량보유상황보고서(약식),미래에셋자산운용
20260724000515,20260724,코스피,한국토지신탁,034830,주식등의대량보유상황보고서(일반),엠케이인베스트먼트
20260724000504,20260724,코스닥,바이오에프디엔씨,251120,주식등의대량보유상황보고서(일반),모상현
20260724000498,20260724,코스닥,파커스,065690,주식등의대량보유상황보고서(일반),박창식
20260724000493,20260724,코스닥,엠케이전자,033160,주식등의대량보유상황보고서(일반),오션비홀딩스
20260724000482,20260724,코스피,엘브이엠씨,900140,주식등의대량보유상황보고서(일반),오세영
20260724000474,20260724,코스닥,국전,307750,주식등의대량보유상황보고서(일반),홍종호
20260724000471,20260724,코스닥,큐리언트,115180,주식등의대량보유상황보고서(일반),동구바이오제약
20260724000461,20260724,코스닥,조이시티,067000,주식등의대량보유상황보고서(일반),엔드림
20260724000444,20260724,코스닥,바이넥스,053030,주식등의대량보유상황보고서(일반),더에이블
20260724000431,20260724,코스피,이수화학,005950,주식등의대량보유상황보고서(일반),이수
20260724000428,20260724,코스닥,아가방컴퍼니,013990,주식등의대량보유상황보고서(일반),랑시코리아
20260724000422,20260724,코스피,해태제과식품,101530,주식등의대량보유상황보고서(일반),크라운해태홀딩스
20260724000419,20260724,코스피,이수스페셜티케미컬,457190,주식등의대량보유상황보고서(일반),이수
20260724000414,20260724,코스피,에이프로젠,007460,주식등의대량보유상황보고서(일반),지베이스
20260724000413,20260724,코스피,현대백화점,069960,주식등의대량보유상황보고서(약식),브이아이피자산운용
20260724000384,20260724,코스피,한솔홀딩스,004150,주식등의대량보유상황보고서(일반),조동길
20260724000383,20260724,코스닥,PS일렉트로닉스,332570,주식등의대량보유상황보고서(일반),유대규
20260724000374,20260724,코스닥,플라즈맵,405000,주식등의대량보유상황보고서(약식),키움증권
20260724000370,20260724,코스닥,지엔코,065060,주식등의대량보유상황보고서(일반),크레오에스지
20260724000366,20260724,코스닥,아모그린텍,125210,주식등의대량보유상황보고서(일반),김병규
20260724000334,20260724,코스닥,한중엔시에스,107640,주식등의대량보유상황보고서(일반),김상균
20260724000324,20260724,코스닥,에이프릴바이오,397030,주식등의대량보유상황보고서(일반),차상훈
20260724000275,20260724,코스닥,가비아,079940,[기재정정]주식등의대량보유상황보고서(일반),김홍국
20260724000197,20260724,코스닥,성원에너텍,340930,주식등의대량보유상황보고서(일반),유일에너테크소액주주연대
20260724000195,20260724,코스닥,영우디에스피,143540,주식등의대량보유상황보고서(일반),박금성
20260724000191,20260724,코스닥,부방,014470,주식등의대량보유상황보고서(일반),테크로스홀딩스
20260724000187,20260724,코스닥,와이엠,007530,주식등의대량보유상황보고서(일반),선지영
20260724000180,20260724,코스닥,플레이위드,023770,주식등의대량보유상황보고서(일반),드림아크코리아
20260724000171,20260724,코스피,LG이노텍,011070,주식등의대량보유상황보고서(일반),LG전자
20260724000164,20260724,코스닥,GST,083450,주식등의대량보유상황보고서(일반),김덕준
20260724000118,20260724,코스닥,신화프리텍,095190,주식등의대량보유상황보고서(일반),신화정공
20260724000043,20260724,코스피,아진전자부품,009320,주식등의대량보유상황보고서(약식),아진카인텍
20260724000021,20260724,코스피,삼립,005610,주식등의대량보유상황보고서(일반),상미당홀딩스
20260724000014,20260724,코스닥,앱튼,270520,주식등의대량보유상황보고서(일반),에스디에스홀딩스
20260723000654,20260723,코스닥,알엔투테크놀로지,148250,주식등의대량보유상황보고서(일반),크로스1호조합
20260723000649,20260723,코스닥,이수앱지스,086890,[기재정정]주식등의대량보유상황보고서(일반),이수화학
20260723000647,20260723,코스닥,세중,039310,주식등의대량보유상황보고서(일반),천세전
20260723000646,20260723,코스닥,에스트래픽,234300,주식등의대량보유상황보고서(일반),문찬종
20260723000642,20260723,코스닥,다보링크,340360,주식등의대량보유상황보고서(일반),테라사이언스
20260723000641,20260723,코스닥,LB세미콘,061970,주식등의대량보유상황보고서(일반),구본천
20260723000612,20260723,코스닥,가비아,079940,주식등의대량보유상황보고서(일반),김홍국
20260723000608,20260723,코스피,한화,000880,[기재정정]주식등의대량보유상황보고서(일반),김승연
20260723000605,20260723,코스닥,카페24,042000,주식등의대량보유상황보고서(일반),우창균
20260723000603,20260723,코스닥,하이퍼코퍼레이션,065650,주식등의대량보유상황보고서(일반),제이케이(JK)신기술투자조합제12호
20260723000556,20260723,코스닥,아시아종묘,154030,주식등의대량보유상황보고서(일반),류재환
20260723000539,20260723,코스닥,앱튼,270520,주식등의대량보유상황보고서(일반),에이프로젠
20260723000537,20260723,코스피,SK네트웍스,001740,주식등의대량보유상황보고서(일반),SK
20260723000532,20260723,코스피,에이프로젠바이오로직스,003060,주식등의대량보유상황보고서(일반),에이프로젠
20260723000527,20260723,코스피,일성아이에스,003120,주식등의대량보유상황보고서(일반),윤석근
20260723000516,20260723,코스닥,삼천당제약,000250,주식등의대량보유상황보고서(일반),윤대인
20260723000513,20260723,코스닥,하이딥,365590,주식등의대량보유상황보고서(일반),고범규
20260723000502,20260723,코스피,세진중공업,075580,주식등의대량보유상황보고서(일반),윤지원
20260723000501,20260723,코스피,한세엠케이,069640,주식등의대량보유상황보고서(일반),한세예스24홀딩스
20260723000492,20260723,코스닥,티엘비,356860,주식등의대량보유상황보고서(일반),백성현
20260723000491,20260723,코스닥,에스엠씨지,460870,[기재정정]주식등의대량보유상황보고서(일반),최승호
20260723000488,20260723,코스닥,크레버스,096240,주식등의대량보유상황보고서(일반),김영화
20260723000481,20260723,코스닥,에스엠씨지,460870,[기재정정]주식등의대량보유상황보고서(일반),최승호
20260723000480,20260723,코스피,금호전기,001210,주식등의대량보유상황보고서(일반),신주홀딩스
20260723000439,20260723,코스닥,넥스턴앤롤코리아,089140,주식등의대량보유상황보고서(일반),로아앤코홀딩스
20260723000436,20260723,코스닥,고영,098460,주식등의대량보유상황보고서(일반),고영홀딩스
20260723000431,20260723,코스닥,하나기술,299030,주식등의대량보유상황보고서(일반),오태봉
20260723000429,20260723,코스닥,유티아이,179900,주식등의대량보유상황보고서(일반),세븐브릿지제6호유니크글래스사모투자
20260723000428,20260723,코스피,신세계푸드,031440,주식등의대량보유상황보고서(일반),이마트
20260723000426,20260723,코스닥,파인디지털,038950,주식등의대량보유상황보고서(약식),한세희
20260723000422,20260723,코스피,한화,000880,주식등의대량보유상황보고서(일반),김승연
20260723000410,20260723,코스닥,SFA,056190,주식등의대량보유상황보고서(약식),베어링자산운용
20260723000400,20260723,코스닥,나인테크,267320,주식등의대량보유상황보고서(일반),박근노
20260723000397,20260723,코스피,휴니드테크놀러지스,005870,주식등의대량보유상황보고서(일반),김유진
20260723000391,20260723,코스닥,더네이쳐홀딩스,298540,주식등의대량보유상황보고서(일반),박영준
20260723000356,20260723,코스피,오리엔트바이오,002630,주식등의대량보유상황보고서(일반),오리엔트
20260723000352,20260723,코스닥,희림,037440,주식등의대량보유상황보고서(일반),정영균
20260723000331,20260723,코스닥,리더스코스메틱,016100,주식등의대량보유상황보고서(일반),김진구
20260723000322,20260723,코스닥,오스코텍,039200,주식등의대량보유상황보고서(일반),김성연
20260723000303,20260723,코스닥,지에프씨생명과학,388610,주식등의대량보유상황보고서(일반),강희철
20260723000252,20260723,코스닥,아모텍,052710,주식등의대량보유상황보고서(일반),김병규
20260723000207,20260723,코스닥,손오공,066910,주식등의대량보유상황보고서(일반),에이치케이모빌리티컴퍼니
20260723000174,20260723,코스피,에스엠벡셀,010580,주식등의대량보유상황보고서(일반),에스엠하이플러스
20260723000168,20260723,코스닥,큐로셀,372320,주식등의대량보유상황보고서(일반),김건수
20260723000132,20260723,코스닥,유니셈,036200,주식등의대량보유상황보고서(약식),FILLIMITED
20260723000129,20260723,코스닥,케이웨더,068100,주식등의대량보유상황보고서(일반),웰비안파트너스
20260723000120,20260723,코스닥,ISC,095340,주식등의대량보유상황보고서(약식),GICPrivateLimited
20260723000112,20260723,코스닥,잉크테크,049550,주식등의대량보유상황보고서(일반),김정돈
20260723000104,20260723,코스닥,와이바이오로직스,338840,주식등의대량보유상황보고서(일반),박영우
20260723000089,20260723,코스닥,팅크웨어,084730,주식등의대량보유상황보고서(일반),유비벨록스
20260723000075,20260723,코스닥,딥커머스,900110,주식등의대량보유상황보고서(일반),DING SHAOYING
20260723000042,20260723,코스닥,엑스페릭스,317770,주식등의대량보유상황보고서(일반),윤상철
20260722000561,20260722,코스닥,큐로셀,372320,주식등의대량보유상황보고서(일반),김건수
20260722000555,20260722,코스닥,한울앤제주,276730,주식등의대량보유상황보고서(약식),그린스트리트
20260722000549,20260722,코스닥,이수앱지스,086890,주식등의대량보유상황보고서(일반),이수화학
20260722000548,20260722,코스피,두산밥캣,241560,주식등의대량보유상황보고서(일반),두산에너빌리티
20260722000539,20260722,코스닥,엑시온그룹,069920,주식등의대량보유상황보고서(일반),뉴퍼시픽투자조합
20260722000535,20260722,코스닥,HLB제약,047920,주식등의대량보유상황보고서(일반),HLB생명과학
20260722000527,20260722,코스닥,엑시온그룹,069920,주식등의대량보유상황보고서(일반),이노파이안
20260722000521,20260722,코스피,광동제약,009290,주식등의대량보유상황보고서(일반),최성원
20260722000515,20260722,코스피,부국증권,001270,주식등의대량보유상황보고서(일반),김중건
20260722000484,20260722,코스닥,썸에이지,208640,주식등의대량보유상황보고서(일반),네시삼십삼분
20260722000483,20260722,코스피,디와이에이,002880,[기재정정]주식등의대량보유상황보고서(일반),영일이
20260722000482,20260722,코스닥,페니트리움바이오,187660,주식등의대량보유상황보고서(일반),현대바이오
20260722000471,20260722,코스피,엘앤에프,066970,주식등의대량보유상황보고서(일반),새로닉스
20260722000464,20260722,코스닥,오에스피,368970,주식등의대량보유상황보고서(일반),우진비앤지
20260722000456,20260722,코스피,동일제강,002690,주식등의대량보유상황보고서(일반),김준년
20260722000454,20260722,코스닥,알톤,123750,주식등의대량보유상황보고서(일반),이녹스
20260722000450,20260722,코스닥,국영지앤엠,006050,주식등의대량보유상황보고서(일반),최재원
20260722000445,20260722,코스닥,시노펙스,025320,[기재정정]주식등의대량보유상황보고서(일반),시노다이나믹스
20260722000442,20260722,코스닥,티엘비,356860,주식등의대량보유상황보고서(약식),J.P.MORGANSECURITIESPLC
20260722000436,20260722,코스닥,엠아이큐브솔루션,373170,주식등의대량보유상황보고서(약식),박문원
20260722000423,20260722,코스닥,젬백스,082270,주식등의대량보유상황보고서(일반),젬앤컴퍼니
20260722000401,20260722,코스닥,엠아이큐브솔루션,373170,주식등의대량보유상황보고서(일반),에스피시스템스
20260722000397,20260722,코스닥,나래나노텍,137080,주식등의대량보유상황보고서(일반),김민호
20260722000393,20260722,코스닥,센서뷰,321370,주식등의대량보유상황보고서(일반),김병남
20260722000387,20260722,코스닥,모비릭스,348030,주식등의대량보유상황보고서(일반),임중수
20260722000380,20260722,코스닥,현대바이오,048410,주식등의대량보유상황보고서(일반),씨앤팜
20260722000360,20260722,코스닥,케이엔더블유,105330,주식등의대량보유상황보고서(일반),BGF에코머티리얼즈
20260722000352,20260722,코스닥,모티브링크,463480,주식등의대량보유상황보고서(일반),동양이엔피
20260722000323,20260722,코스닥,모티브링크,463480,주식등의대량보유상황보고서(일반),에스디와이
20260722000300,20260722,코스닥,쿼드메디슨,464490,주식등의대량보유상황보고서(일반),백승기
20260722000258,20260722,코스닥,이루온,065440,주식등의대량보유상황보고서(일반),이승구
20260722000253,20260722,코스피,무학,033920,주식등의대량보유상황보고서(일반),최재호
20260722000195,20260722,코스피,JW홀딩스,096760,주식등의대량보유상황보고서(일반),이경하
20260722000169,20260722,코스닥,에이텀,355690,주식등의대량보유상황보고서(약식),코리아 EV소부장 신기술조합 1호
20260722000150,20260722,코스피,영흥,012160,주식등의대량보유상황보고서(일반),장세일
20260722000149,20260722,코스닥,제노코,361390,주식등의대량보유상황보고서(일반),앤로보틱스
20260722000148,20260722,코스닥,포메탈,119500,주식등의대량보유상황보고서(일반),오세원
20260722000146,20260722,코스닥,성광벤드,014620,주식등의대량보유상황보고서(약식),J.P.MORGANSECURITIESPLC
20260722000139,20260722,코스닥,로젠,033290,주식등의대량보유상황보고서(일반),대명화학
20260722000137,20260722,코스닥,브이씨,365900,주식등의대량보유상황보고서(일반),김준오
20260722000122,20260722,코스닥,대화제약,067080,주식등의대량보유상황보고서(일반),고준진
20260722000087,20260722,코스닥,HLB바이오스텝,278650,주식등의대량보유상황보고서(일반),HLB
20260722000083,20260722,코스닥,HLB제넥스,187420,주식등의대량보유상황보고서(일반),HLB
20260722000080,20260722,코스닥,HLB이노베이션,024850,주식등의대량보유상황보고서(일반),HLB
20260722000078,20260722,코스닥,HLB파나진,046210,주식등의대량보유상황보고서(일반),HLB
20260722000076,20260722,코스닥,HLB테라퓨틱스,115450,주식등의대량보유상황보고서(일반),HLB
20260722000019,20260722,코스닥,제이브이엠,054950,주식등의대량보유상황보고서(약식),"KayneAndersonRudnickInvestmentManagement,LLC"
20260721001370,20260721,코스닥,아이엘,307180,주식등의대량보유상황보고서(일반),송성근
20260721001350,20260721,코스닥,와이지엔터테인먼트,122870,주식등의대량보유상황보고서(일반),양현석
20260721001349,20260721,코스피,까뮤이앤씨,013700,주식등의대량보유상황보고서(일반),베이스
20260721001339,20260721,코스닥,아이윈,090150,주식등의대량보유상황보고서(일반),신규진
20260721001316,20260721,코스피,가온전선,000500,주식등의대량보유상황보고서(일반),LS전선
20260721001289,20260721,코스닥,엑시온그룹,069920,주식등의대량보유상황보고서(일반),정재영
20260721001286,20260721,코스닥,CS,065770,주식등의대량보유상황보고서(일반),정흥식
20260721001282,20260721,코스닥,비투엔,307870,주식등의대량보유상황보고서(일반),엑스트윈스1호조합
20260721001269,20260721,코스닥,국영지앤엠,006050,주식등의대량보유상황보고서(일반),최재원
20260721001232,20260721,코스피,삼진제약,005500,주식등의대량보유상황보고서(일반),조의환
20260721001190,20260721,코스닥,이노스페이스,462350,주식등의대량보유상황보고서(일반),김수종
20260721001167,20260721,코스피,삼익악기,002450,주식등의대량보유상황보고서(일반),스페코
20260721001139,20260721,코스피,HDC,012630,주식등의대량보유상황보고서(일반),정몽규
20260721001135,20260721,코스닥,국전,307750,주식등의대량보유상황보고서(일반),홍종호
20260721001123,20260721,코스피,조일알미늄,018470,주식등의대량보유상황보고서(일반),이영호
20260721001091,20260721,코스닥,아이에이,038880,주식등의대량보유상황보고서(약식),캑터스오아시스투자조합2호
20260721001079,20260721,코스닥,아이에이,038880,주식등의대량보유상황보고서(약식),캑터스오아시스제3호 투자조합
20260721001064,20260721,코스피,화승코퍼레이션,013520,주식등의대량보유상황보고서(일반),현지호
20260721001063,20260721,코스닥,미투온,201490,[기재정정]주식등의대량보유상황보고서(일반),손창욱
20260721001047,20260721,코스닥,수성웹툰,084180,주식등의대량보유상황보고서(일반),투믹스홀딩스
20260721001023,20260721,코스피,유유제약,000220,주식등의대량보유상황보고서(일반),유원상
20260721001019,20260721,코스닥,오비고,352910,주식등의대량보유상황보고서(일반),장영준
20260721001006,20260721,코스닥,RFHIC,218410,주식등의대량보유상황보고서(약식),MORGANSTANLEY&COINTLPLC
20260721000955,20260721,코스닥,테스,095610,주식등의대량보유상황보고서(약식),신한자산운용
20260721000942,20260721,코스닥,대한과학,131220,주식등의대량보유상황보고서(일반),서정구
20260721000937,20260721,코스닥,한국정밀기계,101680,주식등의대량보유상황보고서(일반),하종식
20260721000909,20260721,코스닥,인트론바이오,048530,주식등의대량보유상황보고서(일반),윤성준
20260721000894,20260721,코스닥,크라우드웍스,355390,주식등의대량보유상황보고서(약식),대양금속
20260721000829,20260721,코스닥,유티아이,179900,주식등의대량보유상황보고서(일반),박덕영
20260721000628,20260721,코스닥,신진에스엠,138070,주식등의대량보유상황보고서(일반),김은식
20260721000623,20260721,코스닥,스모트로닉,066590,주식등의대량보유상황보고서(일반),퓨트로닉
20260721000476,20260721,코스닥,소프트센,032680,주식등의대량보유상황보고서(일반),홍콩셩다국제유한공사
20260721000472,20260721,코스닥,티케이케미칼,104480,주식등의대량보유상황보고서(일반),에스엠인더스트리
20260721000425,20260721,코스닥,미투온,201490,주식등의대량보유상황보고서(일반),손창욱
20260721000398,20260721,코스피,코스모신소재,005070,주식등의대량보유상황보고서(일반),코스모화학
20260721000378,20260721,코스피,삼일제약,000520,주식등의대량보유상황보고서(일반),허승범
20260721000288,20260721,코스닥,아난티,025980,주식등의대량보유상황보고서(약식),엠지-르네상스 레저 신기술투자조합 제1호
20260721000274,20260721,코스닥,제노레이,122310,주식등의대량보유상황보고서(일반),박병욱
20260721000220,20260721,코스닥,엘디티,096870,주식등의대량보유상황보고서(일반),티에스이
20260721000187,20260721,코스피,코스모신소재,005070,주식등의대량보유상황보고서(일반),코스모화학
20260721000157,20260721,코스닥,큐리오시스,494120,[기재정정]주식등의대량보유상황보고서(일반),윤호영
20260721000138,20260721,코스닥,셀레믹스,331920,주식등의대량보유상황보고서(일반),박종갑
20260721000117,20260721,코스닥,옵트론텍,082210,주식등의대량보유상황보고서(일반),"CHOISANGHO,CORP."
20260721000108,20260721,코스피,한국항공우주,047810,주식등의대량보유상황보고서(약식),BlackRockFundAdvisors
20260721000087,20260721,코스닥,에코프로,086520,주식등의대량보유상황보고서(약식),BlackRockFundAdvisors
20260721000011,20260721,코스피,솔루엠,248070,주식등의대량보유상황보고서(일반),전성호
20260720000351,20260721,코스피,이리츠코크렙,088260,주식등의대량보유상황보고서(일반),이랜드리테일
20260720000323,20260720,코스닥,삼영에스앤씨,361670,주식등의대량보유상황보고서(일반),변동준
20260720000321,20260720,코스닥,가비아,079940,주식등의대량보유상황보고서(일반),디씨케이인베스트먼트
20260720000311,20260720,코스피,부국증권,001270,주식등의대량보유상황보고서(일반),김중건
20260720000308,20260720,코스닥,인피니트헬스케어,071200,주식등의대량보유상황보고서(일반),솔본
20260720000304,20260720,코스닥,솔본,035610,주식등의대량보유상황보고서(일반),홍기태
20260720000303,20260720,코스피,애경케미칼,161000,주식등의대량보유상황보고서(일반),AK홀딩스
20260720000302,20260720,코스닥,제룡전기,033100,주식등의대량보유상황보고서(약식),KB자산운용
20260720000292,20260720,코스닥,위메이드,112040,주식등의대량보유상황보고서(일반),박관호
20260720000291,20260720,코스닥,재영솔루텍,049630,주식등의대량보유상황보고서(일반),재영아이텍
20260720000290,20260720,코스닥,성호전자,043260,주식등의대량보유상황보고서(일반),서룡전자
20260720000287,20260720,코스닥,레메디,387690,주식등의대량보유상황보고서(일반),이레나
20260720000285,20260720,코스닥,모다이노칩,080420,주식등의대량보유상황보고서(일반),대명화학
20260720000277,20260720,코스피,씨에스윈드,112610,주식등의대량보유상황보고서(일반),김성권
20260720000271,20260720,코스닥,에코글로우,159910,주식등의대량보유상황보고서(일반),크리스밸류
20260720000267,20260720,코스피,성문전자,014910,주식등의대량보유상황보고서(일반),신준섭
20260720000265,20260720,코스피,조일알미늄,018470,주식등의대량보유상황보고서(일반),이영호
20260720000261,20260720,코스닥,에코글로우,159910,[기재정정]주식등의대량보유상황보고서(일반),크리스밸류
20260720000260,20260720,코스피,대구백화점,006370,주식등의대량보유상황보고서(일반),구정모
20260720000247,20260720,코스닥,한울앤제주,276730,주식등의대량보유상황보고서(일반),아바쿠스투자조합 제01호
20260720000239,20260720,코스닥,한울앤제주,276730,주식등의대량보유상황보고서(일반),노바1호조합
20260720000234,20260720,코스닥,한울앤제주,276730,주식등의대량보유상황보고서(일반),NexgenInvestmentFund1LLC
20260720000233,20260720,코스닥,사토시홀딩스,223310,주식등의대량보유상황보고서(일반),메타플렉스
20260720000226,20260720,코스닥,위즈코프,038620,주식등의대량보유상황보고서(일반),정승환
20260720000222,20260720,코스닥,피에스케이,319660,주식등의대량보유상황보고서(약식),신한자산운용
20260720000219,20260720,코스닥,원익IPS,240810,주식등의대량보유상황보고서(약식),신한자산운용
20260720000217,20260720,코스닥,엘앤케이바이오,156100,주식등의대량보유상황보고서(일반),강국진
20260720000216,20260720,코스피,다우기술,023590,주식등의대량보유상황보고서(일반),다우데이타
20260720000214,20260720,코스피,대덕전자,353200,주식등의대량보유상황보고서(약식),신한자산운용
20260720000211,20260720,코스피,한독,002390,주식등의대량보유상황보고서(일반),김영진
20260720000208,20260720,코스닥,HLB제넥스,187420,주식등의대량보유상황보고서(일반),반재구
20260720000207,20260720,코스피,대양금속,009190,주식등의대량보유상황보고서(일반),디와이엠파트너스
20260720000205,20260720,코스닥,코미코,183300,주식등의대량보유상황보고서(약식),삼성자산운용
20260720000186,20260720,코스닥,엔시트론,101400,주식등의대량보유상황보고서(일반),정인견
20260720000179,20260720,코스닥,팬스타엔터프라이즈,054300,주식등의대량보유상황보고서(일반),김현겸
20260720000174,20260720,코스닥,야스,255440,주식등의대량보유상황보고서(일반),정광호
20260720000171,20260720,코스닥,아이티아이즈,372800,주식등의대량보유상황보고서(일반),이성남
20260720000170,20260720,코스닥,모아데이타,288980,주식등의대량보유상황보고서(약식),큐씨피(QCP)신기술투자조합 28호
20260720000169,20260720,코스닥,옴니시스템,057540,주식등의대량보유상황보고서(일반),바이오스마트
20260720000161,20260720,코스닥,지에프씨생명과학,388610,주식등의대량보유상황보고서(일반),강희철
20260720000148,20260720,코스닥,에스엠씨지,460870,주식등의대량보유상황보고서(일반),최승호
20260720000121,20260720,코스닥,티엑스알로보틱스,484810,주식등의대량보유상황보고서(일반),유진로지스틱스
20260720000082,20260720,코스피,롯데에너지머티리얼즈,020150,주식등의대량보유상황보고서(일반),스틱스페셜시츄에이션윈
20260720000078,20260720,코스닥,성원에너텍,340930,주식등의대량보유상황보고서(일반),유일에너테크소액주주연대
20260720000068,20260720,코스피,한독,002390,주식등의대량보유상황보고서(일반),김영진
20260720000065,20260720,코스피,케이탑리츠,145270,주식등의대량보유상황보고서(약식),밸류라인
20260720000045,20260720,코스닥,케이엠제약,225430,주식등의대량보유상황보고서(일반),강일모
20260720000043,20260720,코스닥,비츠로셀,082920,주식등의대량보유상황보고서(약식),J.P.MORGANSECURITIESPLC
20260720000037,20260720,코스닥,디지아이,043360,주식등의대량보유상황보고서(일반),최동호
20260720000015,20260720,코스닥,프로이천,321260,주식등의대량보유상황보고서(일반),임이빈
20260720000012,20260720,코스닥,에스에스알,275630,주식등의대량보유상황보고서(일반),지란지교시큐리티
20260720000010,20260720,코스닥,성광벤드,014620,주식등의대량보유상황보고서(약식),J.P.MORGANSECURITIESPLC
20260720000004,20260720,코스피,한국항공우주,047810,주식등의대량보유상황보고서(일반),한화에어로스페이스
20260716000844,20260720,코스닥,영우디에스피,143540,주식등의대량보유상황보고서(일반),박금성
20260716000838,20260716,코스닥,폰드그룹,472850,주식등의대량보유상황보고서(일반),대명화학
20260716000835,20260716,코스닥,덕산네오룩스,213420,주식등의대량보유상황보고서(일반),이수훈
20260716000816,20260716,코스닥,비에이치아이,083650,주식등의대량보유상황보고서(일반),박은미
20260716000812,20260716,코스닥,서진시스템,178320,주식등의대량보유상황보고서(일반),전동규
20260716000806,20260716,코스닥,엔피,291230,주식등의대량보유상황보고서(일반),컴투스
20260716000805,20260716,코스닥,에이비엘바이오,298380,주식등의대량보유상황보고서(일반),LEESANGHOON
20260716000800,20260716,코스피,아이에스동서,010780,주식등의대량보유상황보고서(일반),권혁운
20260716000791,20260716,코스닥,브이엠,089970,주식등의대량보유상황보고서(약식),신한자산운용
20260716000785,20260716,코스피,DRB동일,004840,주식등의대량보유상황보고서(약식),최경애
20260716000781,20260716,코스피,셀트리온,068270,주식등의대량보유상황보고서(일반),셀트리온홀딩스
20260716000774,20260716,코스닥,핑거,163730,주식등의대량보유상황보고서(일반),몬타나41
20260716000768,20260716,코스닥,케이피엠테크,042040,주식등의대량보유상황보고서(일반),텔콘RF제약
20260716000738,20260716,코스닥,텔콘RF제약,200230,주식등의대량보유상황보고서(일반),에버코어인베스트먼트홀딩스
20260716000727,20260716,코스피,블루산업개발,006740,주식등의대량보유상황보고서(일반),피엠에이조합
20260716000726,20260716,코스닥,핑거,163730,주식등의대량보유상황보고서(일반),서룡전자
20260716000707,20260716,코스피,동양,001520,주식등의대량보유상황보고서(일반),유진기업
20260716000704,20260716,코스닥,HLB,028300,주식등의대량보유상황보고서(일반),진양곤
20260716000701,20260716,코스피,휴니드테크놀러지스,005870,주식등의대량보유상황보고서(일반),김유진
20260716000698,20260716,코스닥,에이루트,096690,주식등의대량보유상황보고서(일반),최정임
20260716000695,20260716,코스닥,위지윅스튜디오,299900,주식등의대량보유상황보고서(일반),컴투스
20260716000694,20260716,코스닥,코닉오토메이션,391710,주식등의대량보유상황보고서(일반),APS
20260716000693,20260716,코스닥,HLB제약,047920,주식등의대량보유상황보고서(일반),HLB생명과학
20260716000683,20260716,코스닥,뉴온,123840,주식등의대량보유상황보고서(일반),케이피엠테크
20260716000666,20260716,코스닥,케이바이오랩스,038530,주식등의대량보유상황보고서(일반),미래아이앤지
20260716000664,20260716,코스닥,AP시스템,265520,주식등의대량보유상황보고서(일반),APS
20260716000656,20260716,코스닥,FSN,214270,주식등의대량보유상황보고서(일반),제이투비
20260716000653,20260716,코스닥,아스테라시스,450950,주식등의대량보유상황보고서(일반),서은택
20260716000646,20260716,코스닥,브이엠,089970,주식등의대량보유상황보고서(일반),최우형
20260716000641,20260716,코스닥,APS,054620,주식등의대량보유상황보고서(일반),정기로
20260716000629,20260716,코스닥,한양이엔지,045100,주식등의대량보유상황보고서(일반),김윤상
20260716000620,20260716,코스피,일동홀딩스,000230,주식등의대량보유상황보고서(일반),윤원영
20260716000617,20260716,코스피,에이프로젠,007460,주식등의대량보유상황보고서(일반),지베이스
20260716000613,20260716,코스닥,한울앤제주,276730,주식등의대량보유상황보고서(약식),동양정공
20260716000602,20260716,코스피,사조대림,003960,주식등의대량보유상황보고서(일반),사조산업
20260716000593,20260716,코스닥,한국정보통신,025770,주식등의대량보유상황보고서(일반),박헌서
20260716000576,20260716,코스닥,나라엠앤디,051490,주식등의대량보유상황보고서(일반),김정훈
20260716000567,20260716,코스닥,아리바이오홀딩스,290690,주식등의대량보유상황보고서(일반),정재준
20260716000537,20260716,코스닥,인카금융서비스,211050,주식등의대량보유상황보고서(약식),타이거자산운용투자일임
20260716000532,20260716,코스닥,네패스아크,330860,주식등의대량보유상황보고서(약식),타이거자산운용투자일임
20260716000523,20260716,코스닥,엔비티,236810,주식등의대량보유상황보고서(일반),박수근
20260716000505,20260716,코스닥,지에프씨생명과학,388610,주식등의대량보유상황보고서(일반),강희철
20260716000489,20260716,코스피,한양증권,001750,주식등의대량보유상황보고서(일반),학교법인한양학원
20260716000467,20260716,코스닥,엘디티,096870,주식등의대량보유상황보고서(일반),티에스이
20260716000464,20260716,코스피,HS애드,035000,주식등의대량보유상황보고서(일반),카벤디쉬스퀘어홀딩비.브이.
20260716000451,20260716,코스피,우신시스템,017370,주식등의대량보유상황보고서(일반),허우영
20260716000422,20260716,코스피,솔루엠,248070,주식등의대량보유상황보고서(일반),전성호
20260716000414,20260716,코스닥,딥커머스,900110,주식등의대량보유상황보고서(일반),DING SHAOYING
20260716000413,20260716,코스닥,오에스피,368970,주식등의대량보유상황보고서(일반),우진비앤지
20260716000396,20260716,코스닥,하나35호스팩,0041L0,주식등의대량보유상황보고서(약식),이지스자산운용
20260716000389,20260716,코스피,종근당,185750,주식등의대량보유상황보고서(일반),이장한
20260716000374,20260716,코스닥,DMS,068790,주식등의대량보유상황보고서(일반),박용석
20260716000363,20260716,코스닥,씨엑스아이,900120,주식등의대량보유상황보고서(약식),ZHANG DONGXIAN
20260716000358,20260716,코스닥,씨엑스아이,900120,주식등의대량보유상황보고서(약식),LIU HUAN
20260716000339,20260716,코스닥,씨엑스아이,900120,주식등의대량보유상황보고서(약식),LIN QIANG
20260716000334,20260716,코스닥,LSK아이로봇,091970,주식등의대량보유상황보고서(일반),엘에스케이디비
20260716000317,20260716,코스닥,바이오포트,188040,주식등의대량보유상황보고서(일반),김성구
20260716000308,20260716,코스닥,클래시스,214150,주식등의대량보유상황보고서(약식),CapitalResearchandManagementCompany
20260716000267,20260716,코스피,제이에스코퍼레이션,194370,주식등의대량보유상황보고서(약식),신한-디에스 생산적금융 메자닌 신기술투자조합 제1호
20260716000173,20260716,코스닥,케이아이엔엑스,093320,주식등의대량보유상황보고서(약식),MiriCapitalManagementLLC
20260716000147,20260716,코스닥,유진로봇,056080,주식등의대량보유상황보고서(일반),IMANTOAG
20260716000135,20260716,코스닥,팅크웨어,084730,주식등의대량보유상황보고서(일반),유비벨록스
20260716000002,20260716,코스닥,에스투더블유,488280,주식등의대량보유상황보고서(일반),서상덕
20260715000541,20260716,코스닥,엔피,291230,주식등의대량보유상황보고서(일반),위지윅스튜디오
20260715000535,20260715,코스피,대한제분,001130,주식등의대량보유상황보고서(일반),디앤비컴퍼니
20260715000528,20260715,코스피,콜마홀딩스,024720,주식등의대량보유상황보고서(일반),윤상현
20260715000526,20260715,코스닥,스페코,013810,주식등의대량보유상황보고서(일반),김종섭
20260715000524,20260715,코스닥,에이전트AI,060900,주식등의대량보유상황보고서(약식),엘앤엘파트너스
20260715000523,20260715,코스닥,구영테크,053270,주식등의대량보유상황보고서(일반),이희화
20260715000519,20260715,코스닥,스페코,013810,주식등의대량보유상황보고서(일반),넥사코리아
20260715000506,20260715,코스피,부국증권,001270,주식등의대량보유상황보고서(일반),김중건
20260715000474,20260715,코스피,아모레퍼시픽,090430,주식등의대량보유상황보고서(일반),아모레퍼시픽홀딩스
20260715000462,20260715,코스닥,모비데이즈,363260,주식등의대량보유상황보고서(일반),유범령
20260715000449,20260715,코스피,삼부토건,001470,주식등의대량보유상황보고서(약식),한국자산신탁
20260715000432,20260715,코스닥,동구바이오제약,006620,주식등의대량보유상황보고서(일반),조용준
20260715000424,20260715,코스닥,신테카바이오,226330,주식등의대량보유상황보고서(일반),정종선
20260715000408,20260715,코스닥,HB테크놀러지,078150,주식등의대량보유상황보고서(일반),에이치비콥
20260715000407,20260715,코스피,HDC,012630,주식등의대량보유상황보고서(일반),정몽규
20260715000400,20260715,코스피,사조오양,006090,주식등의대량보유상황보고서(일반),사조대림
20260715000397,20260715,코스피,한양증권,001750,주식등의대량보유상황보고서(일반),케이씨지아이제2호사모투자
20260715000395,20260715,코스피,쏘카,403550,주식등의대량보유상황보고서(일반),에스오큐알아이
20260715000392,20260715,코스피,제일파마홀딩스,002620,주식등의대량보유상황보고서(일반),한승수
20260715000385,20260715,코스닥,에이에스텍,453860,주식등의대량보유상황보고서(일반),윤종배
20260715000376,20260715,코스닥,모티브링크,463480,주식등의대량보유상황보고서(일반),동양이엔피
20260715000375,20260715,코스닥,모티브링크,463480,주식등의대량보유상황보고서(일반),에스디와이
20260715000366,20260715,코스닥,크레오에스지,040350,주식등의대량보유상황보고서(일반),큐로홀딩스
20260715000364,20260715,코스닥,유아이디,069330,주식등의대량보유상황보고서(일반),박종수
20260715000360,20260715,코스닥,큐로홀딩스,051780,주식등의대량보유상황보고서(일반),케이파트너스
20260715000357,20260715,코스닥,오에스피,368970,주식등의대량보유상황보고서(약식),와이투케이파트너스
20260715000351,20260715,코스닥,아티스트컴퍼니,321820,주식등의대량보유상황보고서(일반),이정재
20260715000337,20260715,코스피,영흥,012160,주식등의대량보유상황보고서(일반),장세일
20260715000324,20260715,코스닥,우진비앤지,018620,주식등의대량보유상황보고서(일반),강재구
20260715000319,20260715,코스피,이수페타시스,007660,주식등의대량보유상황보고서(약식),신한자산운용
20260715000312,20260715,코스닥,소프트센,032680,주식등의대량보유상황보고서(일반),홍콩셩다국제유한공사
20260715000173,20260715,코스닥,이노스페이스,462350,주식등의대량보유상황보고서(약식),코오롱인베스트먼트
20260715000168,20260715,코스닥,테스,095610,주식등의대량보유상황보고서(일반),주숭일
20260715000166,20260715,코스닥,태웅로직스,124560,주식등의대량보유상황보고서(일반),한재동
20260715000155,20260715,코스피,에스엠벡셀,010580,주식등의대량보유상황보고서(일반),에스엠하이플러스
20260715000143,20260715,코스피,달바글로벌,483650,주식등의대량보유상황보고서(약식),FILLIMITED
20260715000123,20260715,코스닥,성광벤드,014620,주식등의대량보유상황보고서(약식),J.P.MORGANSECURITIESPLC
20260715000102,20260715,코스닥,아이텍,119830,주식등의대량보유상황보고서(일반),최현식
20260715000088,20260715,코스닥,하이딥,365590,주식등의대량보유상황보고서(일반),고범규
20260715000080,20260715,코스닥,한국맥널티,222980,주식등의대량보유상황보고서(일반),이은정
20260715000051,20260715,코스닥,넥써쓰,205500,주식등의대량보유상황보고서(일반),링크드
20260714000514,20260714,코스닥,웰킵스하이텍,043590,주식등의대량보유상황보고서(일반),웰킵스홀딩스
20260714000509,20260714,코스닥,오리엔트정공,065500,주식등의대량보유상황보고서(일반),오리엔트
20260714000501,20260714,코스피,부국증권,001270,주식등의대량보유상황보고서(일반),김중건
20260714000490,20260714,코스피,대창단조,015230,주식등의대량보유상황보고서(일반),박권일
20260714000481,20260714,코스닥,랩지노믹스,084650,주식등의대량보유상황보고서(일반),루하프라이빗에쿼티
20260714000477,20260714,코스닥,젠큐릭스,229000,주식등의대량보유상황보고서(일반),조상래
20260714000456,20260714,코스닥,대한광통신,010170,주식등의대량보유상황보고서(일반),티에프오인더스트리
20260714000451,20260714,코스피,이수스페셜티케미컬,457190,주식등의대량보유상황보고서(일반),이수
20260714000442,20260714,코스닥,에르코스,435570,주식등의대량보유상황보고서(일반),김슬기
20260714000439,20260714,코스피,케이씨,029460,주식등의대량보유상황보고서(일반),고석태
20260714000438,20260714,코스닥,미래반도체,254490,주식등의대량보유상황보고서(일반),이정
20260714000425,20260714,코스피,조일알미늄,018470,주식등의대량보유상황보고서(일반),이영호
20260714000416,20260714,코스닥,성호전자,043260,주식등의대량보유상황보고서(일반),서룡전자
20260714000402,20260714,코스닥,오픈엣지테크놀로지,394280,[기재정정]주식등의대량보유상황보고서(일반),이성현
20260714000342,20260714,코스닥,블루엠텍,439580,주식등의대량보유상황보고서(약식),지브이에이자산운용
20260714000331,20260714,코스닥,알엔티엑스,123010,[기재정정]주식등의대량보유상황보고서(일반),위드윈투자조합91호
20260714000319,20260714,코스닥,듀오백,073190,주식등의대량보유상황보고서(약식),앨터스투자자문
20260714000317,20260714,코스닥,비츠로셀,082920,주식등의대량보유상황보고서(약식),MORGANSTANLEY&COINTLPLC
20260714000316,20260714,코스닥,알엔티엑스,123010,[기재정정]주식등의대량보유상황보고서(일반),위드윈투자조합91호
20260714000310,20260714,코스닥,LSK아이로봇,091970,주식등의대량보유상황보고서(약식),카사솔루션
20260714000306,20260714,코스닥,이원컴포텍,088290,주식등의대량보유상황보고서(일반),래인파트너스
20260714000294,20260714,코스닥,진바이오텍,086060,주식등의대량보유상황보고서(일반),김성호
20260714000270,20260714,코스피,대창단조,015230,주식등의대량보유상황보고서(일반),박안식
20260714000250,20260714,코스닥,서울옥션,063170,주식등의대량보유상황보고서(일반),이호재
20260714000236,20260714,코스닥,한중엔시에스,107640,주식등의대량보유상황보고서(일반),김환식
20260714000213,20260714,코스닥,웹젠,069080,주식등의대량보유상황보고서(일반),김병관
20260714000207,20260714,코스피,영흥,012160,주식등의대량보유상황보고서(일반),장세일
20260714000186,20260714,코스닥,큐에스아이,066310,주식등의대량보유상황보고서(일반),삼화양행
20260714000174,20260714,코스닥,LSK아이로봇,091970,주식등의대량보유상황보고서(약식),더테크놀로지
20260714000137,20260714,코스닥,모다이노칩,080420,주식등의대량보유상황보고서(일반),대명화학
20260714000136,20260714,코스닥,레메디,387690,주식등의대량보유상황보고서(약식),김현섭
20260714000132,20260714,코스닥,세동,053060,주식등의대량보유상황보고서(일반),윤 정 상
20260714000117,20260714,코스닥,티앤알바이오팹,246710,[기재정정]주식등의대량보유상황보고서(일반),윤원수
20260714000116,20260714,코스닥,스페코,013810,주식등의대량보유상황보고서(일반),김종섭
20260714000051,20260714,코스닥,딥커머스,900110,주식등의대량보유상황보고서(일반),DING SHAOYING
20260714000047,20260714,코스닥,육일씨엔에쓰,191410,주식등의대량보유상황보고서(일반),구자옥
20260714000024,20260714,코스닥,아이텍,119830,주식등의대량보유상황보고서(일반),최현식
20260714000014,20260714,코스닥,펩트론,087010,주식등의대량보유상황보고서(일반),최호일
20260714000002,20260714,코스닥,삼미금속,012210,주식등의대량보유상황보고서(약식),타임폴리오자산운용
20260713000505,20260714,코스닥,레몬헬스케어,365660,주식등의대량보유상황보고서(약식),한화스마트헬스케어신기술조합1호
20260713000492,20260713,코스닥,한컴,030520,주식등의대량보유상황보고서(일반),한컴위드
20260713000488,20260713,코스피,E1,017940,주식등의대량보유상황보고서(일반),구자열
20260713000483,20260713,코스닥,블루엠텍,439580,주식등의대량보유상황보고서(약식),에이원자산운용
20260713000480,20260713,코스닥,오픈엣지테크놀로지,394280,주식등의대량보유상황보고서(일반),이성현
20260713000478,20260713,코스닥,씨티케이,260930,주식등의대량보유상황보고서(일반),정인용
20260713000473,20260713,코스닥,티앤알바이오팹,246710,주식등의대량보유상황보고서(일반),윤원수
20260713000465,20260713,코스피,KR모터스,000040,주식등의대량보유상황보고서(약식),호라이즌아이엠
20260713000462,20260713,코스닥,씨유메디칼,115480,주식등의대량보유상황보고서(일반),씨유코퍼레이션
20260713000460,20260713,코스닥,아톤,158430,주식등의대량보유상황보고서(일반),김종서
20260713000457,20260713,코스닥,에코프로,086520,주식등의대량보유상황보고서(일반),이동채
20260713000455,20260713,코스닥,아시아종묘,154030,주식등의대량보유상황보고서(일반),류재환
20260713000451,20260713,코스닥,오픈엣지테크놀로지,394280,[기재정정]주식등의대량보유상황보고서(일반),이성현
20260713000449,20260713,코스닥,파버나인,177830,주식등의대량보유상황보고서(일반),이제훈
20260713000439,20260713,코스닥,우리넷,115440,주식등의대량보유상황보고서(일반),넷솔루션즈홀딩스
20260713000425,20260713,코스피,대한제당,001790,주식등의대량보유상황보고서(일반),설윤호
20260713000414,20260713,코스닥,서부T&D,006730,주식등의대량보유상황보고서(일반),엠와이에이치
20260713000391,20260713,코스피,이화산업,000760,주식등의대량보유상황보고서(일반),조승현
20260713000389,20260713,코스피,이화산업,000760,주식등의대량보유상황보고서(일반),조규완
20260713000386,20260713,코스닥,한국비엔씨,256840,주식등의대량보유상황보고서(일반),최완규
20260713000381,20260713,코스피,조일알미늄,018470,주식등의대량보유상황보고서(일반),이영호
20260713000365,20260713,코스피,남성,004270,주식등의대량보유상황보고서(약식),아트만자산운용
20260713000340,20260713,코스닥,제이아이테크,417500,주식등의대량보유상황보고서(일반),함석헌
20260713000334,20260713,코스닥,네오오토,212560,주식등의대량보유상황보고서(일반),김선현
20260713000306,20260713,코스닥,대성하이텍,129920,주식등의대량보유상황보고서(일반),최호형
20260713000289,20260713,코스닥,에스에스알,275630,주식등의대량보유상황보고서(일반),지란지교시큐리티
20260713000249,20260713,코스닥,디알텍,214680,주식등의대량보유상황보고서(약식),아트만자산운용
20260713000245,20260713,코스피,디아이씨,092200,주식등의대량보유상황보고서(일반),김성문
20260713000243,20260713,코스닥,흥국에프엔비,189980,주식등의대량보유상황보고서(일반),오길영
20260713000223,20260713,코스피,오리온,271560,주식등의대량보유상황보고서(일반),오리온홀딩스
20260713000191,20260713,코스피,오리온홀딩스,001800,주식등의대량보유상황보고서(일반),이화경
20260713000128,20260713,코스닥,레이,228670,주식등의대량보유상황보고서(일반),레이홀딩스
20260713000099,20260713,코스닥,브이씨,365900,주식등의대량보유상황보고서(일반),김준오
20260713000079,20260713,코스닥,에스엠씨지,460870,주식등의대량보유상황보고서(일반),최승호
20260713000068,20260713,코스피,현대엘리베이터,017800,주식등의대량보유상황보고서(일반),현대홀딩스컴퍼니
20260713000027,20260713,코스닥,HEM파마,376270,주식등의대량보유상황보고서(일반),지요셉
20260710000715,20260713,코스닥,아미노로직스,074430,주식등의대량보유상황보고서(일반),삼오제약
20260710000713,20260710,코스닥,팸텍,271830,주식등의대량보유상황보고서(약식),라이프자산운용
20260710000711,20260710,코스닥,뉴파워프라즈마,144960,주식등의대량보유상황보고서(약식),테크엑스1호신기술투자조합
20260710000707,20260710,코스피,부국증권,001270,주식등의대량보유상황보고서(일반),김중건
20260710000706,20260710,코스닥,한울앤제주,276730,주식등의대량보유상황보고서(약식),리홈씨앤엔
20260710000705,20260710,코스닥,아미노로직스,074430,주식등의대량보유상황보고서(일반),삼오제약
20260710000704,20260710,코스닥,하나36호스팩,0101C0,주식등의대량보유상황보고서(약식),엠플러스자산운용
20260710000701,20260710,코스닥,삼보모터스,053700,[기재정정]주식등의대량보유상황보고서(약식),메리츠-대아 신기술투자조합 제1호
20260710000697,20260710,코스닥,알티캐스트,085810,주식등의대량보유상황보고서(일반),베노티앤알
20260710000696,20260710,코스닥,한울반도체,320000,주식등의대량보유상황보고서(약식),전지윤
20260710000695,20260710,코스닥,베노티앤알,206400,주식등의대량보유상황보고서(일반),라미쿠스
20260710000694,20260710,코스닥,폴라리스AI파마,041910,주식등의대량보유상황보고서(일반),폴라리스오피스
20260710000689,20260710,코스닥,티로보틱스,117730,주식등의대량보유상황보고서(일반),안승욱
20260710000686,20260710,코스닥,크리스탈신소재,900250,주식등의대량보유상황보고서(일반),"NEWARKINVESTMENTCO.,LTD"
20260710000684,20260710,코스닥,삼보모터스,053700,주식등의대량보유상황보고서(약식),메리츠-대아 신기술투자조합 제1호
20260710000683,20260710,코스닥,서진시스템,178320,주식등의대량보유상황보고서(일반),전동규
20260710000682,20260710,코스닥,크리스탈신소재,900250,주식등의대량보유상황보고서(일반),DAI ZHONGQIU
20260710000678,20260710,코스피,삼성전자,005930,주식등의대량보유상황보고서(일반),삼성물산
20260710000675,20260710,코스닥,한울소재과학,091440,주식등의대량보유상황보고서(일반),루시
20260710000672,20260710,코스닥,KG이니시스,035600,주식등의대량보유상황보고서(일반),KG케미칼
20260710000670,20260710,코스닥,넥스트아이,137940,주식등의대량보유상황보고서(일반),AMPLEOCEANLIMITED
20260710000668,20260710,코스닥,한울소재과학,091440,주식등의대량보유상황보고서(약식),해리슨투자조합1호
20260710000665,20260710,코스닥,자비스,254120,주식등의대량보유상황보고서(일반),김형철
20260710000657,20260710,코스닥,시노펙스,025320,주식등의대량보유상황보고서(일반),시노다이나믹스
20260710000655,20260710,코스닥,덴티스,261200,주식등의대량보유상황보고서(일반),심기봉
20260710000652,20260710,코스닥,엑스큐어,070300,주식등의대량보유상황보고서(약식),하이츠투자조합
20260710000650,20260710,코스피,한미사이언스,008930,주식등의대량보유상황보고서(일반),임종훈
20260710000645,20260710,코스피,한미사이언스,008930,주식등의대량보유상황보고서(일반),DXVX
20260710000644,20260710,코스닥,디와이피엔에프,104460,주식등의대량보유상황보고서(약식),브이아이피자산운용
20260710000643,20260710,코스닥,오늘이엔엠,192410,주식등의대량보유상황보고서(약식),제이케이(JK)신기술투자조합 제20호
20260710000642,20260710,코스닥,온코크로스,382150,주식등의대량보유상황보고서(약식),이현자산운용
20260710000635,20260710,코스피,LX인터내셔널,001120,주식등의대량보유상황보고서(약식),한화자산운용
20260710000631,20260710,코스닥,빌리언스,044480,주식등의대량보유상황보고서(약식),제이케이(JK)신기술투자조합제5호
20260710000625,20260710,코스닥,우림피티에스,101170,주식등의대량보유상황보고서(일반),한규석
20260710000617,20260710,코스닥,선광,003100,주식등의대량보유상황보고서(일반),심충식
20260710000612,20260710,코스닥,SKAI,357880,주식등의대량보유상황보고서(일반),디렉터스컴퍼니
20260710000591,20260710,코스닥,지에프아이,493330,주식등의대량보유상황보고서(약식),비엔케이 안전 신기술투자조합 제2호
20260710000581,20260710,코스닥,에스와이,109610,주식등의대량보유상황보고서(일반),홍영돈
20260710000580,20260710,코스닥,리브스메드,491000,주식등의대량보유상황보고서(일반),이정주
20260710000571,20260710,코스피,조일알미늄,018470,주식등의대량보유상황보고서(일반),이영호
20260710000567,20260710,코스닥,GMI벤처,019570,주식등의대량보유상황보고서(약식),광무
20260710000549,20260710,코스피,HS효성,487570,주식등의대량보유상황보고서(일반),조현상
20260710000543,20260710,코스피,HDC,012630,주식등의대량보유상황보고서(일반),정몽규
20260710000536,20260710,코스피,KR모터스,000040,주식등의대량보유상황보고서(일반),오세영
20260710000532,20260710,코스닥,HLB펩,196300,주식등의대량보유상황보고서(일반),HLB제넥스
20260710000530,20260710,코스닥,와이지-원,019210,주식등의대량보유상황보고서(일반),송호근
20260710000519,20260710,코스닥,엔젠바이오,354200,[기재정정]주식등의대량보유상황보고서(일반),에스에이치헬스케어투자1호조합
20260710000518,20260710,코스닥,레몬헬스케어,365660,주식등의대량보유상황보고서(약식),양항석
20260710000515,20260710,코스피,콜마홀딩스,024720,주식등의대량보유상황보고서(일반),윤상현
20260710000514,20260710,코스닥,넥스틴,348210,주식등의대량보유상황보고서(약식),브이아이피자산운용
20260710000511,20260710,코스닥,알톤,123750,주식등의대량보유상황보고서(일반),이녹스
20260710000503,20260710,코스닥,이엔에프테크놀로지,102710,주식등의대량보유상황보고서(약식),브이아이피자산운용
20260710000499,20260710,코스닥,넥써쓰,205500,주식등의대량보유상황보고서(약식),에스티 45호 신기술투자조합
20260710000487,20260710,코스닥,원익머트리얼즈,104830,주식등의대량보유상황보고서(약식),브이아이피자산운용
20260710000476,20260710,코스닥,도이치모터스,067990,주식등의대량보유상황보고서(일반),권오수
20260710000468,20260710,코스닥,유니테스트,086390,주식등의대량보유상황보고서(약식),브이아이피자산운용
20260710000462,20260710,코스피,한진칼,180640,주식등의대량보유상황보고서(약식),호반건설
20260710000457,20260710,코스닥,레몬헬스케어,365660,주식등의대량보유상황보고서(일반),홍병진
20260710000455,20260710,코스닥,디에스엠,104040,주식등의대량보유상황보고서(약식),포레스트벤처스
20260710000449,20260710,코스피,파미셀,005690,주식등의대량보유상황보고서(일반),김현수
20260710000443,20260710,코스닥,코미코,183300,주식등의대량보유상황보고서(약식),삼성자산운용
20260710000438,20260710,코스닥,국보디자인,066620,주식등의대량보유상황보고서(약식),박영옥
20260710000433,20260710,코스닥,가온칩스,399720,주식등의대량보유상황보고서(약식),대신증권
20260710000427,20260710,코스닥,SFA넥셀,222080,주식등의대량보유상황보고서(일반),SFA
20260710000421,20260710,코스닥,LSK아이로봇,091970,주식등의대량보유상황보고서(일반),엘에스케이디비
20260710000420,20260710,코스피,노루홀딩스,000320,주식등의대량보유상황보고서(일반),한영재
20260710000418,20260710,코스닥,엠젠솔루션,032790,주식등의대량보유상황보고서(약식),상상인저축은행
20260710000417,20260710,코스닥,EDGC,245620,주식등의대량보유상황보고서(약식),빛과전자
20260710000411,20260710,코스닥,넥스턴앤롤코리아,089140,주식등의대량보유상황보고서(약식),상상인저축은행
20260710000377,20260710,코스닥,솔브레인홀딩스,036830,주식등의대량보유상황보고서(일반),정지완
20260710000350,20260710,코스닥,안트로젠,065660,주식등의대량보유상황보고서(일반),이성구
20260710000342,20260710,코스닥,알지노믹스,476830,주식등의대량보유상황보고서(일반),이성욱
20260710000337,20260710,코스피,우진,105840,주식등의대량보유상황보고서(일반),이재원
20260710000327,20260710,코스닥,DXVX,180400,주식등의대량보유상황보고서(일반),임종윤
20260710000305,20260710,코스닥,디지틀조선,033130,주식등의대량보유상황보고서(일반),방상훈
20260710000300,20260710,코스닥,스마트레이더시스템,424960,주식등의대량보유상황보고서(일반),김용환
20260710000287,20260710,코스닥,성광벤드,014620,주식등의대량보유상황보고서(약식),J.P.MORGANSECURITIESPLC
20260710000282,20260710,코스피,디와이,013570,주식등의대량보유상황보고서(일반),조병호
20260710000262,20260710,코스닥,삼보산업,009620,주식등의대량보유상황보고서(일반),이태용
20260710000224,20260710,코스닥,메가스터디교육,215200,주식등의대량보유상황보고서(약식),FILLIMITED
20260710000222,20260710,코스피,JW생명과학,234080,주식등의대량보유상황보고서(약식),FILLIMITED
20260710000218,20260710,코스닥,솔브레인,357780,주식등의대량보유상황보고서(약식),피델리티매니지먼트앤리서치컴퍼니엘엘씨
20260710000217,20260710,코스피,NICE평가정보,030190,주식등의대량보유상황보고서(약식),피델리티인스티튜셔널에셋매니지먼트트러스트컴퍼니
20260710000204,20260710,코스닥,리노공업,058470,주식등의대량보유상황보고서(약식),J.P.MORGANSECURITIESPLC
20260710000187,20260710,코스닥,경동제약,011040,주식등의대량보유상황보고서(일반),류 기 성
20260710000176,20260710,코스닥,프레스티지바이오로직스,334970,주식등의대량보유상황보고서(일반),프레스티지바이오파마
20260710000162,20260710,코스닥,세동,053060,주식등의대량보유상황보고서(일반),윤 정 상
20260710000158,20260710,코스닥,IBKS제25호스팩,0099X0,주식등의대량보유상황보고서(약식),더블유자산운용
20260710000146,20260710,코스닥,키움제11호스팩,489480,주식등의대량보유상황보고서(약식),더블유자산운용
20260710000133,20260710,코스닥,지어소프트,051160,주식등의대량보유상황보고서(약식),MiriCapitalManagementLLC
20260710000132,20260710,코스닥,하나34호스팩,484130,주식등의대량보유상황보고서(약식),더블유자산운용
20260710000131,20260710,코스닥,더네이쳐홀딩스,298540,주식등의대량보유상황보고서(일반),박영준
20260710000118,20260710,코스피,웅진,016880,주식등의대량보유상황보고서(약식),타이거자산운용투자일임
20260710000117,20260710,코스닥,엔에이치스팩32호,0054V0,주식등의대량보유상황보고서(약식),더블유자산운용
20260710000114,20260710,코스닥,디티앤씨,187220,주식등의대량보유상황보고서(약식),타이거자산운용투자일임
20260710000105,20260710,코스피,신한서부티엔디리츠,404990,주식등의대량보유상황보고서(약식),이지스자산운용
20260710000096,20260710,코스닥,KB제32호스팩,0037T0,주식등의대량보유상황보고서(약식),이지스자산운용
20260710000085,20260710,코스닥,피에이치에이,043370,주식등의대량보유상황보고서(약식),브이아이피자산운용
20260710000081,20260710,코스닥,세니젠,188260,주식등의대량보유상황보고서(일반),지씨파트너스
20260710000080,20260710,코스피,LF,093050,주식등의대량보유상황보고서(약식),브이아이피자산운용
20260710000040,20260710,코스피,KG스틸,016380,주식등의대량보유상황보고서(일반),캑터스스페셜시츄에이션제1호
20260710000033,20260710,코스닥,비보존 제약,082800,주식등의대량보유상황보고서(일반),비보존홀딩스
20260709000701,20260710,코스닥,MDS테크,086960,주식등의대량보유상황보고서(약식),시너지아이비투자
20260709000698,20260710,코스닥,큐로홀딩스,051780,주식등의대량보유상황보고서(약식),시너지아이비투자
20260709000683,20260709,코스닥,SK증권제12호스팩,473000,주식등의대량보유상황보고서(약식),더블유자산운용
20260709000668,20260709,코스닥,신한제16호스팩,496070,주식등의대량보유상황보고서(약식),더블유자산운용
20260709000651,20260709,코스닥,신한제15호스팩,487830,주식등의대량보유상황보고서(약식),더블유자산운용
20260709000649,20260709,코스닥,디에스엠,104040,주식등의대량보유상황보고서(일반),이동석
20260709000648,20260709,코스닥,레몬,294140,주식등의대량보유상황보고서(일반),톱텍
20260709000635,20260709,코스닥,아틀라스링크,297570,주식등의대량보유상황보고서(일반),신정관
20260709000624,20260709,코스닥,티엘비,356860,주식등의대량보유상황보고서(약식),J.P.MORGANSECURITIESPLC
20260709000611,20260709,코스피,삼부토건,001470,주식등의대량보유상황보고서(약식),한국자산신탁
20260709000595,20260709,코스피,조일알미늄,018470,주식등의대량보유상황보고서(일반),이영호
20260709000593,20260709,코스닥,엣지파운드리,105550,주식등의대량보유상황보고서(약식),릴라이언스조합
20260709000568,20260709,코스닥,신한제12호스팩,474660,주식등의대량보유상황보고서(약식),더블유자산운용
20260709000566,20260709,코스피,만호제강,001080,주식등의대량보유상황보고서(약식),하나자산운용
20260709000557,20260709,코스피,프레스티지바이오파마,950210,주식등의대량보유상황보고서(일반),메이슨파트너스
20260709000550,20260709,코스닥,와이바이오로직스,338840,주식등의대량보유상황보고서(일반),박영우
20260709000543,20260709,코스닥,웰크론한텍,076080,주식등의대량보유상황보고서(일반),웰크론
20260709000537,20260709,코스닥,미래에셋비전스팩4호,477380,주식등의대량보유상황보고서(약식),더블유자산운용
20260709000534,20260709,코스닥,케어랩스,263700,주식등의대량보유상황보고서(일반),원익홀딩스
20260709000524,20260709,코스피,GS,078930,주식등의대량보유상황보고서(일반),허창수
20260709000520,20260709,코스피,삼양식품,003230,주식등의대량보유상황보고서(일반),삼양라운드스퀘어
20260709000518,20260709,코스피,체시스,033250,주식등의대량보유상황보고서(일반),이명곤
20260709000514,20260709,코스닥,한패스,408470,주식등의대량보유상황보고서(약식),한국산업은행
20260709000503,20260709,코스닥,베노티앤알,206400,주식등의대량보유상황보고서(일반),아크로 신기술조합 제241호
20260709000490,20260709,코스닥,하나35호스팩,0041L0,주식등의대량보유상황보고서(약식),더블유자산운용
20260709000482,20260709,코스피,다스코,058730,주식등의대량보유상황보고서(일반),한상원
20260709000476,20260709,코스닥,뉴로메카,348340,주식등의대량보유상황보고서(일반),박종훈
20260709000467,20260709,코스피,기아,000270,주식등의대량보유상황보고서(일반),현대자동차
20260709000463,20260709,코스닥,신한제18호스팩,0129K0,주식등의대량보유상황보고서(약식),더블유자산운용
20260709000461,20260709,코스닥,에이전트AI,060900,주식등의대량보유상황보고서(약식),퍼플렉시티투자조합
20260709000454,20260709,코스닥,이렘,009730,주식등의대량보유상황보고서(일반),에스앤티제1호투자조합
20260709000444,20260709,코스닥,KBI메탈,024840,주식등의대량보유상황보고서(약식),한국증권금융
20260709000441,20260709,코스닥,캡스톤파트너스,452300,주식등의대량보유상황보고서(약식),한국증권금융
20260709000440,20260709,코스닥,지투파워,388050,주식등의대량보유상황보고서(약식),한국증권금융
20260709000438,20260709,코스닥,아톤,158430,주식등의대량보유상황보고서(약식),한국증권금융
20260709000437,20260709,코스닥,에코플라스틱,038110,주식등의대량보유상황보고서(약식),한국증권금융
20260709000435,20260709,코스닥,에스와이스틸텍,365330,주식등의대량보유상황보고서(약식),한국증권금융
20260709000433,20260709,코스닥,아이텍,119830,주식등의대량보유상황보고서(약식),한국증권금융
20260709000431,20260709,코스닥,희림,037440,주식등의대량보유상황보고서(약식),한국증권금융
20260709000430,20260709,코스닥,오에스피,368970,주식등의대량보유상황보고서(일반),우진비앤지
20260709000429,20260709,코스닥,큐에스아이,066310,주식등의대량보유상황보고서(약식),한국증권금융
20260709000428,20260709,코스닥,오픈베이스,049480,주식등의대량보유상황보고서(약식),한국증권금융
20260709000427,20260709,코스닥,셀바스헬스케어,208370,주식등의대량보유상황보고서(약식),한국증권금융
20260709000425,20260709,코스닥,바이오스마트,038460,주식등의대량보유상황보고서(약식),한국증권금융
20260709000418,20260709,코스닥,아틀라스링크,297570,주식등의대량보유상황보고서(일반),미래산업
20260709000414,20260709,코스닥,디케이락,105740,주식등의대량보유상황보고서(약식),MORGANSTANLEY&COINTLPLC
20260709000408,20260709,코스닥,세화피앤씨,252500,주식등의대량보유상황보고서(일반),이훈구
20260709000389,20260709,코스닥,와이씨켐,112290,주식등의대량보유상황보고서(약식),박형순
20260709000370,20260709,코스닥,삼성스팩13호,0115H0,주식등의대량보유상황보고서(약식),더블유자산운용
20260709000334,20260709,코스닥,삼성스팩12호,0096B0,주식등의대량보유상황보고서(약식),더블유자산운용
20260709000325,20260709,코스닥,케일럼,258610,주식등의대량보유상황보고서(일반),그린테크시스템
20260709000313,20260709,코스닥,라온텍,418420,주식등의대량보유상황보고서(일반),김보은
20260709000291,20260709,코스닥,삼성스팩11호,0071M0,주식등의대량보유상황보고서(약식),더블유자산운용
20260709000286,20260709,코스닥,코리아나,027050,주식등의대량보유상황보고서(일반),유상옥
20260709000280,20260709,코스피,HD현대마린솔루션,443060,주식등의대량보유상황보고서(약식),GICPrivateLimited
20260709000271,20260709,코스피,코스맥스,192820,주식등의대량보유상황보고서(약식),GICPrivateLimited
20260709000258,20260709,코스피,에스엠벡셀,010580,주식등의대량보유상황보고서(일반),에스엠하이플러스
20260709000229,20260709,코스피,두올,016740,주식등의대량보유상황보고서(일반),IHC
20260709000173,20260709,코스피,한국항공우주,047810,주식등의대량보유상황보고서(약식),피델리티매니지먼트앤리서치컴퍼니엘엘씨
20260709000169,20260709,코스피,미창석유공업,003650,주식등의대량보유상황보고서(약식),피델리티매니지먼트앤리서치컴퍼니엘엘씨
20260709000168,20260709,코스닥,동양이엔피,079960,[기재정정]주식등의대량보유상황보고서(일반),김재수
20260709000162,20260709,코스닥,씨앤투스,352700,주식등의대량보유상황보고서(일반),하춘욱
20260709000161,20260709,코스닥,엠케이전자,033160,주식등의대량보유상황보고서(약식),J.P.MORGANSECURITIESPLC
20260709000159,20260709,코스피,영흥,012160,주식등의대량보유상황보고서(일반),장세일
20260709000133,20260709,코스닥,에이아이코리아,364950,주식등의대량보유상황보고서(일반),안진호
20260709000095,20260709,코스닥,한싹,430690,주식등의대량보유상황보고서(약식),(주)한싹 우리사주조합
20260709000060,20260709,코스닥,와이랩,432430,주식등의대량보유상황보고서(일반),윤인완
20260709000028,20260709,코스닥,메리츠제2호스팩,0165X0,주식등의대량보유상황보고서(약식),J.P.MORGANSECURITIESPLC
20260709000021,20260709,코스피,솔루엠,248070,주식등의대량보유상황보고서(일반),전성호
20260709000019,20260709,코스닥,국영지앤엠,006050,주식등의대량보유상황보고서(일반),최재원
20260709000004,20260709,코스닥,와토스코리아,079000,주식등의대량보유상황보고서(일반),송태양
20260709000003,20260709,코스피,영흥,012160,주식등의대량보유상황보고서(약식),이진식
20260708000589,20260709,코스닥,동양이엔피,079960,주식등의대량보유상황보고서(일반),김재수
20260708000587,20260709,코스닥,키움히어로제1호스팩,466690,주식등의대량보유상황보고서(약식),더블유자산운용
20260708000584,20260708,코스피,부국증권,001270,주식등의대량보유상황보고서(일반),김중건
20260708000580,20260708,코스닥,LSK아이로봇,091970,주식등의대량보유상황보고서(약식),더테크놀로지
20260708000564,20260708,코스닥,한일단조,024740,주식등의대량보유상황보고서(일반),홍진산업
20260708000563,20260708,코스닥,오가닉티코스메틱,900300,주식등의대량보유상황보고서(약식),YING CHENGZHI
20260708000548,20260708,코스피,조일알미늄,018470,주식등의대량보유상황보고서(일반),이영호
20260708000538,20260708,코스닥,오가닉티코스메틱,900300,주식등의대량보유상황보고서(약식),SUN AIJUAN
20260708000526,20260708,코스닥,오가닉티코스메틱,900300,주식등의대량보유상황보고서(약식),SONG LUTENG
20260708000522,20260708,코스닥,HC보광산업,225530,[기재정정]주식등의대량보유상황보고서(일반),HC홈센타
20260708000519,20260708,코스닥,HC보광산업,225530,[기재정정]주식등의대량보유상황보고서(일반),HC홈센타
20260708000517,20260708,코스닥,HC보광산업,225530,[기재정정]주식등의대량보유상황보고서(일반),HC홈센타
20260708000514,20260708,코스닥,SG,255220,주식등의대량보유상황보고서(일반),박창호
20260708000513,20260708,코스닥,HC보광산업,225530,[기재정정]주식등의대량보유상황보고서(일반),HC홈센타
20260708000508,20260708,코스닥,매드업,0039P0,주식등의대량보유상황보고서(약식),마하홀딩스
20260708000498,20260708,코스닥,누리플랜,069140,주식등의대량보유상황보고서(일반),이상우
20260708000495,20260708,코스닥,유진스팩12호,0105P0,주식등의대량보유상황보고서(약식),더블유자산운용
20260708000485,20260708,코스닥,매드업,0039P0,주식등의대량보유상황보고서(일반),크로스로드두나무창업벤처전문사모투자
20260708000483,20260708,코스닥,대동기어,008830,주식등의대량보유상황보고서(일반),대동
20260708000475,20260708,코스피,한국항공우주,047810,주식등의대량보유상황보고서(일반),한화에어로스페이스
20260708000473,20260708,코스닥,케이엠제약,225430,주식등의대량보유상황보고서(일반),강일모
20260708000471,20260708,코스닥,팸텍,271830,주식등의대량보유상황보고서(약식),라이노스자산운용
20260708000467,20260708,코스피,디와이에이,002880,주식등의대량보유상황보고서(일반),영일이
20260708000465,20260708,코스닥,하나36호스팩,0101C0,주식등의대량보유상황보고서(약식),더블유자산운용
20260708000462,20260708,코스닥,자연과환경,043910,주식등의대량보유상황보고서(일반),데이터테크놀로지
20260708000454,20260708,코스피,한솔테크닉스,004710,주식등의대량보유상황보고서(약식),미래에셋자산운용
20260708000437,20260708,코스피,콜마홀딩스,024720,주식등의대량보유상황보고서(일반),윤상현
20260708000425,20260708,코스피,삼천리,004690,주식등의대량보유상황보고서(약식),더제이자산운용
20260708000420,20260708,코스닥,제이케이시냅스,060230,주식등의대량보유상황보고서(약식),코아스
20260708000419,20260708,코스닥,나노신소재,121600,주식등의대량보유상황보고서(약식),삼성자산운용
20260708000417,20260708,코스피,오리엔트바이오,002630,주식등의대량보유상황보고서(일반),오리엔트
20260708000416,20260708,코스닥,테크윙,089030,주식등의대량보유상황보고서(약식),삼성자산운용
20260708000413,20260708,코스피,KB발해인프라,415640,주식등의대량보유상황보고서(약식),삼성자산운용
20260708000405,20260708,코스피,KG스틸,016380,주식등의대량보유상황보고서(일반),KG에코솔루션
20260708000401,20260708,코스닥,경남제약,053950,주식등의대량보유상황보고서(일반),빌리언스
20260708000398,20260708,코스닥,매드업,0039P0,주식등의대량보유상황보고서(일반),이주민
20260708000395,20260708,코스닥,미래에셋비전스팩11호,0099W0,주식등의대량보유상황보고서(약식),더블유자산운용
20260708000394,20260708,코스닥,두산테스나,131970,주식등의대량보유상황보고서(약식),삼성자산운용
20260708000393,20260708,코스닥,바이오스마트,038460,주식등의대량보유상황보고서(일반),박혜린
20260708000391,20260708,코스닥,리노공업,058470,주식등의대량보유상황보고서(약식),삼성자산운용
20260708000389,20260708,코스닥,피에스케이,319660,주식등의대량보유상황보고서(약식),삼성자산운용
20260708000385,20260708,코스피,금호전기,001210,주식등의대량보유상황보고서(일반),신주홀딩스
20260708000382,20260708,코스닥,코아시아씨엠,196450,주식등의대량보유상황보고서(일반),코아시아케이프제일호신기술사업투자조합
20260708000376,20260708,코스닥,엠케이전자,033160,주식등의대량보유상황보고서(일반),오션비홀딩스
20260708000374,20260708,코스닥,미래에셋비전스팩10호,0097F0,주식등의대량보유상황보고서(약식),더블유자산운용
20260708000361,20260708,코스닥,토박스코리아,215480,주식등의대량보유상황보고서(일반),꿈비
20260708000355,20260708,코스피,차AI헬스케어,025620,주식등의대량보유상황보고서(일반),메타엑스1호조합
20260708000327,20260708,코스닥,리더스코스메틱,016100,주식등의대량보유상황보고서(일반),김진구
20260708000305,20260708,코스닥,삼일,032280,주식등의대량보유상황보고서(일반),티디
20260708000292,20260708,코스닥,신한제13호스팩,474930,주식등의대량보유상황보고서(약식),더블유자산운용
20260708000279,20260708,코스피,호텔신라,008770,주식등의대량보유상황보고서(약식),한국투자신탁운용
20260708000269,20260708,코스닥,엔바이오니아,317870,주식등의대량보유상황보고서(일반),한정철
20260708000257,20260708,코스피,화승인더스트리,006060,주식등의대량보유상황보고서(일반),현석호
20260708000251,20260708,코스닥,웨이비스,289930,주식등의대량보유상황보고서(약식),MORGANSTANLEY&COINTLPLC
20260708000250,20260708,코스닥,케이옥션,102370,주식등의대량보유상황보고서(일반),티에이어드바이저
20260708000234,20260708,코스닥,지슨,446840,주식등의대량보유상황보고서(약식),프라임자산운용
20260708000227,20260708,코스닥,모비데이즈,363260,주식등의대량보유상황보고서(일반),유범령
20260708000210,20260708,코스피,코람코더원리츠,417310,주식등의대량보유상황보고서(약식),코람코자산운용
20260708000196,20260708,코스피,마스턴프리미어리츠,357430,주식등의대량보유상황보고서(약식),코람코자산운용
20260708000191,20260708,코스닥,툴젠,199800,주식등의대량보유상황보고서(일반),제넥신
20260708000183,20260708,코스닥,토비스,051360,주식등의대량보유상황보고서(일반),김용범
20260708000182,20260708,코스닥,미래에셋비전스팩9호,0096D0,주식등의대량보유상황보고서(약식),더블유자산운용
20260708000164,20260708,코스닥,메가스터디교육,215200,주식등의대량보유상황보고서(약식),SwedbankRoburFonderAB
20260708000163,20260708,코스닥,알티캐스트,085810,주식등의대량보유상황보고서(약식),제이플래닝
20260708000162,20260708,코스닥,케어젠,214370,주식등의대량보유상황보고서(일반),정용지
20260708000142,20260708,코스닥,케스피온,079190,주식등의대량보유상황보고서(일반),이앤에스인베스트먼트
20260708000135,20260708,코스닥,이베스트스팩6호,478110,주식등의대량보유상황보고서(약식),더블유자산운용
20260708000122,20260708,코스닥,LK삼양,225190,주식등의대량보유상황보고서(일반),엘케이
20260708000110,20260708,코스닥,디비금융스팩12호,477760,주식등의대량보유상황보고서(약식),더블유자산운용
20260708000106,20260708,코스닥,다보링크,340360,주식등의대량보유상황보고서(약식),정율근
20260708000072,20260708,코스닥,에코프로비엠,247540,주식등의대량보유상황보고서(일반),에코프로
20260708000048,20260708,코스닥,인피니트헬스케어,071200,주식등의대량보유상황보고서(약식),MiriCapitalManagementLLC
20260708000046,20260708,코스닥,스트라드비젼,475040,주식등의대량보유상황보고서(약식),엘에스에스메티스제4호창업벤처전문사모투자
20260708000025,20260708,코스닥,교보20호스팩,0132G0,주식등의대량보유상황보고서(약식),더블유자산운용
20260708000020,20260708,코스피,DN오토모티브,007340,주식등의대량보유상황보고서(일반),김상헌
20260708000011,20260708,코스닥,교보19호스팩,0098T0,주식등의대량보유상황보고서(약식),더블유자산운용
20260708000001,20260708,코스닥,스모트로닉,066590,주식등의대량보유상황보고서(일반),퓨트로닉
20260707000471,20260708,코스닥,모아데이타,288980,주식등의대량보유상황보고서(일반),한상진
20260707000461,20260707,코스닥,지슨,446840,주식등의대량보유상황보고서(일반),한동진
20260707000459,20260707,코스닥,푸른저축은행,007330,주식등의대량보유상황보고서(일반),주신홍
20260707000454,20260707,코스피,콜마홀딩스,024720,주식등의대량보유상황보고서(일반),윤상현
20260707000452,20260707,코스피,한미사이언스,008930,주식등의대량보유상황보고서(일반),송영숙
20260707000450,20260707,코스피,삼호개발,010960,주식등의대량보유상황보고서(일반),이종호
20260707000448,20260707,코스닥,교보18호스팩,0041B0,주식등의대량보유상황보고서(약식),더블유자산운용
20260707000445,20260707,코스닥,엣지파운드리,105550,주식등의대량보유상황보고서(일반),남용현
20260707000440,20260707,코스닥,앱튼,270520,주식등의대량보유상황보고서(약식),케이피아이2호조합
20260707000434,20260707,코스피,코웨이,021240,주식등의대량보유상황보고서(일반),얼라인파트너스자산운용
20260707000427,20260707,코스닥,미래에셋비전스팩5호,477470,주식등의대량보유상황보고서(약식),더블유자산운용
20260707000421,20260707,코스닥,꿈비,407400,주식등의대량보유상황보고서(일반),박영건
20260707000412,20260707,코스피,엘브이엠씨,900140,주식등의대량보유상황보고서(일반),오세영
20260707000410,20260707,코스닥,감성코퍼레이션,036620,주식등의대량보유상황보고서(일반),김호선
20260707000404,20260707,코스닥,제이스코홀딩스,023440,주식등의대량보유상황보고서(일반),캐디언스시스템
20260707000394,20260707,코스닥,한탑,002680,주식등의대량보유상황보고서(일반),류원기
20260707000391,20260707,코스닥,아이지넷,462980,주식등의대량보유상황보고서(일반),김창균
20260707000388,20260707,코스닥,HLB이노베이션,024850,주식등의대량보유상황보고서(일반),HLB
20260707000387,20260707,코스피,삼성에스디에스,018260,주식등의대량보유상황보고서(일반),STARTECHAIL.P.
20260707000385,20260707,코스닥,마이크로투나노,424980,주식등의대량보유상황보고서(약식),박영근
20260707000377,20260707,코스닥,심텍,222800,주식등의대량보유상황보고서(약식),미래에셋자산운용
20260707000375,20260707,코스닥,올릭스,226950,주식등의대량보유상황보고서(약식),미래에셋자산운용
20260707000374,20260707,코스닥,주성엔지니어링,036930,주식등의대량보유상황보고서(약식),미래에셋자산운용
20260707000373,20260707,코스피,이수페타시스,007660,주식등의대량보유상황보고서(약식),미래에셋자산운용
20260707000353,20260707,코스피,HJ중공업,097230,주식등의대량보유상황보고서(일반),에코프라임마린퍼시픽
20260707000352,20260707,코스닥,대원,007680,주식등의대량보유상황보고서(일반),대원칸타빌
20260707000349,20260707,코스닥,사토시홀딩스,223310,주식등의대량보유상황보고서(약식),상상인저축은행
20260707000344,20260707,코스닥,동구바이오제약,006620,주식등의대량보유상황보고서(일반),조용준
20260707000334,20260707,코스닥,비트맥스,377030,주식등의대량보유상황보고서(약식),블루록스테이지투자조합
20260707000330,20260707,코스닥,비트맥스,377030,주식등의대량보유상황보고서(약식),에스밸류투자조합
20260707000325,20260707,코스닥,GRT,900290,주식등의대량보유상황보고서(일반),Zhou YongNan
20260707000312,20260707,코스닥,GRT,900290,주식등의대량보유상황보고서(일반),신루이샹홀딩리미티드
20260707000307,20260707,코스피,신라교역,004970,주식등의대량보유상황보고서(일반),신라홀딩스
20260707000303,20260707,코스닥,매드업,0039P0,주식등의대량보유상황보고서(약식),스톤브릿지벤처스
20260707000297,20260707,코스닥,CMG제약,058820,주식등의대량보유상황보고서(약식),오라이언자산운용
20260707000293,20260707,코스닥,아이티아이즈,372800,주식등의대량보유상황보고서(일반),이성남
20260707000288,20260707,코스닥,금양그린파워,282720,주식등의대량보유상황보고서(일반),이윤철
20260707000284,20260707,코스닥,우림피티에스,101170,주식등의대량보유상황보고서(일반),한규석
20260707000283,20260707,코스피,에이프로젠바이오로직스,003060,주식등의대량보유상황보고서(일반),에이프로젠
20260707000279,20260707,코스피,팜스코,036580,주식등의대량보유상황보고서(약식),양지영
20260707000275,20260707,코스닥,블루엠텍,439580,[기재정정]주식등의대량보유상황보고서(약식),오라이언자산운용
20260707000263,20260707,코스닥,우림피티에스,101170,[기재정정]주식등의대량보유상황보고서(일반),한규석
20260707000249,20260707,코스닥,블루엠텍,439580,주식등의대량보유상황보고서(약식),오라이언자산운용
20260707000232,20260707,코스닥,오픈베이스,049480,주식등의대량보유상황보고서(약식),MORGANSTANLEY&COINTLPLC
20260707000231,20260707,코스닥,셀레믹스,331920,주식등의대량보유상황보고서(일반),박종갑
20260707000227,20260707,코스닥,선광,003100,주식등의대량보유상황보고서(일반),심충식
20260707000223,20260707,코스피,TP,007980,주식등의대량보유상황보고서(일반),임석원
20260707000216,20260707,코스피,이엔플러스,074610,주식등의대량보유상황보고서(약식),미니멈
20260707000204,20260707,코스닥,와이랩,432430,[기재정정]주식등의대량보유상황보고서(일반),윤인완
20260707000189,20260707,코스닥,한컴,030520,주식등의대량보유상황보고서(일반),한컴위드
20260707000183,20260707,코스닥,에스엠씨지,460870,주식등의대량보유상황보고서(일반),최승호
20260707000171,20260707,코스닥,한국제16호스팩,0164H0,주식등의대량보유상황보고서(일반),한국투자증권
20260707000140,20260707,코스닥,우림피티에스,101170,[기재정정]주식등의대량보유상황보고서(일반),한규석
20260707000137,20260707,코스피,에코프로머티,450080,주식등의대량보유상황보고서(일반),에코프로
20260707000135,20260707,코스닥,핌스,347770,주식등의대량보유상황보고서(일반),주광연
20260707000127,20260707,코스닥,야스,255440,주식등의대량보유상황보고서(일반),정광호
20260707000093,20260707,코스닥,엔켐,348370,주식등의대량보유상황보고서(일반),와이어트그룹
20260707000079,20260707,코스닥,청담글로벌,362320,주식등의대량보유상황보고서(일반),구상모
20260707000073,20260707,코스닥,한국제16호스팩,0164H0,주식등의대량보유상황보고서(약식),J.P.MORGANSECURITIESPLC
20260707000067,20260707,코스피,INVENI,015360,주식등의대량보유상황보고서(일반),구자은
20260707000066,20260707,코스닥,웨이버스,336060,주식등의대량보유상황보고서(일반),김학성
20260707000033,20260707,코스닥,다산디엠씨,208860,주식등의대량보유상황보고서(일반),다산네트웍스
20260707000025,20260707,코스닥,비큐AI,148780,주식등의대량보유상황보고서(일반),임경환
20260707000017,20260707,코스닥,바이오에프디엔씨,251120,주식등의대량보유상황보고서(일반),모상현
20260707000013,20260707,코스닥,뉴인텍,012340,주식등의대량보유상황보고서(일반),장기수
20260707000011,20260707,코스닥,태성,323280,주식등의대량보유상황보고서(일반),김종학
20260707000003,20260707,코스닥,큐리오시스,494120,주식등의대량보유상황보고서(약식),마이다스에셋자산운용
20260706000513,20260707,코스닥,PS일렉트로닉스,332570,주식등의대량보유상황보고서(일반),유대규
20260706000501,20260706,코스닥,에이치엠씨제7호스팩,477340,주식등의대량보유상황보고서(약식),더블유자산운용
20260706000491,20260706,코스닥,코스맥스엔비티,222040,주식등의대량보유상황보고서(일반),코스맥스비티아이
20260706000474,20260706,코스닥,우림피티에스,101170,[기재정정]주식등의대량보유상황보고서(일반),한규석
20260706000473,20260706,코스닥,위메이드,112040,주식등의대량보유상황보고서(일반),네오펄스
20260706000472,20260706,코스닥,SK증권제13호스팩,473950,[기재정정]주식등의대량보유상황보고서(약식),더블유자산운용
20260706000469,20260706,코스닥,우림피티에스,101170,[기재정정]주식등의대량보유상황보고서(일반),한규석
20260706000465,20260706,코스닥,우림피티에스,101170,[기재정정]주식등의대량보유상황보고서(일반),한규석
20260706000462,20260706,코스닥,에이비엘바이오,298380,주식등의대량보유상황보고서(일반),LEESANGHOON
20260706000459,20260706,코스닥,우림피티에스,101170,[기재정정]주식등의대량보유상황보고서(일반),한규석
20260706000456,20260706,코스피,케이씨씨글라스,344820,주식등의대량보유상황보고서(일반),정몽익
20260706000455,20260706,코스닥,우리엔터프라이즈,037400,주식등의대량보유상황보고서(일반),윤철주
20260706000452,20260706,코스닥,신테카바이오,226330,[기재정정]주식등의대량보유상황보고서(일반),정종선
20260706000446,20260706,코스닥,우림피티에스,101170,[기재정정]주식등의대량보유상황보고서(일반),한규석
20260706000431,20260706,코스닥,아이즈비전,031310,주식등의대량보유상황보고서(일반),파워넷
20260706000422,20260706,코스닥,에이전트AI,060900,주식등의대량보유상황보고서(약식),상상인저축은행
20260706000421,20260706,코스피,플레이그램,009810,주식등의대량보유상황보고서(일반),트라이콘 1호 투자조합
20260706000418,20260706,코스닥,져스텍,153890,주식등의대량보유상황보고서(약식),윈베스트벤처투자
20260706000417,20260706,코스닥,한국비티비,219750,주식등의대량보유상황보고서(일반),한국비엔씨
20260706000413,20260706,코스피,세아홀딩스,058650,주식등의대량보유상황보고서(일반),이태성
20260706000411,20260706,코스닥,인베니아,079950,주식등의대량보유상황보고서(일반),구자준
20260706000408,20260706,코스닥,스트라드비젼,475040,주식등의대량보유상황보고서(일반),김준환
20260706000402,20260706,코스닥,SK증권제13호스팩,473950,주식등의대량보유상황보고서(약식),더블유자산운용
20260706000398,20260706,코스닥,티플랙스,081150,주식등의대량보유상황보고서(약식),(주)티플랙스 우리사주조합
20260706000393,20260706,코스피,현대코퍼레이션홀딩스,227840,주식등의대량보유상황보고서(일반),정몽혁
20260706000390,20260706,코스피,한국카본,017960,주식등의대량보유상황보고서(일반),조문수
20260706000383,20260706,코스닥,피엠티,147760,주식등의대량보유상황보고서(일반),프로텍
20260706000377,20260706,코스닥,KZ정밀,036560,주식등의대량보유상황보고서(일반),유미개발
20260706000359,20260706,코스닥,뉴로메카,348340,주식등의대량보유상황보고서(약식),삼성액티브자산운용
20260706000356,20260706,코스닥,소프트센,032680,주식등의대량보유상황보고서(일반),홍콩셩다국제유한공사
20260706000343,20260706,코스닥,풍전약품,298060,주식등의대량보유상황보고서(일반),마르시아 신기술조합 제77호
20260706000339,20260706,코스닥,뉴로메카,348340,주식등의대량보유상황보고서(약식),삼성자산운용
20260706000315,20260706,코스닥,에스앤에스텍,101490,주식등의대량보유상황보고서(약식),삼성자산운용
20260706000311,20260706,코스닥,ISC,095340,주식등의대량보유상황보고서(약식),삼성자산운용
20260706000306,20260706,코스닥,주성엔지니어링,036930,주식등의대량보유상황보고서(약식),삼성자산운용
20260706000300,20260706,코스닥,HPSP,403870,주식등의대량보유상황보고서(약식),삼성자산운용
20260706000298,20260706,코스닥,알티캐스트,085810,주식등의대량보유상황보고서(약식),아이텍
20260706000295,20260706,코스닥,이오테크닉스,039030,주식등의대량보유상황보고서(약식),삼성자산운용
20260706000281,20260706,코스닥,씨앤지하이테크,264660,주식등의대량보유상황보고서(일반),홍사문
20260706000274,20260706,코스닥,에코글로우,159910,주식등의대량보유상황보고서(일반),더편한
20260706000271,20260706,코스닥,우림피티에스,101170,주식등의대량보유상황보고서(일반),한규석
20260706000268,20260706,코스닥,케이옥션,102370,주식등의대량보유상황보고서(일반),티에이어드바이저
20260706000266,20260706,코스닥,엘앤케이바이오,156100,주식등의대량보유상황보고서(일반),강국진
20260706000261,20260706,코스닥,위메이드,112040,주식등의대량보유상황보고서(일반),박관호
20260706000255,20260706,코스닥,동양에스텍,060380,주식등의대량보유상황보고서(약식),조남욱
20260706000235,20260706,코스닥,선익시스템,171090,주식등의대량보유상황보고서(일반),동아엘텍
20260706000231,20260706,코스피,신풍,002870,주식등의대량보유상황보고서(일반),정학헌
20260706000227,20260706,코스닥,엔에이치스팩33호,0130H0,주식등의대량보유상황보고서(약식),더블유자산운용
20260706000210,20260706,코스닥,우진비앤지,018620,주식등의대량보유상황보고서(일반),강재구
20260706000185,20260706,코스닥,아진산업,013310,주식등의대량보유상황보고서(일반),우신산업
20260706000182,20260706,코스닥,우리기술투자,041190,주식등의대량보유상황보고서(일반),이완근
20260706000179,20260706,코스닥,아이스크림미디어,461300,주식등의대량보유상황보고서(일반),시공테크
20260706000169,20260706,코스닥,앱튼,270520,주식등의대량보유상황보고서(약식),지피알(GPR)75조합
20260706000129,20260706,코스닥,지란지교시큐리티,208350,주식등의대량보유상황보고서(일반),지란지교소프트
20260706000119,20260706,코스닥,지아이이노베이션,358570,주식등의대량보유상황보고서(일반),장명호
20260706000110,20260706,코스닥,삼익제약,014950,주식등의대량보유상황보고서(일반),이충환
20260706000104,20260706,코스닥,디에스케이,109740,주식등의대량보유상황보고서(일반),시너지이노베이션
20260706000103,20260706,코스닥,쎄크,081180,주식등의대량보유상황보고서(일반),김종현
20260706000101,20260706,코스피,대한해운,005880,주식등의대량보유상황보고서(일반),에스엠상선
20260706000080,20260706,코스닥,다보링크,340360,주식등의대량보유상황보고서(일반),테라사이언스
20260706000054,20260706,코스닥,안랩,053800,주식등의대량보유상황보고서(일반),안철수
20260706000053,20260706,코스닥,세동,053060,주식등의대량보유상황보고서(일반),윤 정 상
20260706000038,20260706,코스닥,현대이지웰,090850,주식등의대량보유상황보고서(약식),MiriCapitalManagementLLC
20260706000036,20260706,코스피,신도리코,029530,주식등의대량보유상황보고서(약식),브이아이피자산운용
20260706000035,20260706,코스피,NH투자증권,005940,주식등의대량보유상황보고서(일반),농협금융지주
20260706000026,20260706,코스닥,피에스케이,319660,주식등의대량보유상황보고서(일반),피에스케이홀딩스
20260706000019,20260706,코스닥,진성티이씨,036890,주식등의대량보유상황보고서(약식),마이다스에셋자산운용
20260706000016,20260706,코스닥,바이오다인,314930,주식등의대량보유상황보고서(일반),임욱빈
20260706000004,20260706,코스닥,에이엘티,172670,주식등의대량보유상황보고서(일반),천병태
20260703000648,20260703,코스닥,성호전자,043260,[기재정정]주식등의대량보유상황보고서(일반),서룡전자
20260703000644,20260703,코스닥,에스팀,458350,주식등의대량보유상황보고서(일반),김소연
20260703000638,20260703,코스닥,노머스,473980,[기재정정]주식등의대량보유상황보고서(일반),김영준
20260703000619,20260703,코스닥,아이윈,090150,주식등의대량보유상황보고서(일반),신규진
20260703000616,20260703,코스피,부국증권,001270,주식등의대량보유상황보고서(일반),김중건
20260703000615,20260703,코스닥,비츠로시스,054220,주식등의대량보유상황보고서(약식),유니홀딩스
20260703000613,20260703,코스닥,딥노이드,315640,주식등의대량보유상황보고서(약식),김태규
20260703000610,20260703,코스피,롯데관광개발,032350,주식등의대량보유상황보고서(일반),김기병
20260703000609,20260703,코스닥,대한광통신,010170,주식등의대량보유상황보고서(일반),티에프오인더스트리
20260703000605,20260703,코스닥,덕신이피씨,090410,주식등의대량보유상황보고서(일반),김명환
20260703000603,20260703,코스닥,폴라리스오피스,041020,주식등의대량보유상황보고서(일반),조성우
20260703000598,20260703,코스닥,리드코프,012700,주식등의대량보유상황보고서(일반),디케이마린
20260703000591,20260703,코스피,LG,003550,주식등의대량보유상황보고서(일반),학교법인LG연암학원
20260703000582,20260703,코스닥,대명에너지,389260,주식등의대량보유상황보고서(일반),서종현
20260703000580,20260703,코스닥,앤로보틱스,138360,주식등의대량보유상황보고서(약식),골든리치투자1호조합
20260703000578,20260703,코스닥,세경하이테크,148150,주식등의대량보유상황보고서(일반),에스지에이치홀딩스
20260703000570,20260703,코스닥,팸텍,271830,주식등의대량보유상황보고서(약식),수성자산운용
20260703000569,20260703,코스닥,희림,037440,주식등의대량보유상황보고서(일반),정영균
20260703000568,20260703,코스닥,티앤알바이오팹,246710,주식등의대량보유상황보고서(일반),윤원수
20260703000558,20260703,코스피,트리니티항공,091810,주식등의대량보유상황보고서(일반),소노인터내셔널
20260703000557,20260703,코스닥,인포바인,115310,주식등의대량보유상황보고서(일반),권성준
20260703000556,20260703,코스닥,키네마스터,139670,주식등의대량보유상황보고서(일반),솔본
20260703000554,20260703,코스닥,차바이오텍,085660,주식등의대량보유상황보고서(일반),차광렬
20260703000544,20260703,코스닥,HC홈센타,060560,주식등의대량보유상황보고서(일반),에이치씨파트너스
20260703000541,20260703,코스닥,위메이드맥스,101730,주식등의대량보유상황보고서(일반),위메이드
20260703000540,20260703,코스닥,경남제약,053950,[기재정정]주식등의대량보유상황보고서(일반),엑스
20260703000538,20260703,코스닥,솔본,035610,주식등의대량보유상황보고서(일반),홍기태
20260703000536,20260703,코스피,영풍,000670,주식등의대량보유상황보고서(일반),KZ정밀
20260703000535,20260703,코스피,현대엘리베이터,017800,주식등의대량보유상황보고서(일반),현대홀딩스컴퍼니
20260703000526,20260703,코스닥,키이스트,054780,주식등의대량보유상황보고서(약식),하랑기술투자
20260703000504,20260703,코스닥,경남제약,053950,주식등의대량보유상황보고서(일반),엑스
20260703000502,20260703,코스닥,빅텍,065450,주식등의대량보유상황보고서(약식),MORGANSTANLEY&COINTLPLC
20260703000501,20260703,코스닥,플레이위드,023770,주식등의대량보유상황보고서(일반),드림아크코리아
20260703000496,20260703,코스피,롯데지주,004990,주식등의대량보유상황보고서(일반),신동빈
20260703000489,20260703,코스닥,보로노이,310210,주식등의대량보유상황보고서(일반),김현태
20260703000488,20260703,코스피,롯데쇼핑,023530,주식등의대량보유상황보고서(일반),신동빈
20260703000486,20260703,코스피,에이블씨엔씨,078520,주식등의대량보유상황보고서(일반),리프앤바인
20260703000478,20260703,코스닥,바이넥스,053030,주식등의대량보유상황보고서(일반),더에이블
20260703000469,20260703,코스피,한국토지신탁,034830,주식등의대량보유상황보고서(일반),엠케이인베스트먼트
20260703000468,20260703,코스피,롯데칠성음료,005300,주식등의대량보유상황보고서(약식),브이아이피자산운용
20260703000466,20260703,코스닥,파버나인,177830,주식등의대량보유상황보고서(일반),이제훈
20260703000460,20260703,코스닥,인콘,083640,주식등의대량보유상황보고서(일반),미래아이앤지
20260703000455,20260703,코스피,현대백화점,069960,주식등의대량보유상황보고서(일반),현대지에프홀딩스
20260703000452,20260703,코스닥,앱튼,270520,주식등의대량보유상황보고서(약식),유토피아 파트너스
20260703000448,20260703,코스닥,아이티엠반도체,084850,주식등의대량보유상황보고서(일반),NICE
20260703000421,20260703,코스피,유니온,000910,주식등의대량보유상황보고서(일반),이우선
20260703000409,20260703,코스닥,마이크로디지탈,305090,주식등의대량보유상황보고서(일반),김경남
20260703000395,20260703,코스피,유성기업,002920,주식등의대량보유상황보고서(약식),권순열
20260703000392,20260703,코스피,대원강업,000430,주식등의대량보유상황보고서(일반),현대지에프홀딩스
20260703000388,20260703,코스닥,이삭엔지니어링,351330,주식등의대량보유상황보고서(일반),김창수
20260703000382,20260703,코스닥,와이엠티,251370,주식등의대량보유상황보고서(일반),전성욱
20260703000375,20260703,코스닥,인트론바이오,048530,주식등의대량보유상황보고서(일반),윤성준
20260703000372,20260703,코스피,노루홀딩스,000320,주식등의대량보유상황보고서(일반),한영재
20260703000351,20260703,코스닥,강원에너지,114190,주식등의대량보유상황보고서(일반),평산파트너스
20260703000345,20260703,코스닥,인바디,041830,주식등의대량보유상황보고서(일반),차인준
20260703000335,20260703,코스닥,리더스코스메틱,016100,주식등의대량보유상황보고서(일반),김진구
20260703000329,20260703,코스닥,리더스코스메틱,016100,[기재정정]주식등의대량보유상황보고서(일반),김진구
20260703000321,20260703,코스닥,넥써쓰,205500,주식등의대량보유상황보고서(약식),NAVER
20260703000308,20260703,코스닥,에코프로,086520,주식등의대량보유상황보고서(일반),이동채
20260703000305,20260703,코스피,더블유게임즈,192080,주식등의대량보유상황보고서(일반),김가람
20260703000276,20260703,코스피,후성,093370,주식등의대량보유상황보고서(약식),J.P.MORGANSECURITIESPLC
20260703000246,20260703,코스닥,아이티아이즈,372800,주식등의대량보유상황보고서(일반),이성남
20260703000239,20260703,코스닥,아이티아이즈,372800,[기재정정]주식등의대량보유상황보고서(일반),이성남
20260703000230,20260703,코스닥,아이티아이즈,372800,[기재정정]주식등의대량보유상황보고서(일반),이성남
20260703000227,20260703,코스닥,성광벤드,014620,주식등의대량보유상황보고서(약식),JPMorganAssetManagement(AsiaPacific)Limited
20260703000224,20260703,코스피,한화솔루션,009830,주식등의대량보유상황보고서(일반),한화
20260703000169,20260703,코스닥,KBI메탈,024840,주식등의대량보유상황보고서(일반),케이비아이국인산업
20260703000158,20260703,코스닥,코퍼스코리아,322780,주식등의대량보유상황보고서(일반),아티스트스튜디오
20260703000134,20260703,코스닥,아이티아이즈,372800,주식등의대량보유상황보고서(약식),파인밸류자산운용
20260703000120,20260703,코스닥,제테마,216080,주식등의대량보유상황보고서(일반),김재영
20260703000119,20260703,코스닥,뉴파워프라즈마,144960,주식등의대량보유상황보고서(일반),최대규
20260703000113,20260703,코스피,케이티앤지,033780,주식등의대량보유상황보고서(약식),CapitalResearchandManagementCompany
20260703000089,20260703,코스피,JW홀딩스,096760,주식등의대량보유상황보고서(일반),이경하
20260703000045,20260703,코스닥,천보,278280,주식등의대량보유상황보고서(일반),이상율
20260703000004,20260703,코스닥,대모,317850,주식등의대량보유상황보고서(일반),이원해
20260703000001,20260703,코스닥,앤로보틱스,138360,[기재정정]주식등의대량보유상황보고서(약식),카티야파트너스
20260702000609,20260703,코스닥,앤로보틱스,138360,[기재정정]주식등의대량보유상황보고서(약식),카티야파트너스
20260702000608,20260703,코스닥,앤로보틱스,138360,[기재정정]주식등의대량보유상황보고서(약식),카티야파트너스
20260702000606,20260702,코스닥,성호전자,043260,[기재정정]주식등의대량보유상황보고서(일반),서룡전자
20260702000605,20260702,코스닥,HRS,036640,주식등의대량보유상황보고서(일반),강성자
20260702000598,20260702,코스피,셀트리온,068270,주식등의대량보유상황보고서(일반),셀트리온홀딩스
20260702000597,20260702,코스닥,져스텍,153890,주식등의대량보유상황보고서(일반),김용일
20260702000595,20260702,코스닥,오아,342870,주식등의대량보유상황보고서(일반),김상무
20260702000591,20260702,코스닥,제이앤티씨,204270,주식등의대량보유상황보고서(일반),진우엔지니어링
20260702000589,20260702,코스닥,아이엘,307180,주식등의대량보유상황보고서(일반),송성근
20260702000581,20260702,코스닥,테크윙,089030,주식등의대량보유상황보고서(약식),J.P.MORGANSECURITIESPLC
20260702000580,20260702,코스닥,골프존홀딩스,121440,주식등의대량보유상황보고서(일반),김원일
20260702000564,20260702,코스피,한미사이언스,008930,주식등의대량보유상황보고서(일반),임종훈
20260702000557,20260702,코스닥,오가닉티코스메틱,900300,주식등의대량보유상황보고서(일반),SUN YANE
20260702000556,20260702,코스닥,한켐,457370,주식등의대량보유상황보고서(일반),이상조
20260702000552,20260702,코스피,LX홀딩스,383800,주식등의대량보유상황보고서(약식),"KopernikGlobalInvestors,LLC"
20260702000546,20260702,코스피,한미사이언스,008930,주식등의대량보유상황보고서(일반),DXVX
20260702000544,20260702,코스닥,삼미금속,012210,주식등의대량보유상황보고서(일반),금강공업
20260702000539,20260702,코스닥,화일약품,061250,주식등의대량보유상황보고서(일반),오성첨단소재
20260702000537,20260702,코스닥,보성파워텍,006910,주식등의대량보유상황보고서(일반),임재황
20260702000522,20260702,코스피,우신시스템,017370,주식등의대량보유상황보고서(일반),허우영
20260702000515,20260702,코스피,농심,004370,주식등의대량보유상황보고서(일반),신동원
20260702000510,20260702,코스피,아이에스동서,010780,주식등의대량보유상황보고서(일반),권혁운
20260702000504,20260702,코스피,신한서부티엔디리츠,404990,주식등의대량보유상황보고서(약식),미래에셋자산운용
20260702000503,20260702,코스피,코람코더원리츠,417310,주식등의대량보유상황보고서(약식),미래에셋자산운용
20260702000501,20260702,코스닥,HPSP,403870,주식등의대량보유상황보고서(약식),미래에셋자산운용
20260702000496,20260702,코스닥,신테카바이오,226330,주식등의대량보유상황보고서(일반),정종선
20260702000489,20260702,코스닥,액스비스,0011A0,주식등의대량보유상황보고서(일반),김명진
20260702000486,20260702,코스닥,조이시티,067000,주식등의대량보유상황보고서(약식),조이시티우리사주조합
20260702000485,20260702,코스닥,인터엠,017250,주식등의대량보유상황보고서(일반),조순구
20260702000484,20260702,코스닥,컬러레이,900310,주식등의대량보유상황보고서(일반),Zhuo Zhongbiao
20260702000480,20260702,코스닥,앤로보틱스,138360,주식등의대량보유상황보고서(일반),씨아이테크
20260702000473,20260702,코스피,갤럭시아에스엠,011420,주식등의대량보유상황보고서(일반),트리니티에셋매니지먼트
20260702000468,20260702,코스닥,한컴,030520,주식등의대량보유상황보고서(일반),한컴위드
20260702000467,20260702,코스닥,에이치브이엠,295310,주식등의대량보유상황보고서(약식),KB자산운용
20260702000463,20260702,코스닥,한스바이오메드,042520,주식등의대량보유상황보고서(약식),KB자산운용
20260702000461,20260702,코스닥,와이즈넛,096250,주식등의대량보유상황보고서(약식),KB자산운용
20260702000456,20260702,코스닥,엑셈,205100,주식등의대량보유상황보고서(약식),KB자산운용
20260702000453,20260702,코스피,디아이동일,001530,주식등의대량보유상황보고서(약식),동양주택개발
20260702000450,20260702,코스닥,아모텍,052710,주식등의대량보유상황보고서(일반),김병규
20260702000443,20260702,코스닥,다보링크,340360,주식등의대량보유상황보고서(일반),테라사이언스
20260702000441,20260702,코스닥,아셈스,136410,주식등의대량보유상황보고서(일반),장지상
20260702000437,20260702,코스피,두산에너빌리티,034020,주식등의대량보유상황보고서(일반),두산
20260702000431,20260702,코스피,에이플러스에셋,244920,주식등의대량보유상황보고서(일반),얼라인파트너스자산운용
20260702000418,20260702,코스닥,디지틀조선,033130,주식등의대량보유상황보고서(약식),박영옥
20260702000399,20260702,코스닥,앤로보틱스,138360,주식등의대량보유상황보고서(약식),카티야파트너스
20260702000395,20260702,코스닥,필옵틱스,161580,주식등의대량보유상황보고서(일반),한기수
20260702000394,20260702,코스닥,에이루트,096690,주식등의대량보유상황보고서(일반),최정임
20260702000387,20260702,코스닥,희림,037440,주식등의대량보유상황보고서(일반),정영균
20260702000384,20260702,코스닥,코텍,052330,주식등의대량보유상황보고서(일반),아이디스홀딩스
20260702000383,20260702,코스닥,세원물산,024830,주식등의대량보유상황보고서(일반),김문기
20260702000382,20260702,코스닥,디어유,376300,주식등의대량보유상황보고서(일반),JYP Ent.
20260702000374,20260702,코스피,HDC,012630,주식등의대량보유상황보고서(일반),정몽규
20260702000371,20260702,코스닥,디어유,376300,주식등의대량보유상황보고서(일반),에스엠
20260702000365,20260702,코스피,성신양회,004980,주식등의대량보유상황보고서(일반),김태현
20260702000363,20260702,코스닥,포시에스,189690,주식등의대량보유상황보고서(일반),조종민
20260702000347,20260702,코스피,JW중외제약,001060,주식등의대량보유상황보고서(일반),JW홀딩스
20260702000344,20260702,코스피,SK디앤디,210980,주식등의대량보유상황보고서(일반),한앤코개발홀딩스
20260702000341,20260702,코스피,에스엠벡셀,010580,주식등의대량보유상황보고서(일반),에스엠하이플러스
20260702000338,20260702,코스닥,나인앤컴퍼니,366030,주식등의대량보유상황보고서(약식),김주영
20260702000319,20260702,코스닥,휴젤,145020,[기재정정]주식등의대량보유상황보고서(일반),아프로디테애퀴지션홀딩스엘엘씨
20260702000315,20260702,코스닥,센코,347000,주식등의대량보유상황보고서(일반),티에스 2024-16 M&A 성장조합
20260702000306,20260702,코스피,트리니티항공,091810,주식등의대량보유상황보고서(약식),에스트리니제일차
20260702000295,20260702,코스피,트리니티항공,091810,주식등의대량보유상황보고서(약식),퍼플클래스제일차
20260702000289,20260702,코스닥,에이엘티,172670,주식등의대량보유상황보고서(일반),천병태
20260702000269,20260702,코스닥,RF머트리얼즈,327260,주식등의대량보유상황보고서(일반),RFHIC
20260702000256,20260702,코스닥,유라클,088340,주식등의대량보유상황보고서(일반),조준희
20260702000242,20260702,코스닥,아나패스,123860,주식등의대량보유상황보고서(일반),이경호
20260702000204,20260702,코스닥,휴젤,145020,[기재정정]주식등의대량보유상황보고서(일반),아프로디테애퀴지션홀딩스엘엘씨
20260702000193,20260702,코스닥,휴젤,145020,[기재정정]주식등의대량보유상황보고서(일반),아프로디테애퀴지션홀딩스엘엘씨
20260702000164,20260702,코스닥,성호전자,043260,주식등의대량보유상황보고서(일반),서룡전자
20260702000159,20260702,코스닥,에이치케이,044780,주식등의대량보유상황보고서(일반),계명재
20260702000151,20260702,코스닥,이엘피,063760,주식등의대량보유상황보고서(일반),이재혁
20260702000150,20260702,코스닥,청담글로벌,362320,주식등의대량보유상황보고서(일반),최석주
20260702000131,20260702,코스닥,세미파이브,490470,주식등의대량보유상황보고서(약식),JPMorganAssetManagement(AsiaPacific)Limited
20260702000122,20260702,코스피,넥스틸,092790,주식등의대량보유상황보고서(약식),티엔에이치 티비 옵티모 신기술조합 제1호
20260702000111,20260702,코스닥,씨앤투스,352700,주식등의대량보유상황보고서(일반),하춘욱
20260702000081,20260702,코스닥,코퍼스코리아,322780,주식등의대량보유상황보고서(일반),오영섭
20260702000061,20260702,코스피,DKME,015590,주식등의대량보유상황보고서(약식),오픈아시아컴퍼니
20260701000720,20260702,코스닥,노머스,473980,주식등의대량보유상황보고서(일반),김영준
20260701000675,20260701,코스피,케이카,381970,주식등의대량보유상황보고서(일반),한앤코오토서비스홀딩스
20260701000672,20260701,코스피,다이나믹디자인,145210,주식등의대량보유상황보고서(일반),이브이첨단소재
20260701000671,20260701,코스피,한국특강,007280,주식등의대량보유상황보고서(일반),매직홀딩스
20260701000669,20260701,코스닥,리더스코스메틱,016100,주식등의대량보유상황보고서(일반),김진구
20260701000666,20260701,코스피,다우기술,023590,주식등의대량보유상황보고서(일반),다우데이타
20260701000662,20260701,코스피,유유제약,000220,주식등의대량보유상황보고서(일반),유원상
20260701000658,20260701,코스닥,엠젠솔루션,032790,주식등의대량보유상황보고서(일반),퀀텀딥테크성장투자1호조합
20260701000657,20260701,코스피,디앤디플랫폼리츠,377190,주식등의대량보유상황보고서(약식),미래에셋자산운용
20260701000656,20260701,코스닥,더코디,224060,주식등의대량보유상황보고서(일반),이석산업개발
20260701000651,20260701,코스닥,솔브레인,357780,주식등의대량보유상황보고서(약식),미래에셋자산운용
20260701000650,20260701,코스피,코람코라이프인프라리츠,357120,주식등의대량보유상황보고서(약식),미래에셋자산운용
20260701000649,20260701,코스피,이지스밸류플러스리츠,334890,주식등의대량보유상황보고서(약식),미래에셋자산운용
20260701000648,20260701,코스닥,원익IPS,240810,주식등의대량보유상황보고서(약식),미래에셋자산운용
20260701000646,20260701,코스닥,디바이스,187870,주식등의대량보유상황보고서(약식),미래에셋자산운용
20260701000645,20260701,코스닥,나노,187790,주식등의대량보유상황보고서(약식),미래에셋자산운용
20260701000644,20260701,코스닥,피엠티,147760,주식등의대량보유상황보고서(약식),미래에셋자산운용
20260701000643,20260701,코스닥,ISC,095340,주식등의대량보유상황보고서(약식),미래에셋자산운용
20260701000642,20260701,코스피,이리츠코크렙,088260,주식등의대량보유상황보고서(약식),미래에셋자산운용
20260701000641,20260701,코스닥,네오티스,085910,주식등의대량보유상황보고서(약식),미래에셋자산운용
20260701000640,20260701,코스닥,리노공업,058470,주식등의대량보유상황보고서(약식),미래에셋자산운용
20260701000639,20260701,코스피,한미반도체,042700,주식등의대량보유상황보고서(약식),미래에셋자산운용
20260701000638,20260701,코스닥,이오테크닉스,039030,주식등의대량보유상황보고서(약식),미래에셋자산운용
20260701000637,20260701,코스닥,엠케이전자,033160,주식등의대량보유상황보고서(약식),미래에셋자산운용
20260701000636,20260701,코스피,코리아써키트,007810,주식등의대량보유상황보고서(약식),미래에셋자산운용
20260701000635,20260701,코스피,DB하이텍,000990,주식등의대량보유상황보고서(약식),미래에셋자산운용
20260701000623,20260701,코스닥,인선이엔티,060150,주식등의대량보유상황보고서(일반),아이에스동서
20260701000622,20260701,코스닥,엔젯,419080,[기재정정]주식등의대량보유상황보고서(일반),변도영
20260701000619,20260701,코스피,한미사이언스,008930,주식등의대량보유상황보고서(일반),송영숙
20260701000616,20260701,코스피,에이프로젠,007460,주식등의대량보유상황보고서(약식),하베스트로즈
20260701000602,20260701,코스닥,DH오토웨어,025440,주식등의대량보유상황보고서(일반),디에이치글로벌
20260701000599,20260701,코스닥,알지노믹스,476830,주식등의대량보유상황보고서(약식),국민연금공단
20260701000597,20260701,코스피,동국제강,460860,주식등의대량보유상황보고서(약식),국민연금공단
20260701000596,20260701,코스닥,한국정보통신,025770,주식등의대량보유상황보고서(일반),박헌서
20260701000595,20260701,코스닥,파인엠텍,441270,주식등의대량보유상황보고서(약식),국민연금공단
20260701000590,20260701,코스닥,씨엠티엑스,388210,주식등의대량보유상황보고서(약식),국민연금공단
20260701000588,20260701,코스닥,베노티앤알,206400,주식등의대량보유상황보고서(일반),라미쿠스
20260701000586,20260701,코스닥,티로보틱스,117730,주식등의대량보유상황보고서(일반),안승욱
20260701000584,20260701,코스닥,솔브레인,357780,주식등의대량보유상황보고서(약식),국민연금공단
20260701000578,20260701,코스닥,국전,307750,주식등의대량보유상황보고서(일반),홍종호
20260701000577,20260701,코스닥,RF머트리얼즈,327260,주식등의대량보유상황보고서(약식),국민연금공단
20260701000574,20260701,코스닥,피에스케이,319660,주식등의대량보유상황보고서(약식),국민연금공단
20260701000571,20260701,코스닥,녹십자엠에스,142280,주식등의대량보유상황보고서(일반),녹십자
20260701000570,20260701,코스닥,코스메카코리아,241710,주식등의대량보유상황보고서(약식),국민연금공단
20260701000565,20260701,코스닥,RFHIC,218410,주식등의대량보유상황보고서(약식),국민연금공단
20260701000564,20260701,코스피,이노션,214320,주식등의대량보유상황보고서(약식),국민연금공단
20260701000559,20260701,코스닥,덕산네오룩스,213420,주식등의대량보유상황보고서(약식),국민연금공단
20260701000557,20260701,코스닥,HK이노엔,195940,주식등의대량보유상황보고서(약식),국민연금공단
20260701000553,20260701,코스피,해성디에스,195870,주식등의대량보유상황보고서(약식),국민연금공단
20260701000550,20260701,코스피,동아에스티,170900,주식등의대량보유상황보고서(약식),국민연금공단
20260701000544,20260701,코스닥,비나텍,126340,주식등의대량보유상황보고서(약식),국민연금공단
20260701000541,20260701,코스닥,와이지엔터테인먼트,122870,주식등의대량보유상황보고서(약식),국민연금공단
20260701000537,20260701,코스닥,한솔아이원스,114810,주식등의대량보유상황보고서(약식),국민연금공단
20260701000533,20260701,코스피,한세실업,105630,주식등의대량보유상황보고서(약식),국민연금공단
20260701000531,20260701,코스닥,미래나노텍,095500,주식등의대량보유상황보고서(일반),김철영
20260701000530,20260701,코스닥,에스앤에스텍,101490,주식등의대량보유상황보고서(약식),국민연금공단
20260701000510,20260701,코스피,SNT에너지,100840,주식등의대량보유상황보고서(약식),국민연금공단
20260701000507,20260701,코스닥,더핑크퐁컴퍼니,403850,주식등의대량보유상황보고서(일반),김민석
20260701000506,20260701,코스닥,넥써쓰,205500,주식등의대량보유상황보고서(일반),SK스퀘어
20260701000502,20260701,코스피,비에이치,090460,주식등의대량보유상황보고서(약식),국민연금공단
20260701000496,20260701,코스닥,브이엠,089970,주식등의대량보유상황보고서(약식),국민연금공단
20260701000492,20260701,코스닥,대주전자재료,078600,주식등의대량보유상황보고서(약식),국민연금공단
20260701000483,20260701,코스닥,원익QnC,074600,주식등의대량보유상황보고서(약식),국민연금공단
20260701000481,20260701,코스닥,이니텍,053350,주식등의대량보유상황보고서(일반),해든성장
20260701000480,20260701,코스피,HL홀딩스,060980,주식등의대량보유상황보고서(약식),국민연금공단
20260701000476,20260701,코스닥,엠로,058970,주식등의대량보유상황보고서(약식),국민연금공단
20260701000473,20260701,코스피,아진전자부품,009320,주식등의대량보유상황보고서(일반),우신산업
20260701000472,20260701,코스피,한미글로벌,053690,주식등의대량보유상황보고서(약식),국민연금공단
20260701000471,20260701,코스피,삼영무역,002810,주식등의대량보유상황보고서(일반),이승용
20260701000466,20260701,코스닥,아모텍,052710,주식등의대량보유상황보고서(약식),국민연금공단
20260701000461,20260701,코스닥,코나아이,052400,주식등의대량보유상황보고서(약식),국민연금공단
20260701000459,20260701,코스닥,조이시티,067000,주식등의대량보유상황보고서(일반),엔드림
20260701000458,20260701,코스닥,에스티아이,039440,주식등의대량보유상황보고서(약식),국민연금공단
20260701000456,20260701,코스닥,진성티이씨,036890,주식등의대량보유상황보고서(약식),국민연금공단
20260701000453,20260701,코스닥,알멕,354320,주식등의대량보유상황보고서(일반),다이엑스
20260701000452,20260701,코스닥,에이프릴바이오,397030,주식등의대량보유상황보고서(일반),차상훈
20260701000451,20260701,코스닥,태광,023160,주식등의대량보유상황보고서(약식),국민연금공단
20260701000446,20260701,코스피,한섬,020000,주식등의대량보유상황보고서(약식),국민연금공단
20260701000442,20260701,코스피,유니드,014830,주식등의대량보유상황보고서(약식),국민연금공단
20260701000434,20260701,코스피,삼화전기,009470,주식등의대량보유상황보고서(약식),국민연금공단
20260701000430,20260701,코스피,국도화학,007690,주식등의대량보유상황보고서(약식),국민연금공단
20260701000427,20260701,코스닥,풍강,093380,주식등의대량보유상황보고서(일반),김진용
20260701000424,20260701,코스피,대한유화,006650,주식등의대량보유상황보고서(약식),국민연금공단
20260701000417,20260701,코스피,삼화콘덴서공업,001820,주식등의대량보유상황보고서(약식),국민연금공단
20260701000415,20260701,코스피,세아제강지주,003030,주식등의대량보유상황보고서(약식),국민연금공단
20260701000402,20260701,코스피,덴티움,145720,주식등의대량보유상황보고서(약식),국민연금공단
20260701000400,20260701,코스닥,티에스이,131290,주식등의대량보유상황보고서(일반),권상준
20260701000395,20260701,코스피,엠앤씨솔루션,484870,주식등의대량보유상황보고서(약식),국민연금공단
20260701000385,20260701,코스피,하나투어,039130,주식등의대량보유상황보고서(약식),국민연금공단
20260701000383,20260701,코스피,STX엔진,077970,주식등의대량보유상황보고서(약식),국민연금공단
20260701000380,20260701,코스피,LX세미콘,108320,주식등의대량보유상황보고서(약식),국민연금공단
20260701000379,20260701,코스피,율촌화학,008730,주식등의대량보유상황보고서(약식),국민연금공단
20260701000377,20260701,코스피,코리아써키트,007810,주식등의대량보유상황보고서(약식),국민연금공단
20260701000374,20260701,코스피,IPARK현대산업개발,294870,주식등의대량보유상황보고서(약식),국민연금공단
20260701000373,20260701,코스피,한샘,009240,주식등의대량보유상황보고서(약식),국민연금공단
20260701000371,20260701,코스피,엘앤에프,066970,주식등의대량보유상황보고서(약식),국민연금공단
20260701000369,20260701,코스피,GS건설,006360,주식등의대량보유상황보고서(약식),국민연금공단
20260701000368,20260701,코스피,풍산,103140,주식등의대량보유상황보고서(약식),국민연금공단
20260701000366,20260701,코스피,롯데관광개발,032350,주식등의대량보유상황보고서(약식),국민연금공단
20260701000364,20260701,코스피,ESR켄달스퀘어리츠,365550,주식등의대량보유상황보고서(약식),국민연금공단
20260701000360,20260701,코스피,세방전지,004490,주식등의대량보유상황보고서(약식),국민연금공단
20260701000359,20260701,코스피,녹십자,006280,주식등의대량보유상황보고서(약식),국민연금공단
20260701000358,20260701,코스피,현대위아,011210,주식등의대량보유상황보고서(약식),국민연금공단
20260701000355,20260701,코스피,종근당,185750,주식등의대량보유상황보고서(약식),국민연금공단
20260701000354,20260701,코스피,SK케미칼,285130,주식등의대량보유상황보고서(약식),국민연금공단
20260701000351,20260701,코스피,에스엘,005850,주식등의대량보유상황보고서(약식),국민연금공단
20260701000347,20260701,코스피,한국카본,017960,주식등의대량보유상황보고서(약식),국민연금공단
20260701000345,20260701,코스피,대상,001680,주식등의대량보유상황보고서(약식),국민연금공단
20260701000342,20260701,코스피,SKC,011790,주식등의대량보유상황보고서(약식),국민연금공단
20260701000341,20260701,코스피,LG씨엔에스,064400,주식등의대량보유상황보고서(약식),국민연금공단
20260701000328,20260701,코스피,카카오,035720,주식등의대량보유상황보고서(약식),국민연금공단
20260701000325,20260701,코스피,LG,003550,주식등의대량보유상황보고서(약식),국민연금공단
20260701000315,20260701,코스피,LG이노텍,011070,주식등의대량보유상황보고서(약식),국민연금공단
20260701000313,20260701,코스피,HL만도,204320,주식등의대량보유상황보고서(약식),국민연금공단
20260701000311,20260701,코스피,포스코DX,022100,주식등의대량보유상황보고서(약식),국민연금공단
20260701000308,20260701,코스피,달바글로벌,483650,주식등의대량보유상황보고서(약식),국민연금공단
20260701000305,20260701,코스피,롯데에너지머티리얼즈,020150,주식등의대량보유상황보고서(약식),국민연금공단
20260701000303,20260701,코스피,GS리테일,007070,주식등의대량보유상황보고서(약식),국민연금공단
20260701000302,20260701,코스닥,세동,053060,주식등의대량보유상황보고서(일반),윤 정 상
20260701000300,20260701,코스피,두산밥캣,241560,주식등의대량보유상황보고서(약식),국민연금공단
20260701000295,20260701,코스피,SK오션플랜트,100090,주식등의대량보유상황보고서(약식),국민연금공단
20260701000293,20260701,코스피,삼성SDI,006400,주식등의대량보유상황보고서(약식),국민연금공단
20260701000290,20260701,코스피,코스맥스,192820,주식등의대량보유상황보고서(약식),국민연금공단
20260701000289,20260701,코스닥,엑스큐어,070300,주식등의대량보유상황보고서(일반),브이에스티디(VSTD)투자조합
20260701000287,20260701,코스피,BNK금융지주,138930,주식등의대량보유상황보고서(약식),국민연금공단
20260701000284,20260701,코스피,DL이앤씨,375500,주식등의대량보유상황보고서(약식),국민연금공단
20260701000279,20260701,코스피,호텔신라,008770,주식등의대량보유상황보고서(약식),국민연금공단
20260701000276,20260701,코스피,씨에스윈드,112610,주식등의대량보유상황보고서(약식),국민연금공단
20260701000274,20260701,코스피,DB하이텍,000990,주식등의대량보유상황보고서(약식),국민연금공단
20260701000273,20260701,코스피,코오롱인더,120110,주식등의대량보유상황보고서(약식),국민연금공단
20260701000271,20260701,코스피,산일전기,062040,주식등의대량보유상황보고서(약식),국민연금공단
20260701000266,20260701,코스피,삼성전기,009150,주식등의대량보유상황보고서(약식),국민연금공단
20260701000265,20260701,코스피,더블유게임즈,192080,주식등의대량보유상황보고서(약식),국민연금공단
20260701000259,20260701,코스피,프레스티지바이오파마,950210,주식등의대량보유상황보고서(일반),메이슨파트너스
20260701000252,20260701,코스피,NAVER,035420,주식등의대량보유상황보고서(약식),국민연금공단
20260701000251,20260701,코스피,HD현대마린엔진,071970,주식등의대량보유상황보고서(약식),국민연금공단
20260701000250,20260701,코스피,대한항공,003490,주식등의대량보유상황보고서(약식),국민연금공단
20260701000248,20260701,코스피,효성중공업,298040,주식등의대량보유상황보고서(약식),국민연금공단
20260701000246,20260701,코스피,현대해상,001450,주식등의대량보유상황보고서(약식),국민연금공단
20260701000243,20260701,코스피,NC,036570,주식등의대량보유상황보고서(약식),국민연금공단
20260701000242,20260701,코스피,미래에셋증권,006800,주식등의대량보유상황보고서(약식),국민연금공단
20260701000240,20260701,코스피,금호석유화학,011780,주식등의대량보유상황보고서(약식),국민연금공단
20260701000238,20260701,코스피,삼성E&A,028050,주식등의대량보유상황보고서(약식),국민연금공단
20260701000235,20260701,코스피,한솔케미칼,014680,주식등의대량보유상황보고서(약식),국민연금공단
20260701000234,20260701,코스닥,HLB생명과학,067630,주식등의대량보유상황보고서(일반),HLB
20260701000232,20260701,코스피,일진전기,103590,주식등의대량보유상황보고서(약식),국민연금공단
20260701000231,20260701,코스피,케이씨씨,002380,주식등의대량보유상황보고서(약식),국민연금공단
20260701000226,20260701,코스피,NHN,181710,주식등의대량보유상황보고서(약식),국민연금공단
20260701000223,20260701,코스피,롯데쇼핑,023530,주식등의대량보유상황보고서(약식),국민연금공단
20260701000222,20260701,코스피,한올바이오파마,009420,주식등의대량보유상황보고서(약식),국민연금공단
20260701000220,20260701,코스피,한국콜마,161890,주식등의대량보유상황보고서(약식),국민연금공단
20260701000218,20260701,코스피,현대건설,000720,주식등의대량보유상황보고서(약식),국민연금공단
20260701000201,20260701,코스닥,케이엠제약,225430,주식등의대량보유상황보고서(일반),강일모
20260701000185,20260701,코스피,SK이터닉스,475150,주식등의대량보유상황보고서(약식),국민연금공단
20260701000184,20260701,코스피,이수스페셜티케미컬,457190,주식등의대량보유상황보고서(약식),국민연금공단
20260701000183,20260701,코스피,OCI,456040,주식등의대량보유상황보고서(약식),국민연금공단
20260701000182,20260701,코스피,에코프로머티,450080,주식등의대량보유상황보고서(약식),국민연금공단
20260701000181,20260701,코스피,HD현대에너지솔루션,322000,주식등의대량보유상황보고서(약식),국민연금공단
20260701000180,20260701,코스피,세아제강,306200,주식등의대량보유상황보고서(약식),국민연금공단
20260701000179,20260701,코스피,케이뱅크,279570,주식등의대량보유상황보고서(약식),국민연금공단
20260701000178,20260701,코스닥,심텍,222800,주식등의대량보유상황보고서(약식),국민연금공단
20260701000177,20260701,코스피,한솔제지,213500,주식등의대량보유상황보고서(약식),국민연금공단
20260701000176,20260701,코스닥,글로벌텍스프리,204620,주식등의대량보유상황보고서(약식),국민연금공단
20260701000175,20260701,코스닥,제이에스링크,127120,주식등의대량보유상황보고서(약식),국민연금공단
20260701000174,20260701,코스피,후성,093370,주식등의대량보유상황보고서(약식),국민연금공단
20260701000172,20260701,코스닥,덕산하이메탈,077360,주식등의대량보유상황보고서(약식),국민연금공단
20260701000171,20260701,코스닥,인텍플러스,064290,주식등의대량보유상황보고서(약식),국민연금공단
20260701000167,20260701,코스닥,한스바이오메드,042520,주식등의대량보유상황보고서(약식),국민연금공단
20260701000166,20260701,코스피,영원무역홀딩스,009970,주식등의대량보유상황보고서(약식),국민연금공단
20260701000163,20260701,코스피,삼아알미늄,006110,주식등의대량보유상황보고서(약식),국민연금공단
20260701000162,20260701,코스피,동원산업,006040,주식등의대량보유상황보고서(약식),국민연금공단
20260701000161,20260701,코스피,현대지에프홀딩스,005440,주식등의대량보유상황보고서(약식),국민연금공단
20260701000158,20260701,코스닥,하이즈항공,221840,주식등의대량보유상황보고서(일반),하상헌
20260701000151,20260701,코스피,현대제철,004020,주식등의대량보유상황보고서(약식),국민연금공단
20260701000147,20260701,코스닥,CG인바이츠,083790,[기재정정]주식등의대량보유상황보고서(일반),뉴레이크인바이츠투자
20260701000141,20260701,코스닥,성우전자,081580,주식등의대량보유상황보고서(약식),르네상스자산운용
20260701000116,20260701,코스닥,노브랜드,145170,주식등의대량보유상황보고서(약식),반도글로벌
20260701000115,20260701,코스닥,한국제16호스팩,0164H0,주식등의대량보유상황보고서(일반),에이씨피씨
20260701000088,20260701,코스닥,엔젯,419080,주식등의대량보유상황보고서(일반),변도영
20260701000086,20260701,코스닥,와이바이오로직스,338840,주식등의대량보유상황보고서(일반),박영우
20260701000073,20260701,코스닥,도이치모터스,067990,주식등의대량보유상황보고서(일반),권오수
20260701000067,20260701,코스닥,한국알콜,017890,주식등의대량보유상황보고서(약식),MiriCapitalManagementLLC
20260701000043,20260701,코스닥,제놀루션,225220,주식등의대량보유상황보고서(일반),김기옥
20260701000010,20260701,코스닥,비보존 제약,082800,[기재정정]주식등의대량보유상황보고서(일반),비보존홀딩스
20260701000009,20260701,코스피,한국항공우주,047810,주식등의대량보유상황보고서(일반),한화에어로스페이스
20260630001123,20260701,코스닥,CG인바이츠,083790,주식등의대량보유상황보고서(일반),뉴레이크인바이츠투자
20260630001118,20260701,코스닥,세중,039310,주식등의대량보유상황보고서(일반),천세전
20260630001115,20260630,코스닥,안국약품,001540,주식등의대량보유상황보고서(일반),어진
20260630001107,20260630,코스닥,엠투엔,033310,주식등의대량보유상황보고서(일반),디케이마린
20260630001104,20260630,코스피,코스모화학,005420,주식등의대량보유상황보고서(일반),코스모앤컴퍼니
20260630001089,20260630,코스닥,메디앙스,014100,주식등의대량보유상황보고서(일반),김은정
20260630001071,20260630,코스닥,삼영에스앤씨,361670,주식등의대량보유상황보고서(일반),변동준
20260630001069,20260630,코스피,광동제약,009290,주식등의대량보유상황보고서(일반),최성원
20260630001039,20260630,코스닥,비보존 제약,082800,주식등의대량보유상황보고서(일반),비보존홀딩스
20260630001036,20260630,코스피,애경케미칼,161000,주식등의대량보유상황보고서(일반),AK홀딩스
20260630001035,20260630,코스닥,웹스,196700,주식등의대량보유상황보고서(일반),이재춘
20260630001031,20260630,코스피,남선알미늄,008350,주식등의대량보유상황보고서(일반),삼라
20260630001017,20260630,코스피,남선알미늄,008350,주식등의대량보유상황보고서(일반),삼라
20260630001016,20260630,코스닥,링네트,042500,주식등의대량보유상황보고서(일반),링네트우리사주조합
20260630001013,20260630,코스닥,현대바이오,048410,주식등의대량보유상황보고서(일반),씨앤팜
20260630000989,20260630,코스닥,펄어비스,263750,주식등의대량보유상황보고서(일반),김대일
20260630000986,20260630,코스닥,한중엔시에스,107640,주식등의대량보유상황보고서(일반),김환식
20260630000937,20260630,코스피,에넥스,011090,주식등의대량보유상황보고서(일반),박진규
20260630000930,20260630,코스피,현대지에프홀딩스,005440,주식등의대량보유상황보고서(일반),정교선
20260630000919,20260630,코스닥,네패스,033640,주식등의대량보유상황보고서(일반),이창우
20260630000893,20260630,코스닥,티앤알바이오팹,246710,주식등의대량보유상황보고서(일반),윤원수
20260630000872,20260630,코스닥,텔콘RF제약,200230,주식등의대량보유상황보고서(일반),뉴온
20260630000861,20260630,코스닥,토박스코리아,215480,주식등의대량보유상황보고서(일반),이선근
20260630000854,20260630,코스피,시프트업,462870,주식등의대량보유상황보고서(일반),김형태
20260630000849,20260630,코스닥,모아데이타,288980,주식등의대량보유상황보고서(일반),한상진
20260630000846,20260630,코스닥,부방,014470,주식등의대량보유상황보고서(일반),테크로스홀딩스
20260630000839,20260630,코스닥,대한과학,131220,주식등의대량보유상황보고서(일반),서정구
20260630000817,20260630,코스피,화승코퍼레이션,013520,주식등의대량보유상황보고서(일반),현지호
20260630000810,20260630,코스닥,웰크론,065950,주식등의대량보유상황보고서(일반),이영규
20260630000809,20260630,코스피,부국증권,001270,주식등의대량보유상황보고서(일반),김중건
20260630000807,20260630,코스닥,다산네트웍스,039560,주식등의대량보유상황보고서(일반),다산솔루에타
20260630000794,20260630,코스닥,넥스턴앤롤코리아,089140,주식등의대량보유상황보고서(약식),에스엘에너지
20260630000789,20260630,코스닥,다산솔루에타,154040,주식등의대량보유상황보고서(일반),다산인베스트
20260630000788,20260630,코스닥,HLB파나진,046210,주식등의대량보유상황보고서(일반),HLB
20260630000769,20260630,코스피,SB성보,003080,주식등의대량보유상황보고서(일반),윤정선
20260630000757,20260630,코스닥,코셈,360350,주식등의대량보유상황보고서(일반),이준희
20260630000756,20260630,코스닥,하나기술,299030,주식등의대량보유상황보고서(일반),오태봉
20260630000742,20260630,코스닥,코난테크놀로지,402030,주식등의대량보유상황보고서(일반),김영섬
20260630000725,20260630,코스닥,루닛,328130,주식등의대량보유상황보고서(일반),백승욱
20260630000688,20260630,코스피,한국종합기술,023350,주식등의대량보유상황보고서(일반),한국종합기술홀딩스
20260630000670,20260630,코스피,미창석유공업,003650,주식등의대량보유상황보고서(일반),유재순
20260630000650,20260630,코스닥,3S,060310,주식등의대량보유상황보고서(일반),한국웨이퍼홀딩스
20260630000576,20260630,코스닥,디바이스,187870,[기재정정]주식등의대량보유상황보고서(일반),최봉진
20260630000531,20260630,코스닥,포메탈,119500,주식등의대량보유상황보고서(일반),오세원
20260630000433,20260630,코스피,INVENI,015360,주식등의대량보유상황보고서(일반),구자은
20260630000423,20260630,코스닥,포커스에이아이,331380,주식등의대량보유상황보고서(일반),위허브
20260630000405,20260630,코스닥,와이랩,432430,주식등의대량보유상황보고서(일반),윤인완
20260630000387,20260630,코스피,SG세계물산,004060,주식등의대량보유상황보고서(일반),에스지고려
20260630000385,20260630,코스닥,한일단조,024740,주식등의대량보유상황보고서(일반),홍진산업
20260630000364,20260630,코스피,솔루엠,248070,주식등의대량보유상황보고서(일반),전성호
20260630000360,20260630,코스피,SG글로벌,001380,주식등의대량보유상황보고서(일반),에스지고려
20260630000342,20260630,코스닥,디알텍,214680,주식등의대량보유상황보고서(일반),케이메디컬밸류업
20260630000315,20260630,코스닥,옵트론텍,082210,주식등의대량보유상황보고서(일반),"CHOISANGHO,CORP."
20260630000313,20260630,코스닥,SV인베스트먼트,289080,주식등의대량보유상황보고서(일반),박성호
20260630000228,20260630,코스닥,오픈놀,440320,주식등의대량보유상황보고서(일반),권인택
20260630000187,20260630,코스피,경방,000050,주식등의대량보유상황보고서(일반),김담
20260630000183,20260630,코스피,신흥,004080,주식등의대량보유상황보고서(일반),이용익
20260630000079,20260630,코스닥,샤페론,378800,주식등의대량보유상황보고서(일반),성승용
20260629000574,20260629,코스닥,SOOP,067160,주식등의대량보유상황보고서(일반),쎄인트인터내셔널
20260629000569,20260629,코스닥,에이텍,045660,주식등의대량보유상황보고서(일반),신승영
20260629000552,20260629,코스닥,엠젠솔루션,032790,주식등의대량보유상황보고서(일반),트렌스젠바이오
20260629000547,20260629,코스닥,야스,255440,주식등의대량보유상황보고서(일반),정광호
20260629000540,20260629,코스닥,노을,376930,주식등의대량보유상황보고서(일반),"MSEED,INC."
20260629000530,20260629,코스닥,클리오,237880,주식등의대량보유상황보고서(일반),한현옥
20260629000528,20260629,코스피,인디에프,014990,주식등의대량보유상황보고서(일반),글로벌세아
20260629000525,20260629,코스피,제주항공,089590,주식등의대량보유상황보고서(일반),AK홀딩스
20260629000523,20260629,코스닥,콜마비앤에이치,200130,주식등의대량보유상황보고서(일반),콜마홀딩스
20260629000519,20260629,코스닥,아이엘,307180,주식등의대량보유상황보고서(일반),송성근
20260629000518,20260629,코스피,콜마홀딩스,024720,주식등의대량보유상황보고서(일반),윤상현
20260629000516,20260629,코스닥,엑셈,205100,주식등의대량보유상황보고서(일반),조종암
20260629000511,20260629,코스닥,피에이치에이,043370,주식등의대량보유상황보고서(약식),"KopernikGlobalInvestors,LLC"
20260629000510,20260629,코스닥,한울앤제주,276730,주식등의대량보유상황보고서(약식),그린스트리트
20260629000503,20260629,코스닥,한국비엔씨,256840,주식등의대량보유상황보고서(일반),최완규
20260629000495,20260629,코스닥,서진시스템,178320,주식등의대량보유상황보고서(일반),전동규
20260629000492,20260629,코스피,율촌화학,008730,주식등의대량보유상황보고서(일반),신동윤
20260629000491,20260629,코스닥,HC보광산업,225530,주식등의대량보유상황보고서(일반),HC홈센타
20260629000490,20260629,코스피,온타이드,005320,주식등의대량보유상황보고서(일반),약진통상
20260629000477,20260629,코스닥,토박스코리아,215480,주식등의대량보유상황보고서(일반),꿈비
20260629000463,20260629,코스닥,디어유,376300,주식등의대량보유상황보고서(일반),안종오
20260629000444,20260629,코스닥,동구바이오제약,006620,주식등의대량보유상황보고서(일반),조용준
20260629000442,20260629,코스피,대림통상,006570,주식등의대량보유상황보고서(일반),디앤디파트너스
20260629000440,20260629,코스닥,엘컴텍,037950,주식등의대량보유상황보고서(일반),파트론
20260629000435,20260629,코스닥,동화기업,025900,주식등의대량보유상황보고서(일반),"DONGWHAINTERNATIONALCO.,LTD"
20260629000423,20260629,코스피,쏘카,403550,주식등의대량보유상황보고서(일반),에스오큐알아이
20260629000412,20260629,코스닥,아리바이오홀딩스,290690,주식등의대량보유상황보고서(일반),정재준
20260629000390,20260629,코스피,진원생명과학,011000,주식등의대량보유상황보고서(일반),동반성장투자조합제1호
20260629000389,20260629,코스닥,MDS테크,086960,주식등의대량보유상황보고서(일반),플레이그램
20260629000387,20260629,코스닥,오픈놀,440320,주식등의대량보유상황보고서(약식),수성자산운용
20260629000378,20260629,코스닥,오스템,031510,주식등의대량보유상황보고서(일반),김정우
20260629000362,20260629,코스닥,제이앤티씨,204270,주식등의대량보유상황보고서(일반),진우엔지니어링
20260629000361,20260629,코스닥,디에스엠,104040,주식등의대량보유상황보고서(약식),수성자산운용
20260629000346,20260629,코스닥,광진실업,026910,주식등의대량보유상황보고서(약식),카이로스
20260629000337,20260629,코스피,극동유화,014530,주식등의대량보유상황보고서(일반),장선우
20260629000336,20260629,코스닥,미트박스,475460,주식등의대량보유상황보고서(약식),박진호
20260629000327,20260629,코스닥,KG이니시스,035600,주식등의대량보유상황보고서(일반),KG케미칼
20260629000291,20260629,코스닥,에이팩트,200470,주식등의대량보유상황보고서(일반),다이내믹그로우쓰
20260629000274,20260629,코스닥,신테카바이오,226330,[기재정정]주식등의대량보유상황보고서(일반),정종선
20260629000245,20260629,코스닥,에이팩트,200470,주식등의대량보유상황보고서(일반),뮤츄얼그로우쓰
20260629000226,20260629,코스닥,와이엠씨,155650,주식등의대량보유상황보고서(일반),이윤용
20260629000188,20260629,코스닥,KBI메탈,024840,주식등의대량보유상황보고서(일반),케이비아이국인산업
20260629000163,20260629,코스닥,제이에스링크,127120,주식등의대량보유상황보고서(일반),주성씨앤에어
20260629000153,20260629,코스피,메타케어,118000,주식등의대량보유상황보고서(일반),메타랩스
20260629000140,20260629,코스닥,유라클,088340,주식등의대량보유상황보고서(일반),조준희
20260629000114,20260629,코스피,핸즈코퍼레이션,143210,주식등의대량보유상황보고서(일반),승현창
20260629000109,20260629,코스닥,하나32호스팩,475240,주식등의대량보유상황보고서(약식),더블유자산운용
20260629000100,20260629,코스닥,HLB테라퓨틱스,115450,주식등의대량보유상황보고서(일반),HLB
20260629000098,20260629,코스닥,HLB제넥스,187420,주식등의대량보유상황보고서(일반),HLB
20260629000093,20260629,코스닥,싸이맥스,160980,주식등의대량보유상황보고서(일반),인지컨트롤스
20260629000083,20260629,코스닥,대신밸런스제17호스팩,471050,주식등의대량보유상황보고서(약식),더블유자산운용
20260629000074,20260629,코스닥,FSN,214270,주식등의대량보유상황보고서(일반),제이투비
20260629000055,20260629,코스피,KG케미칼,001390,주식등의대량보유상황보고서(일반),케이지제로인
20260629000021,20260629,코스닥,지앤비에스 에코,382800,주식등의대량보유상황보고서(약식),J.P.MORGANSECURITIESPLC
20260629000013,20260629,코스닥,웨이버스,336060,주식등의대량보유상황보고서(일반),김학성
20260626000767,20260626,코스닥,폰드그룹,472850,주식등의대량보유상황보고서(일반),대명화학
20260626000763,20260626,코스닥,싸이토젠,217330,주식등의대량보유상황보고서(일반),캔디엑스홀딩스
20260626000754,20260626,코스닥,하림지주,003380,주식등의대량보유상황보고서(일반),김홍국
20260626000735,20260626,코스닥,싸이토젠,217330,주식등의대량보유상황보고서(일반),전병희
20260626000723,20260626,코스피,종근당,185750,주식등의대량보유상황보고서(약식),"KopernikGlobalInvestors,LLC"
20260626000714,20260626,코스피,SK디앤디,210980,주식등의대량보유상황보고서(일반),SK디스커버리
20260626000712,20260626,코스닥,덴티스,261200,주식등의대량보유상황보고서(일반),심기봉
20260626000694,20260626,코스닥,에코글로우,159910,주식등의대량보유상황보고서(일반),더편한
20260626000692,20260626,코스닥,DXVX,180400,주식등의대량보유상황보고서(일반),임종윤
20260626000688,20260626,코스피,HDC,012630,주식등의대량보유상황보고서(일반),정몽규
20260626000686,20260626,코스피,케이카,381970,[기재정정]주식등의대량보유상황보고서(일반),케이모빌리티밸류업
20260626000670,20260626,코스피,대림통상,006570,주식등의대량보유상황보고서(일반),디앤디파트너스
20260626000669,20260626,코스닥,에이루트,096690,주식등의대량보유상황보고서(약식),큐리어스홀딩스
20260626000668,20260626,코스닥,엔젠바이오,354200,주식등의대량보유상황보고서(일반),에스에이치헬스케어투자1호조합
20260626000617,20260626,코스닥,씨앤지하이테크,264660,주식등의대량보유상황보고서(일반),홍사문
20260626000611,20260626,코스닥,케이피엠테크,042040,주식등의대량보유상황보고서(일반),텔콘RF제약
20260626000588,20260626,코스피,한익스프레스,014130,주식등의대량보유상황보고서(일반),Lee Drew Sukhwan 이석환
20260626000577,20260626,코스닥,에이루트,096690,주식등의대량보유상황보고서(약식),크립토그로스1호
20260626000573,20260626,코스닥,플레이위드,023770,주식등의대량보유상황보고서(일반),드림아크코리아
20260626000549,20260626,코스닥,이노뎁,303530,주식등의대량보유상황보고서(일반),이성진
20260626000544,20260626,코스피,신원,009270,주식등의대량보유상황보고서(일반),티앤엠커뮤니케이션즈
20260626000543,20260626,코스닥,파인메딕스,387570,주식등의대량보유상황보고서(약식),이문수
20260626000542,20260626,코스닥,에이루트,096690,주식등의대량보유상황보고서(일반),최정임
20260626000530,20260626,코스닥,이녹스첨단소재,272290,주식등의대량보유상황보고서(일반),이녹스
20260626000529,20260626,코스닥,크레버스,096240,주식등의대량보유상황보고서(일반),김영화
20260626000528,20260626,코스닥,경남제약,053950,주식등의대량보유상황보고서(일반),빌리언스
20260626000522,20260626,코스피,에이프로젠,007460,주식등의대량보유상황보고서(일반),지베이스
20260626000520,20260626,코스닥,엠케이전자,033160,주식등의대량보유상황보고서(일반),오션비홀딩스
20260626000498,20260626,코스피,크래프톤,259960,주식등의대량보유상황보고서(일반),장병규
20260626000492,20260626,코스닥,코리아나,027050,주식등의대량보유상황보고서(일반),유상옥
20260626000489,20260626,코스피,코스맥스비티아이,044820,주식등의대량보유상황보고서(일반),서성석
20260626000475,20260626,코스피,유니퀘스트,077500,주식등의대량보유상황보고서(일반),임창완
20260626000467,20260626,코스닥,인텔리안테크,189300,주식등의대량보유상황보고서(일반),성상엽
20260626000456,20260626,코스닥,파인메딕스,387570,주식등의대량보유상황보고서(약식),엔브이씨파트너스
20260626000444,20260626,코스닥,에이치엔에스하이텍,044990,주식등의대량보유상황보고서(일반),김정희
20260626000423,20260626,코스닥,삼영엠텍,054540,주식등의대량보유상황보고서(일반),전창옥
20260626000416,20260626,코스닥,리드코프,012700,주식등의대량보유상황보고서(일반),디케이마린
20260626000407,20260626,코스닥,큐캐피탈,016600,주식등의대량보유상황보고서(일반),지엔코
20260626000388,20260626,코스닥,대신밸런스제20호스팩,0134X0,주식등의대량보유상황보고서(일반),대신증권
20260626000344,20260626,코스닥,에이텍모빌리티,224110,주식등의대량보유상황보고서(일반),신승영
20260626000296,20260626,코스닥,아이디피,332370,주식등의대량보유상황보고서(일반),아이디스홀딩스
20260626000295,20260626,코스닥,아이디스,143160,주식등의대량보유상황보고서(일반),아이디스홀딩스
20260626000293,20260626,코스닥,우림피티에스,101170,주식등의대량보유상황보고서(일반),한규석
20260626000272,20260626,코스닥,이엘피,063760,주식등의대량보유상황보고서(일반),이재혁
20260626000257,20260626,코스닥,성호전자,043260,주식등의대량보유상황보고서(일반),서룡전자
20260626000237,20260626,코스닥,인바디,041830,주식등의대량보유상황보고서(일반),차인준
20260626000201,20260626,코스닥,디케이락,105740,주식등의대량보유상황보고서(일반),노은식
20260626000178,20260626,코스닥,메디톡스,086900,주식등의대량보유상황보고서(일반),정현호
20260626000110,20260626,코스닥,천보,278280,주식등의대량보유상황보고서(일반),이상율
20260626000079,20260626,코스닥,대정화금,120240,주식등의대량보유상황보고서(약식),삼전순약공업
20260626000051,20260626,코스닥,화성밸브,039610,주식등의대량보유상황보고서(일반),장원규
20260626000025,20260626,코스닥,성광벤드,014620,주식등의대량보유상황보고서(일반),안재일
20260626000021,20260626,코스닥,풍원정밀,371950,주식등의대량보유상황보고서(약식),에이오에이-하이 달타냥 투자조합 1호
20260626000016,20260626,코스닥,에코프로비엠,247540,주식등의대량보유상황보고서(일반),에코프로
20260625000633,20260625,코스닥,메리츠제2호스팩,0165X0,주식등의대량보유상황보고서(약식),J.P.MORGANSECURITIESPLC
20260625000618,20260625,코스피,케이카,381970,주식등의대량보유상황보고서(일반),캑터스프라이빗에쿼티
20260625000613,20260625,코스피,케이카,381970,주식등의대량보유상황보고서(일반),케이모빌리티밸류업
20260625000611,20260625,코스피,블루산업개발,006740,주식등의대량보유상황보고서(약식),에스디비조합
20260625000604,20260625,코스닥,큐브엔터,182360,주식등의대량보유상황보고서(일반),강승곤
20260625000603,20260625,코스닥,대한광통신,010170,주식등의대량보유상황보고서(일반),티에프오인더스트리
20260625000602,20260625,코스피,갤럭시아에스엠,011420,주식등의대량보유상황보고서(일반),트리니티에셋매니지먼트
20260625000592,20260625,코스닥,미코,059090,주식등의대량보유상황보고서(일반),전선규
20260625000591,20260625,코스닥,티엘비,356860,주식등의대량보유상황보고서(일반),백성현
20260625000579,20260625,코스닥,한컴,030520,주식등의대량보유상황보고서(일반),한컴위드
20260625000576,20260625,코스닥,메리츠제2호스팩,0165X0,주식등의대량보유상황보고서(일반),메리츠증권
20260625000572,20260625,코스닥,SG,255220,주식등의대량보유상황보고서(일반),박창호
20260625000557,20260625,코스닥,IBKS제25호스팩,0099X0,주식등의대량보유상황보고서(약식),더블유자산운용
20260625000555,20260625,코스닥,서부T&D,006730,주식등의대량보유상황보고서(일반),엠와이에이치
20260625000554,20260625,코스닥,삼익제약,014950,주식등의대량보유상황보고서(약식),하나증권
20260625000547,20260625,코스닥,카카오게임즈,293490,주식등의대량보유상황보고서(일반),엘트리플에이인베스트먼트
20260625000541,20260625,코스닥,카카오게임즈,293490,주식등의대량보유상황보고서(일반),카카오
20260625000540,20260625,코스닥,엘티씨,170920,주식등의대량보유상황보고서(약식),미래에셋자산운용
20260625000517,20260625,코스닥,더블유에스아이,299170,주식등의대량보유상황보고서(일반),박정섭
20260625000514,20260625,코스피,제이에스코퍼레이션,194370,주식등의대량보유상황보고서(약식),삼성액티브자산운용
20260625000513,20260625,코스닥,신테카바이오,226330,[기재정정]주식등의대량보유상황보고서(일반),정종선
20260625000495,20260625,코스닥,심텍,222800,주식등의대량보유상황보고서(일반),심텍홀딩스
20260625000477,20260625,코스닥,오텍,067170,주식등의대량보유상황보고서(일반),강성희
20260625000471,20260625,코스닥,브이티,018290,주식등의대량보유상황보고서(일반),정철
20260625000448,20260625,코스닥,이삭엔지니어링,351330,주식등의대량보유상황보고서(일반),김창수
20260625000431,20260625,코스닥,엔켐,348370,주식등의대량보유상황보고서(일반),와이어트그룹
20260625000430,20260625,코스닥,저스템,417840,주식등의대량보유상황보고서(일반),임영진
20260625000414,20260625,코스닥,알멕,354320,주식등의대량보유상황보고서(일반),다이엑스
20260625000413,20260625,코스닥,마크로젠,038290,주식등의대량보유상황보고서(일반),서정선
20260625000400,20260625,코스피,대림통상,006570,주식등의대량보유상황보고서(일반),디앤디파트너스
20260625000393,20260625,코스닥,엑스큐어,070300,주식등의대량보유상황보고서(일반),브이에스티디(VSTD)투자조합
20260625000388,20260625,코스피,GS,078930,주식등의대량보유상황보고서(일반),허창수
20260625000293,20260625,코스피,에스엠벡셀,010580,주식등의대량보유상황보고서(일반),에스엠하이플러스
20260625000260,20260625,코스피,에코프로머티,450080,주식등의대량보유상황보고서(일반),에코프로
20260625000243,20260625,코스닥,FSN,214270,주식등의대량보유상황보고서(약식),김정률
20260625000229,20260625,코스닥,심텍,222800,주식등의대량보유상황보고서(약식),케이비메자닌캐피탈제4호사모투자
20260625000222,20260625,코스닥,GMI벤처,019570,주식등의대량보유상황보고서(약식),아이오케이이엔엠
20260625000175,20260625,코스닥,비투엔,307870,주식등의대량보유상황보고서(일반),엑스트윈스1호조합
20260625000174,20260625,코스피,한국카본,017960,주식등의대량보유상황보고서(일반),조문수
20260625000167,20260625,코스닥,씨앤투스,352700,주식등의대량보유상황보고서(일반),하춘욱
20260625000096,20260625,코스피,코스맥스,192820,주식등의대량보유상황보고서(약식),NorgesBank
20260625000023,20260625,코스닥,로젠,033290,주식등의대량보유상황보고서(일반),대명화학
20260624000495,20260624,코스피,팬오션,028670,주식등의대량보유상황보고서(일반),하림지주
20260624000490,20260624,코스피,에이프로젠바이오로직스,003060,주식등의대량보유상황보고서(약식),이영철
20260624000477,20260624,코스닥,드림시큐리티,203650,주식등의대량보유상황보고서(일반),범진규
20260624000442,20260624,코스닥,하이딥,365590,주식등의대량보유상황보고서(일반),고범규
20260624000441,20260624,코스피,DB손해보험,005830,주식등의대량보유상황보고서(일반),김준기
20260624000440,20260624,코스닥,에르코스,435570,주식등의대량보유상황보고서(일반),김슬기
20260624000429,20260624,코스닥,비트플래닛,049470,주식등의대량보유상황보고서(약식),NRCapitalHoldingCompanyLimited
20260624000428,20260624,코스피,메타랩스,090370,주식등의대량보유상황보고서(일반),위버랩스
20260624000415,20260624,코스닥,한울반도체,320000,주식등의대량보유상황보고서(일반),한울소재과학
20260624000402,20260624,코스닥,한울앤제주,276730,[기재정정]주식등의대량보유상황보고서(일반),한울반도체
20260624000392,20260624,코스닥,피플바이오,304840,[기재정정]주식등의대량보유상황보고서(일반),휴먼데이타
20260624000370,20260624,코스닥,휴젤,145020,주식등의대량보유상황보고서(일반),아프로디테애퀴지션홀딩스엘엘씨
20260624000361,20260624,코스닥,에스와이스틸텍,365330,주식등의대량보유상황보고서(일반),에스와이
20260624000360,20260624,코스닥,레뷰코퍼레이션,443250,주식등의대량보유상황보고서(일반),글로벌커넥트플랫폼사모투자
20260624000357,20260624,코스닥,리메드,302550,주식등의대량보유상황보고서(일반),이근용
20260624000336,20260624,코스닥,아즈텍WB,032080,주식등의대량보유상황보고서(일반),허재명
20260624000332,20260624,코스피,현대백화점,069960,주식등의대량보유상황보고서(일반),현대지에프홀딩스
20260624000321,20260624,코스피,종근당홀딩스,001630,주식등의대량보유상황보고서(일반),이장한
20260624000311,20260624,코스피,종근당,185750,주식등의대량보유상황보고서(일반),이장한
20260624000310,20260624,코스피,대원강업,000430,주식등의대량보유상황보고서(일반),현대지에프홀딩스
20260624000309,20260624,코스닥,부스타,008470,주식등의대량보유상황보고서(일반),유승협
20260624000286,20260624,코스닥,라메디텍,462510,주식등의대량보유상황보고서(일반),최종석
20260624000282,20260624,코스닥,에이텀,355690,[기재정정]주식등의대량보유상황보고서(약식),르네상스자산운용
20260624000270,20260624,코스닥,피플바이오,304840,주식등의대량보유상황보고서(일반),휴먼데이타
20260624000260,20260624,코스닥,에코프로,086520,주식등의대량보유상황보고서(일반),이동채
20260624000249,20260624,코스닥,SDN,099220,주식등의대량보유상황보고서(일반),최기혁
20260624000231,20260624,코스피,아진전자부품,009320,주식등의대량보유상황보고서(일반),우신산업
20260624000212,20260624,코스닥,동운아나텍,094170,주식등의대량보유상황보고서(일반),김동철
20260624000207,20260624,코스닥,라온피플,300120,주식등의대량보유상황보고서(일반),이석중
20260624000206,20260624,코스닥,CS,065770,주식등의대량보유상황보고서(일반),정흥식
20260624000181,20260624,코스닥,DH오토웨어,025440,주식등의대량보유상황보고서(일반),디에이치글로벌
20260624000176,20260624,코스닥,모다이노칩,080420,주식등의대량보유상황보고서(일반),대명화학
20260624000140,20260624,코스닥,알체라,347860,주식등의대량보유상황보고서(일반),황영규
20260624000120,20260624,코스닥,HC홈센타,060560,주식등의대량보유상황보고서(약식),신건
20260624000080,20260624,코스닥,엔피케이,048830,주식등의대량보유상황보고서(일반),최상건
20260624000073,20260624,코스피,풀무원,017810,주식등의대량보유상황보고서(일반),남승우
20260624000049,20260624,코스닥,제테마,216080,주식등의대량보유상황보고서(일반),김재영
20260624000002,20260624,코스피,한국항공우주,047810,주식등의대량보유상황보고서(일반),한화에어로스페이스
20260623000428,20260624,코스피,동원모빌리티,018500,주식등의대량보유상황보고서(일반),이은우
20260623000425,20260624,코스닥,해성옵틱스,076610,주식등의대량보유상황보고서(약식),티7재도약조합
20260623000397,20260623,코스닥,하나머티리얼즈,166090,주식등의대량보유상황보고서(일반),하나마이크론
20260623000383,20260623,코스피,부국증권,001270,주식등의대량보유상황보고서(일반),김중건
20260623000379,20260623,코스닥,금양그린파워,282720,주식등의대량보유상황보고서(일반),이윤철
20260623000378,20260623,코스닥,코스모로보틱스,439960,주식등의대량보유상황보고서(약식),엔비에이치캐피탈
20260623000351,20260623,코스피,HDC,012630,주식등의대량보유상황보고서(일반),정몽규
20260623000345,20260623,코스피,케이씨씨글라스,344820,주식등의대량보유상황보고서(일반),정몽익
20260623000341,20260623,코스피,CJ제일제당,097950,주식등의대량보유상황보고서(약식),국민연금공단
20260623000339,20260623,코스닥,야스,255440,주식등의대량보유상황보고서(일반),정광호
20260623000338,20260623,코스피,한화오션,042660,주식등의대량보유상황보고서(약식),국민연금공단
20260623000336,20260623,코스피,POSCO홀딩스,005490,주식등의대량보유상황보고서(약식),국민연금공단
20260623000320,20260623,코스피,삼화전자공업,011230,주식등의대량보유상황보고서(일반),오영주
20260623000314,20260623,코스피,한미사이언스,008930,주식등의대량보유상황보고서(일반),송영숙
20260623000312,20260623,코스피,온타이드,005320,주식등의대량보유상황보고서(일반),약진통상
20260623000309,20260623,코스닥,엘앤씨바이오,290650,주식등의대량보유상황보고서(일반),이환철
20260623000308,20260623,코스피,삼화콘덴서공업,001820,주식등의대량보유상황보고서(일반),오영주
20260623000306,20260623,코스닥,엣지파운드리,105550,주식등의대량보유상황보고서(약식),퍼시먼트리홀딩스스타
20260623000303,20260623,코스닥,키움제11호스팩,489480,주식등의대량보유상황보고서(약식),더블유자산운용
20260623000296,20260623,코스닥,넥써쓰,205500,주식등의대량보유상황보고서(일반),링크드
20260623000293,20260623,코스피,티엠씨,217590,주식등의대량보유상황보고서(약식),펙투스-제이비우리 신기술사업투자조합 제1호
20260623000284,20260623,코스피,BGF리테일,282330,주식등의대량보유상황보고서(일반),BGF
20260623000280,20260623,코스피,플레이그램,009810,주식등의대량보유상황보고서(일반),트라이콘 1호 투자조합
20260623000278,20260623,코스닥,아이티아이즈,372800,주식등의대량보유상황보고서(일반),이성남
20260623000270,20260623,코스피,LF,093050,주식등의대량보유상황보고서(일반),구본걸
20260623000267,20260623,코스닥,큐리언트,115180,주식등의대량보유상황보고서(일반),유암코키스톤구조혁신기업재무안정사모투자
20260623000263,20260623,코스닥,국보디자인,066620,주식등의대량보유상황보고서(일반),황선응
20260623000261,20260623,코스닥,모아데이타,288980,주식등의대량보유상황보고서(약식),다이나믹솔루션
20260623000254,20260623,코스피,유엔젤,072130,주식등의대량보유상황보고서(약식),동심
20260623000247,20260623,코스닥,하나34호스팩,484130,주식등의대량보유상황보고서(약식),더블유자산운용
20260623000242,20260623,코스피,대원화성,024890,[기재정정]주식등의대량보유상황보고서(약식),김병욱
20260623000229,20260623,코스닥,아스타,246720,[기재정정]주식등의대량보유상황보고서(일반),조응준
20260623000227,20260623,코스닥,누리플렉스,040160,주식등의대량보유상황보고서(일반),NuriFlexHoldingsINC
20260623000217,20260623,코스닥,아스타,246720,주식등의대량보유상황보고서(일반),에스디바이오센서
20260623000197,20260623,코스닥,모아데이타,288980,주식등의대량보유상황보고서(약식),아너스2호투자조합
20260623000175,20260623,코스닥,일월지엠엘,178780,주식등의대량보유상황보고서(일반),일월
20260623000155,20260623,코스닥,오픈놀,440320,주식등의대량보유상황보고서(약식),라이프자산운용
20260623000135,20260623,코스피,대림통상,006570,주식등의대량보유상황보고서(일반),디앤디파트너스
20260623000117,20260623,코스피,대원화성,024890,주식등의대량보유상황보고서(약식),김병욱
20260623000085,20260623,코스피,미창석유공업,003650,주식등의대량보유상황보고서(일반),유재순
20260623000082,20260623,코스닥,나라엠앤디,051490,주식등의대량보유상황보고서(일반),김정훈
20260623000049,20260623,코스닥,유진로봇,056080,주식등의대량보유상황보고서(일반),IMANTOAG
20260623000010,20260623,코스닥,삼보산업,009620,주식등의대량보유상황보고서(일반),이태용
20260623000001,20260623,코스닥,핑거,163730,주식등의대량보유상황보고서(일반),몬타나41
20260622000414,20260623,코스닥,핑거,163730,주식등의대량보유상황보고서(일반),서룡전자
20260622000405,20260622,코스닥,메디앙스,014100,주식등의대량보유상황보고서(일반),김은정
20260622000403,20260622,코스닥,비스토스,419540,주식등의대량보유상황보고서(일반),씨유메디칼
20260622000400,20260622,코스닥,팅크웨어,084730,주식등의대량보유상황보고서(일반),유비벨록스
20260622000393,20260622,코스닥,폴라리스오피스,041020,주식등의대량보유상황보고서(일반),조성우
20260622000390,20260622,코스닥,엔에이치스팩32호,0054V0,주식등의대량보유상황보고서(약식),더블유자산운용
20260622000388,20260622,코스닥,포니링크,064800,주식등의대량보유상황보고서(일반),젬백스
20260622000377,20260622,코스닥,SK증권제12호스팩,473000,주식등의대량보유상황보고서(약식),더블유자산운용
20260622000371,20260622,코스닥,엠플러스,259630,주식등의대량보유상황보고서(일반),김종성
20260622000370,20260622,코스닥,HEM파마,376270,주식등의대량보유상황보고서(일반),지요셉
20260622000368,20260622,코스닥,엑스플러스,373200,[기재정정]주식등의대량보유상황보고서(일반),엑스페릭스
20260622000367,20260622,코스닥,국전,307750,주식등의대량보유상황보고서(일반),홍종호
20260622000364,20260622,코스닥,다보링크,340360,주식등의대량보유상황보고서(일반),테라사이언스
20260622000363,20260622,코스닥,인카금융서비스,211050,주식등의대량보유상황보고서(약식),머스트자산운용
20260622000355,20260622,코스피,유니켐,011330,주식등의대량보유상황보고서(일반),제이에이치사람들
20260622000354,20260622,코스닥,SGA솔루션즈,184230,주식등의대량보유상황보고서(일반),에스지에이홀딩스
20260622000352,20260622,코스닥,엑스플러스,373200,주식등의대량보유상황보고서(일반),엑스페릭스
20260622000350,20260622,코스닥,청보,013720,주식등의대량보유상황보고서(약식),배진한
20260622000349,20260622,코스닥,HC보광산업,225530,주식등의대량보유상황보고서(일반),HC홈센타
20260622000345,20260622,코스닥,큐리언트,115180,주식등의대량보유상황보고서(일반),동구바이오제약
20260622000342,20260622,코스닥,코미코,183300,주식등의대량보유상황보고서(일반),미코
20260622000337,20260622,코스피,영흥,012160,주식등의대량보유상황보고서(약식),수성자산운용
20260622000334,20260622,코스닥,와이지-원,019210,주식등의대량보유상황보고서(일반),송호근
20260622000332,20260622,코스닥,대성하이텍,129920,주식등의대량보유상황보고서(일반),최호형
20260622000322,20260622,코스닥,HC홈센타,060560,주식등의대량보유상황보고서(일반),에이치씨파트너스
20260622000312,20260622,코스닥,딥노이드,315640,주식등의대량보유상황보고서(약식),김태규
20260622000291,20260622,코스닥,나라스페이스테크놀로지,478340,[기재정정]주식등의대량보유상황보고서(일반),박재필
20260622000286,20260622,코스닥,석경에이티,357550,주식등의대량보유상황보고서(일반),임형섭
20260622000278,20260622,코스닥,우림피티에스,101170,주식등의대량보유상황보고서(일반),한규석
20260622000276,20260622,코스닥,ES큐브,050120,주식등의대량보유상황보고서(일반),지에프금융산업제1호
20260622000259,20260622,코스닥,신한제16호스팩,496070,주식등의대량보유상황보고서(약식),더블유자산운용
20260622000250,20260622,코스닥,아진산업,013310,주식등의대량보유상황보고서(일반),우신산업
20260622000245,20260622,코스피,체시스,033250,주식등의대량보유상황보고서(일반),이명곤
20260622000244,20260622,코스닥,동원개발,013120,주식등의대량보유상황보고서(일반),장복만
20260622000243,20260622,코스닥,보로노이,310210,주식등의대량보유상황보고서(일반),김현태
20260622000228,20260622,코스닥,한중엔시에스,107640,주식등의대량보유상황보고서(일반),김환식
20260622000222,20260622,코스닥,신한제15호스팩,487830,주식등의대량보유상황보고서(약식),더블유자산운용
20260622000211,20260622,코스피,한세예스24홀딩스,016450,주식등의대량보유상황보고서(일반),김동녕
20260622000206,20260622,코스닥,한양이엔지,045100,주식등의대량보유상황보고서(일반),김윤상
20260622000183,20260622,코스닥,비씨엔씨,146320,주식등의대량보유상황보고서(일반),김돈한
20260622000155,20260622,코스피,케이티,030200,주식등의대량보유상황보고서(약식),WellingtonManagementCompanyLLP
20260622000146,20260622,코스피,보령,003850,주식등의대량보유상황보고서(일반),보령홀딩스
20260622000113,20260622,코스피,대림통상,006570,주식등의대량보유상황보고서(일반),디앤디파트너스
20260622000102,20260622,코스닥,휴럼,353190,주식등의대량보유상황보고서(일반),김진석
20260622000095,20260622,코스닥,스페코,013810,주식등의대량보유상황보고서(일반),김종섭
20260622000088,20260622,코스닥,힘스,238490,주식등의대량보유상황보고서(일반),김주환
20260622000063,20260622,코스닥,조이시티,067000,주식등의대량보유상황보고서(일반),엔드림
20260622000045,20260622,코스닥,케이엠제약,225430,주식등의대량보유상황보고서(일반),강일모
20260622000025,20260622,코스닥,천보,278280,주식등의대량보유상황보고서(일반),이상율
20260622000010,20260622,코스닥,에이엘티,172670,주식등의대량보유상황보고서(일반),천병태
20260619000675,20260619,코스닥,플라즈맵,405000,주식등의대량보유상황보고서(일반),드림텍
20260619000670,20260619,코스닥,에코캡,128540,주식등의대량보유상황보고서(일반),김창규
20260619000669,20260619,코스닥,뉴엔AI,463020,주식등의대량보유상황보고서(약식),KB자산운용
20260619000666,20260619,코스닥,제이엘케이,322510,주식등의대량보유상황보고서(약식),KB자산운용
20260619000661,20260619,코스피,롯데관광개발,032350,주식등의대량보유상황보고서(일반),김기병
20260619000654,20260619,코스닥,에코글로우,159910,주식등의대량보유상황보고서(일반),더편한
20260619000645,20260619,코스피,씨아이테크,004920,주식등의대량보유상황보고서(일반),씨엔씨기술
20260619000637,20260619,코스닥,알엔티엑스,123010,주식등의대량보유상황보고서(약식),스카이해머 1호 투자조합
20260619000629,20260619,코스닥,엔지켐생명과학,183490,주식등의대량보유상황보고서(일반),브리짓라이프사이언스
20260619000627,20260619,코스피,아이에스동서,010780,주식등의대량보유상황보고서(일반),권혁운
20260619000625,20260619,코스피,콜마홀딩스,024720,주식등의대량보유상황보고서(일반),윤상현
20260619000620,20260619,코스닥,신한제12호스팩,474660,주식등의대량보유상황보고서(약식),더블유자산운용
20260619000613,20260619,코스닥,콜마비앤에이치,200130,주식등의대량보유상황보고서(일반),콜마홀딩스
20260619000596,20260619,코스닥,파버나인,177830,주식등의대량보유상황보고서(약식),수성자산운용
20260619000579,20260619,코스피,핸즈코퍼레이션,143210,주식등의대량보유상황보고서(일반),승현창
20260619000546,20260619,코스닥,이노스페이스,462350,주식등의대량보유상황보고서(일반),김수종
20260619000540,20260619,코스닥,폰드그룹,472850,주식등의대량보유상황보고서(일반),대명화학
20260619000539,20260619,코스닥,이노스페이스,462350,[기재정정]주식등의대량보유상황보고서(일반),김수종
20260619000533,20260619,코스닥,영우디에스피,143540,주식등의대량보유상황보고서(일반),박금성
20260619000530,20260619,코스닥,플레이위드,023770,주식등의대량보유상황보고서(일반),드림아크코리아
20260619000522,20260619,코스피,솔루엠,248070,주식등의대량보유상황보고서(일반),얼라인파트너스자산운용
20260619000516,20260619,코스닥,오상자이엘,053980,주식등의대량보유상황보고서(일반),오상
20260619000506,20260619,코스피,에이프로젠,007460,주식등의대량보유상황보고서(일반),지베이스
20260619000498,20260619,코스닥,비보존 제약,082800,주식등의대량보유상황보고서(일반),비보존홀딩스
20260619000495,20260619,코스닥,솔본,035610,주식등의대량보유상황보고서(일반),홍기태
20260619000492,20260619,코스닥,성일하이텍,365340,주식등의대량보유상황보고서(일반),이강명
20260619000481,20260619,코스닥,미래에셋비전스팩4호,477380,주식등의대량보유상황보고서(약식),더블유자산운용
20260619000466,20260619,코스닥,LSK아이로봇,091970,주식등의대량보유상황보고서(일반),엘에스케이디비
20260619000452,20260619,코스닥,크레오에스지,040350,주식등의대량보유상황보고서(일반),큐로홀딩스
20260619000447,20260619,코스피,에이프로젠바이오로직스,003060,주식등의대량보유상황보고서(일반),에이프로젠
20260619000442,20260619,코스닥,현대바이오,048410,주식등의대량보유상황보고서(일반),씨앤팜
20260619000394,20260619,코스닥,디비금융제14호스팩,0004Y0,주식등의대량보유상황보고서(약식),더블유자산운용
20260619000386,20260619,코스닥,알엔티엑스,123010,주식등의대량보유상황보고서(일반),위드윈투자조합91호
20260619000263,20260619,코스닥,티엘비,356860,주식등의대량보유상황보고서(일반),백성현
20260619000239,20260619,코스닥,KB제30호스팩,486630,주식등의대량보유상황보고서(약식),더블유자산운용
20260619000202,20260619,코스피,삼익악기,002450,주식등의대량보유상황보고서(일반),스페코
20260619000181,20260619,코스닥,파이온엑스,900100,주식등의대량보유상황보고서(일반),럭스후버엘엘씨
20260619000163,20260619,코스피,에넥스,011090,주식등의대량보유상황보고서(일반),박진규
20260619000156,20260619,코스닥,다산솔루에타,154040,[기재정정]주식등의대량보유상황보고서(일반),다산인베스트
20260619000096,20260619,코스피,제일기획,030000,주식등의대량보유상황보고서(약식),한화자산운용
20260619000089,20260619,코스피,JB금융지주,175330,주식등의대량보유상황보고서(일반),삼양사
20260619000082,20260619,코스피,스틱인베스트먼트,026890,주식등의대량보유상황보고서(일반),MiriCapitalManagementLLC
20260619000056,20260619,코스닥,엔알비,475230,주식등의대량보유상황보고서(일반),강건우
20260619000034,20260619,코스닥,엠투엔,033310,주식등의대량보유상황보고서(일반),디케이마린
20260619000031,20260619,코스닥,리드코프,012700,주식등의대량보유상황보고서(일반),디케이마린
20260618000400,20260618,코스닥,테크윙,089030,주식등의대량보유상황보고서(약식),J.P.MORGANSECURITIESPLC
20260618000382,20260618,코스피,블루산업개발,006740,주식등의대량보유상황보고서(일반),피엠에이조합
20260618000381,20260618,코스닥,꿈비,407400,주식등의대량보유상황보고서(일반),박영건
20260618000365,20260618,코스닥,네오오토,212560,주식등의대량보유상황보고서(일반),김선현
20260618000364,20260618,코스닥,코스모로보틱스,439960,주식등의대량보유상황보고서(약식),엔비에이치캐피탈
20260618000362,20260618,코스피,HDC,012630,주식등의대량보유상황보고서(일반),정몽규
20260618000351,20260618,코스닥,블루엠텍,439580,주식등의대량보유상황보고서(일반),연제량
20260618000319,20260618,코스닥,위지트,036090,주식등의대량보유상황보고서(일반),제이에스아이홀딩스
20260618000318,20260618,코스피,한국토지신탁,034830,주식등의대량보유상황보고서(일반),엠케이인베스트먼트
20260618000305,20260618,코스닥,애드바이오텍,179530,주식등의대량보유상황보고서(약식),엑시엄자산운용
20260618000304,20260618,코스피,대덕전자,353200,주식등의대량보유상황보고서(일반),대덕
20260618000301,20260618,코스닥,듀오백,073190,주식등의대량보유상황보고서(약식),앨터스투자자문
20260618000297,20260618,코스닥,헥토이노베이션,214180,주식등의대량보유상황보고서(일반),이경민
20260618000280,20260618,코스닥,페니트리움바이오,187660,주식등의대량보유상황보고서(일반),현대바이오
20260618000279,20260618,코스닥,다산솔루에타,154040,주식등의대량보유상황보고서(일반),다산인베스트
20260618000277,20260618,코스피,대동,000490,주식등의대량보유상황보고서(일반),김준식
20260618000273,20260618,코스닥,차이커뮤니케이션,351870,주식등의대량보유상황보고서(일반),최영섭
20260618000259,20260618,코스피,경인전자,009140,주식등의대량보유상황보고서(일반),케이일레븐파트너스
20260618000254,20260618,코스닥,비에이치아이,083650,주식등의대량보유상황보고서(약식),삼성자산운용
20260618000250,20260618,코스피,LX세미콘,108320,주식등의대량보유상황보고서(약식),삼성자산운용
20260618000249,20260618,코스닥,이삭엔지니어링,351330,주식등의대량보유상황보고서(일반),김창수
20260618000248,20260618,코스피,달바글로벌,483650,주식등의대량보유상황보고서(약식),FILLIMITED
20260618000247,20260618,코스닥,우리기술,032820,주식등의대량보유상황보고서(약식),삼성자산운용
20260618000243,20260618,코스닥,서진시스템,178320,주식등의대량보유상황보고서(약식),삼성자산운용
20260618000241,20260618,코스피,SB성보,003080,주식등의대량보유상황보고서(일반),윤정선
20260618000239,20260618,코스피,디앤디플랫폼리츠,377190,주식등의대량보유상황보고서(약식),삼성자산운용
20260618000235,20260618,코스닥,한컴,030520,주식등의대량보유상황보고서(일반),한컴위드
20260618000234,20260618,코스피,KB스타리츠,432320,주식등의대량보유상황보고서(약식),삼성자산운용
20260618000232,20260618,코스피,경인전자,009140,주식등의대량보유상황보고서(일반),김성은
20260618000220,20260618,코스닥,HLB제넥스,187420,주식등의대량보유상황보고서(일반),HLB
20260618000216,20260618,코스닥,HLB파나진,046210,주식등의대량보유상황보고서(일반),HLB
20260618000211,20260618,코스닥,디에스케이,109740,주식등의대량보유상황보고서(일반),시너지이노베이션
20260618000184,20260618,코스피,미창석유공업,003650,주식등의대량보유상황보고서(일반),유재순
20260618000168,20260618,코스닥,마키나락스,477850,주식등의대량보유상황보고서(일반),윤성호
20260618000142,20260618,코스닥,티앤알바이오팹,246710,주식등의대량보유상황보고서(일반),윤원수
20260618000141,20260618,코스피,에스엠벡셀,010580,주식등의대량보유상황보고서(일반),에스엠하이플러스
20260618000114,20260618,코스피,오리온,271560,주식등의대량보유상황보고서(약식),SilchesterInternationalInvestorsLLP
20260618000110,20260618,코스닥,티디에스팜,464280,주식등의대량보유상황보고서(일반),김철준
20260618000104,20260618,코스닥,서진시스템,178320,주식등의대량보유상황보고서(약식),J.P.MORGANSECURITIESPLC
20260618000096,20260618,코스닥,드림어스컴퍼니,060570,주식등의대량보유상황보고서(일반),비마이프렌즈
20260618000095,20260618,코스닥,에스와이,109610,주식등의대량보유상황보고서(일반),홍영돈
20260618000091,20260618,코스피,대림통상,006570,주식등의대량보유상황보고서(일반),디앤디파트너스
20260618000080,20260618,코스닥,제노레이,122310,주식등의대량보유상황보고서(일반),박병욱
20260618000039,20260618,코스피,한독,002390,주식등의대량보유상황보고서(일반),김영진
20260618000016,20260618,코스닥,브이씨,365900,주식등의대량보유상황보고서(일반),김준오
20260618000009,20260618,코스닥,에코프로비엠,247540,주식등의대량보유상황보고서(일반),에코프로
20260618000008,20260618,코스피,DB하이텍,000990,주식등의대량보유상황보고서(일반),DB
20260618000004,20260618,코스닥,KX하이텍,052900,주식등의대량보유상황보고서(약식),키움 소부장 제3호 신기술사업투자조합
20260617000493,20260617,코스피,온타이드,005320,주식등의대량보유상황보고서(일반),약진통상
20260617000492,20260617,코스닥,에피소드컴퍼니,317530,주식등의대량보유상황보고서(일반),하이라인컴퍼니
20260617000490,20260617,코스닥,이엠텍,091120,주식등의대량보유상황보고서(일반),정승규
20260617000484,20260617,코스닥,아이윈,090150,주식등의대량보유상황보고서(일반),신규진
20260617000482,20260617,코스닥,제테마,216080,주식등의대량보유상황보고서(일반),김재영
20260617000468,20260617,코스피,한일홀딩스,003300,주식등의대량보유상황보고서(일반),허기호
20260617000451,20260617,코스닥,티사이언티픽,057680,주식등의대량보유상황보고서(일반),위지트
20260617000446,20260617,코스닥,씨엑스아이,900120,주식등의대량보유상황보고서(일반),LIN JINSHENG
20260617000443,20260617,코스피,SK디스커버리,006120,주식등의대량보유상황보고서(일반),최창원
20260617000442,20260617,코스닥,한울앤제주,276730,주식등의대량보유상황보고서(약식),에스에프세레스조합
20260617000439,20260617,코스닥,탑런토탈솔루션,336680,주식등의대량보유상황보고서(일반),박영근
20260617000436,20260617,코스닥,한울앤제주,276730,주식등의대량보유상황보고서(약식),뮤즈파트너스조합
20260617000428,20260617,코스닥,아주IB투자,027360,주식등의대량보유상황보고서(일반),아주
20260617000423,20260617,코스닥,더네이쳐홀딩스,298540,주식등의대량보유상황보고서(약식),박영옥
20260617000416,20260617,코스피,BGF,027410,주식등의대량보유상황보고서(일반),홍석조
20260617000405,20260617,코스닥,한국첨단소재,062970,주식등의대량보유상황보고서(일반),사토시홀딩스
20260617000401,20260617,코스닥,오텍,067170,주식등의대량보유상황보고서(일반),강성희
20260617000400,20260617,코스닥,웰크론,065950,주식등의대량보유상황보고서(일반),이영규
20260617000396,20260617,코스닥,세미티에스,0017J0,[기재정정]주식등의대량보유상황보고서(약식),로프티록 블루코너 반도체 신기술조합
20260617000383,20260617,코스피,미스토홀딩스,081660,주식등의대량보유상황보고서(일반),피에몬테
20260617000382,20260617,코스닥,제이엔케이글로벌,126880,주식등의대량보유상황보고서(일반),김방희
20260617000381,20260617,코스닥,아이티엠반도체,084850,주식등의대량보유상황보고서(일반),NICE
20260617000369,20260617,코스피,AJ네트웍스,095570,주식등의대량보유상황보고서(일반),문덕영
20260617000353,20260617,코스닥,롤링스톤,214610,주식등의대량보유상황보고서(약식),상상인저축은행
20260617000349,20260617,코스피,한국앤컴퍼니,000240,주식등의대량보유상황보고서(일반),조현범
20260617000344,20260617,코스닥,씨엔알리서치,359090,주식등의대량보유상황보고서(일반),윤문태
20260617000314,20260617,코스피,KB금융,105560,주식등의대량보유상황보고서(약식),국민연금공단
20260617000311,20260617,코스피,NH투자증권,005940,주식등의대량보유상황보고서(약식),국민연금공단
20260617000310,20260617,코스닥,대동스틸,048470,주식등의대량보유상황보고서(일반),임주희
20260617000305,20260617,코스피,금강공업,014280,주식등의대량보유상황보고서(일반),안영순
20260617000285,20260617,코스닥,대동스틸,048470,주식등의대량보유상황보고서(일반),임주희
20260617000253,20260617,코스닥,천보,278280,주식등의대량보유상황보고서(일반),이상율
20260617000243,20260617,코스닥,로젠,033290,주식등의대량보유상황보고서(일반),대명화학
20260617000238,20260617,코스닥,모비데이즈,363260,주식등의대량보유상황보고서(일반),유범령
20260617000225,20260617,코스닥,대동스틸,048470,주식등의대량보유상황보고서(일반),임형기
20260617000213,20260617,코스피,풀무원,017810,주식등의대량보유상황보고서(일반),남승우
20260617000174,20260617,코스닥,에브리봇,270660,주식등의대량보유상황보고서(약식),KB자산운용
20260617000173,20260617,코스닥,알에스오토메이션,140670,주식등의대량보유상황보고서(약식),KB자산운용
20260617000164,20260617,코스닥,글로벌에스엠,900070,주식등의대량보유상황보고서(일반),서울메탈홀딩스
20260617000163,20260617,코스닥,에코프로,086520,주식등의대량보유상황보고서(일반),이동채
20260617000155,20260617,코스피,대림통상,006570,주식등의대량보유상황보고서(일반),디앤디파트너스
20260617000094,20260617,코스닥,세미티에스,0017J0,주식등의대량보유상황보고서(일반),민남홍
20260617000072,20260617,코스닥,세미티에스,0017J0,주식등의대량보유상황보고서(약식),로프티록 블루코너 반도체 신기술조합
20260617000015,20260617,코스닥,젬백스,082270,주식등의대량보유상황보고서(일반),젬앤컴퍼니
20260616000385,20260616,코스피,팬오션,028670,주식등의대량보유상황보고서(일반),하림지주
20260616000368,20260616,코스닥,브이엠,089970,주식등의대량보유상황보고서(약식),J.P.MORGANSECURITIESPLC
20260616000364,20260616,코스닥,보원케미칼,0010F0,주식등의대량보유상황보고서(약식),DSC인베스트먼트
20260616000361,20260616,코스닥,이상네트웍스,080010,주식등의대량보유상황보고서(약식),하성일
20260616000354,20260616,코스닥,글로벌텍스프리,204620,주식등의대량보유상황보고서(일반),지티에프홀딩스
20260616000341,20260616,코스닥,피앤씨테크,237750,주식등의대량보유상황보고서(일반),조광식
20260616000331,20260616,코스닥,키움제10호스팩,487720,주식등의대량보유상황보고서(약식),더블유자산운용
20260616000329,20260616,코스피,한국항공우주,047810,주식등의대량보유상황보고서(일반),한화에어로스페이스
20260616000320,20260616,코스피,우진,105840,주식등의대량보유상황보고서(일반),이재원
20260616000317,20260616,코스닥,하나35호스팩,0041L0,주식등의대량보유상황보고서(약식),더블유자산운용
20260616000316,20260616,코스피,한솔홀딩스,004150,주식등의대량보유상황보고서(일반),조동길
20260616000304,20260616,코스닥,모다이노칩,080420,주식등의대량보유상황보고서(일반),대명화학
20260616000302,20260616,코스피,코오롱글로벌,003070,주식등의대량보유상황보고서(일반),코오롱
20260616000301,20260616,코스피,한창제지,009460,주식등의대량보유상황보고서(일반),김승한
20260616000300,20260616,코스닥,다이나믹솔루션,290660,주식등의대량보유상황보고서(약식),플레르 신기술조합 제91호
20260616000299,20260616,코스닥,엑셈,205100,주식등의대량보유상황보고서(일반),조종암
20260616000294,20260616,코스닥,아나패스,123860,주식등의대량보유상황보고서(약식),이준혁
20260616000266,20260616,코스닥,코리아나,027050,주식등의대량보유상황보고서(일반),유상옥
20260616000252,20260616,코스닥,테라뷰,950250,주식등의대량보유상황보고서(일반),데이지프리시젼
20260616000228,20260616,코스닥,에코글로우,159910,주식등의대량보유상황보고서(일반),더편한
20260616000220,20260616,코스닥,아틀라스링크,297570,주식등의대량보유상황보고서(일반),신정관
20260616000218,20260616,코스닥,핑거,163730,[기재정정]주식등의대량보유상황보고서(약식),몬타나40
20260616000215,20260616,코스닥,아틀라스링크,297570,주식등의대량보유상황보고서(일반),미래산업
20260616000204,20260616,코스피,제일파마홀딩스,002620,주식등의대량보유상황보고서(일반),한승수
20260616000200,20260616,코스닥,한국정보통신,025770,주식등의대량보유상황보고서(일반),박헌서
20260616000195,20260616,코스닥,지엔코,065060,주식등의대량보유상황보고서(일반),크레오에스지
20260616000190,20260616,코스피,디와이덕양,024900,주식등의대량보유상황보고서(일반),윤성희
20260616000180,20260616,코스피,에이피알,278470,주식등의대량보유상황보고서(약식),피델리티매니지먼트앤리서치컴퍼니엘엘씨
20260616000178,20260616,코스피,성신양회,004980,주식등의대량보유상황보고서(일반),김태현
20260616000149,20260616,코스닥,더블유씨피,393890,주식등의대량보유상황보고서(약식),한화자산운용
20260616000143,20260616,코스닥,RF머트리얼즈,327260,주식등의대량보유상황보고서(약식),MORGANSTANLEY&COINTLPLC
20260616000108,20260616,코스피,영흥,012160,주식등의대량보유상황보고서(일반),장세일
20260616000094,20260616,코스닥,푸드나무,290720,주식등의대량보유상황보고서(일반),온힐파트너스
20260616000072,20260616,코스닥,와이엔텍,067900,주식등의대량보유상황보고서(일반),박용하
20260616000048,20260616,코스닥,세동,053060,주식등의대량보유상황보고서(일반),윤 정 상
20260616000047,20260616,코스닥,조이시티,067000,주식등의대량보유상황보고서(일반),엔드림
20260616000042,20260616,코스피,대림통상,006570,주식등의대량보유상황보고서(일반),디앤디파트너스
20260616000036,20260616,코스닥,조이웍스앤코,309930,[기재정정]주식등의대량보유상황보고서(약식),나형균
20260616000034,20260616,코스닥,조이웍스앤코,309930,[기재정정]주식등의대량보유상황보고서(약식),오하임투자조합
20260616000015,20260616,코스피,새론오토모티브,075180,주식등의대량보유상황보고서(일반),김형인
20260615000446,20260615,코스닥,뉴인텍,012340,주식등의대량보유상황보고서(일반),장기수
20260615000442,20260615,코스닥,푸드나무,290720,주식등의대량보유상황보고서(약식),김유선
20260615000437,20260615,코스닥,메디앙스,014100,주식등의대량보유상황보고서(일반),김은정
20260615000427,20260615,코스닥,케어랩스,263700,주식등의대량보유상황보고서(일반),원익홀딩스
20260615000426,20260615,코스닥,푸드나무,290720,주식등의대량보유상황보고서(일반),김우주
20260615000415,20260615,코스닥,성광벤드,014620,주식등의대량보유상황보고서(약식),J.P.MORGANSECURITIESPLC
20260615000399,20260615,코스피,녹십자홀딩스,005250,주식등의대량보유상황보고서(일반),허일섭
20260615000395,20260615,코스피,코스모화학,005420,주식등의대량보유상황보고서(일반),코스모앤컴퍼니
20260615000393,20260615,코스닥,핑거,163730,주식등의대량보유상황보고서(약식),몬타나40
20260615000392,20260615,코스피,HDC,012630,주식등의대량보유상황보고서(일반),정몽규
20260615000391,20260615,코스닥,우듬지팜,403490,주식등의대량보유상황보고서(일반),김호연
20260615000383,20260615,코스닥,유니슨,018000,주식등의대량보유상황보고서(약식),비그림파워코리아
20260615000373,20260615,코스닥,제이스코홀딩스,023440,주식등의대량보유상황보고서(일반),캐디언스시스템
20260615000329,20260615,코스닥,에이치엔에스하이텍,044990,주식등의대량보유상황보고서(일반),김정희
20260615000315,20260615,코스닥,톱텍,108230,주식등의대량보유상황보고서(일반),이재환
20260615000311,20260615,코스닥,조이웍스앤코,309930,주식등의대량보유상황보고서(약식),나형균
20260615000308,20260615,코스닥,위메이드,112040,주식등의대량보유상황보고서(일반),박관호
20260615000302,20260615,코스닥,조이웍스앤코,309930,주식등의대량보유상황보고서(약식),오하임투자조합
20260615000278,20260615,코스닥,에이비온,203400,주식등의대량보유상황보고서(일반),신영기
20260615000245,20260615,코스닥,더네이쳐홀딩스,298540,주식등의대량보유상황보고서(일반),박영준
20260615000231,20260615,코스피,IPARK현대산업개발,294870,주식등의대량보유상황보고서(약식),베어링자산운용
20260615000230,20260615,코스닥,라온텍,418420,주식등의대량보유상황보고서(일반),김보은
20260615000217,20260615,코스닥,삼목에스폼,018310,주식등의대량보유상황보고서(일반),에스폼
20260615000179,20260615,코스피,명신산업,009900,주식등의대량보유상황보고서(일반),엠에스오토텍
20260615000172,20260615,코스닥,전진바이오팜,110020,주식등의대량보유상황보고서(일반),이태훈
20260615000158,20260615,코스닥,미래반도체,254490,주식등의대량보유상황보고서(일반),이정
20260615000144,20260615,코스피,문배철강,008420,주식등의대량보유상황보고서(일반),배종민
20260615000125,20260615,코스피,에넥스,011090,주식등의대량보유상황보고서(일반),박진규
20260615000118,20260615,코스닥,중앙백신,072020,주식등의대량보유상황보고서(일반),윤인중
20260615000092,20260615,코스닥,엠에스오토텍,123040,주식등의대량보유상황보고서(일반),송혜승
20260615000090,20260615,코스피,티웨이홀딩스,004870,주식등의대량보유상황보고서(일반),이기호
20260615000088,20260615,코스피,씨아이테크,004920,주식등의대량보유상황보고서(약식),이학영
20260615000071,20260615,코스피,아세아,002030,주식등의대량보유상황보고서(약식),계산산업
20260615000038,20260615,코스닥,피스피스스튜디오,0117P0,주식등의대량보유상황보고서(일반),박화목
20260615000034,20260615,코스피,NICE평가정보,030190,주식등의대량보유상황보고서(약식),"KayneAndersonRudnickInvestmentManagement,LLC"
20260615000011,20260615,코스닥,SDN,099220,주식등의대량보유상황보고서(일반),최기혁
20260615000001,20260615,코스닥,리노공업,058470,주식등의대량보유상황보고서(일반),이채윤
20260612000695,20260612,코스닥,셀바이오휴먼텍,318160,주식등의대량보유상황보고서(일반),이권선
20260612000692,20260612,코스닥,웰크론한텍,076080,주식등의대량보유상황보고서(일반),웰크론
20260612000684,20260612,코스닥,GRT,900290,주식등의대량보유상황보고서(일반),신루이샹홀딩리미티드
20260612000680,20260612,코스닥,서진시스템,178320,주식등의대량보유상황보고서(일반),전동규
20260612000675,20260612,코스피,콜마홀딩스,024720,주식등의대량보유상황보고서(일반),윤상현
20260612000674,20260612,코스닥,성광벤드,014620,주식등의대량보유상황보고서(약식),J.P.MORGANSECURITIESPLC
20260612000671,20260612,코스닥,콜마비앤에이치,200130,주식등의대량보유상황보고서(일반),콜마홀딩스
20260612000667,20260612,코스닥,아이엠바이오로직스,493280,주식등의대량보유상황보고서(일반),하경식
20260612000666,20260612,코스닥,랩지노믹스,084650,주식등의대량보유상황보고서(일반),루하프라이빗에쿼티
20260612000665,20260612,코스피,대림통상,006570,주식등의대량보유상황보고서(일반),디앤디파트너스
20260612000652,20260612,코스피,교촌에프앤비,339770,주식등의대량보유상황보고서(일반),권원강
20260612000650,20260612,코스닥,세종텔레콤,036630,주식등의대량보유상황보고서(일반),세종
20260612000640,20260612,코스닥,와이엠,007530,주식등의대량보유상황보고서(일반),넥스런
20260612000636,20260612,코스피,메리츠금융지주,138040,주식등의대량보유상황보고서(일반),조정호
20260612000635,20260612,코스닥,씨티케이,260930,주식등의대량보유상황보고서(일반),정인용
20260612000634,20260612,코스닥,메타바이오메드,059210,주식등의대량보유상황보고서(일반),오석송
20260612000626,20260612,코스피,현대로템,064350,주식등의대량보유상황보고서(일반),현대자동차
20260612000625,20260612,코스닥,스마트레이더시스템,424960,주식등의대량보유상황보고서(일반),김용환
20260612000618,20260612,코스닥,알트,459550,주식등의대량보유상황보고서(약식),비디씨파트너스
20260612000615,20260612,코스닥,리드코프,012700,주식등의대량보유상황보고서(일반),디케이마린
20260612000595,20260612,코스피,아이에스동서,010780,주식등의대량보유상황보고서(일반),권혁운
20260612000587,20260612,코스닥,에이스테크,088800,주식등의대량보유상황보고서(일반),구관영
20260612000566,20260612,코스닥,노을,376930,주식등의대량보유상황보고서(일반),"MSEED,INC."
20260612000556,20260612,코스피,현대엘리베이터,017800,[기재정정]주식등의대량보유상황보고서(일반),현대홀딩스컴퍼니
20260612000551,20260612,코스닥,아이에스티이,212710,주식등의대량보유상황보고서(일반),조창현
20260612000550,20260612,코스닥,HC홈센타,060560,주식등의대량보유상황보고서(일반),에이치씨파트너스
20260612000549,20260612,코스피,현대백화점,069960,주식등의대량보유상황보고서(일반),현대지에프홀딩스
20260612000539,20260612,코스피,체시스,033250,주식등의대량보유상황보고서(일반),이명곤
20260612000538,20260612,코스닥,다이나믹솔루션,290660,주식등의대량보유상황보고서(약식),이니텍
20260612000537,20260612,코스닥,한국피아이엠,448900,주식등의대량보유상황보고서(일반),송준호
20260612000533,20260612,코스닥,팬스타엔터프라이즈,054300,주식등의대량보유상황보고서(일반),김현겸
20260612000532,20260612,코스피,대원강업,000430,주식등의대량보유상황보고서(일반),현대지에프홀딩스
20260612000527,20260612,코스닥,티로보틱스,117730,주식등의대량보유상황보고서(일반),안승욱
20260612000521,20260612,코스피,HD현대,267250,주식등의대량보유상황보고서(일반),정몽준
20260612000516,20260612,코스피,화인베스틸,133820,주식등의대량보유상황보고서(일반),화인인터내셔날
20260612000509,20260612,코스닥,크레버스,096240,주식등의대량보유상황보고서(일반),김영화
20260612000487,20260612,코스닥,파인디지털,038950,주식등의대량보유상황보고서(약식),한세희
20260612000484,20260612,코스닥,비스토스,419540,주식등의대량보유상황보고서(일반),씨유메디칼
20260612000478,20260612,코스피,미래에셋증권,006800,[기재정정]주식등의대량보유상황보고서(일반),미래에셋캐피탈
20260612000474,20260612,코스닥,비투엔,307870,주식등의대량보유상황보고서(일반),엑스트윈스1호조합
20260612000472,20260612,코스피,경인전자,009140,주식등의대량보유상황보고서(일반),김성은
20260612000466,20260612,코스피,크래프톤,259960,주식등의대량보유상황보고서(일반),장병규
20260612000454,20260612,코스닥,다이나믹솔루션,290660,주식등의대량보유상황보고서(약식),그린루미너스2호투자조합
20260612000451,20260612,코스닥,아스테라시스,450950,주식등의대량보유상황보고서(일반),서은택
20260612000445,20260612,코스닥,현대바이오,048410,주식등의대량보유상황보고서(일반),씨앤팜
20260612000394,20260612,코스피,에스엠벡셀,010580,주식등의대량보유상황보고서(일반),에스엠하이플러스
20260612000315,20260612,코스닥,온코크로스,382150,주식등의대량보유상황보고서(일반),김이랑
20260612000309,20260612,코스닥,에스엠,041510,주식등의대량보유상황보고서(약식),"티로우프라이스어소시에이트,인크."
20260612000301,20260612,코스닥,신한제18호스팩,0129K0,주식등의대량보유상황보고서(약식),더블유자산운용
20260612000265,20260612,코스닥,아나패스,123860,주식등의대량보유상황보고서(일반),이경호
20260612000264,20260612,코스피,한독,002390,주식등의대량보유상황보고서(일반),김영진
20260612000258,20260612,코스닥,삼성스팩13호,0115H0,주식등의대량보유상황보고서(약식),더블유자산운용
20260612000235,20260612,코스닥,에이비온,203400,주식등의대량보유상황보고서(약식),김영선
20260612000232,20260612,코스닥,삼성스팩12호,0096B0,주식등의대량보유상황보고서(약식),더블유자산운용
20260612000230,20260612,코스닥,스튜디오미르,408900,주식등의대량보유상황보고서(일반),유재명
20260612000204,20260612,코스닥,에이텍모빌리티,224110,주식등의대량보유상황보고서(일반),신승영
20260612000203,20260612,코스닥,아이스크림미디어,461300,주식등의대량보유상황보고서(일반),시공테크
20260612000117,20260612,코스닥,아이디피,332370,주식등의대량보유상황보고서(일반),아이디스홀딩스
20260612000080,20260612,코스피,세우글로벌,013000,주식등의대량보유상황보고서(약식),에이스나노켐
20260612000045,20260612,코스닥,에코아이,448280,주식등의대량보유상황보고서(일반),전종수
20260612000037,20260612,코스닥,다이나믹솔루션,290660,주식등의대량보유상황보고서(일반),비넷
20260611000665,20260611,코스닥,RF머트리얼즈,327260,주식등의대량보유상황보고서(일반),RFHIC
20260611000662,20260611,코스닥,티앤엘,340570,주식등의대량보유상황보고서(일반),최윤소
20260611000646,20260611,코스닥,폰드그룹,472850,주식등의대량보유상황보고서(일반),대명화학
20260611000634,20260611,코스피,금호에이치티,214330,주식등의대량보유상황보고서(일반),에코볼트
20260611000613,20260611,코스닥,플레이위드,023770,주식등의대량보유상황보고서(일반),드림아크코리아
20260611000609,20260611,코스닥,비씨엔씨,146320,주식등의대량보유상황보고서(일반),김돈한
20260611000598,20260611,코스닥,에이아이코리아,364950,주식등의대량보유상황보고서(일반),안진호
20260611000591,20260611,코스닥,에이팩트,200470,주식등의대량보유상황보고서(약식),브레인자산운용
20260611000586,20260611,코스닥,티이엠씨,425040,주식등의대량보유상황보고서(일반),유원양
20260611000580,20260611,코스닥,유진스팩11호,488060,주식등의대량보유상황보고서(약식),더블유자산운용
20260611000552,20260611,코스닥,엠케이전자,033160,주식등의대량보유상황보고서(약식),미래에셋자산운용
20260611000551,20260611,코스피,코리아써키트,007810,주식등의대량보유상황보고서(약식),미래에셋자산운용
20260611000549,20260611,코스피,코오롱인더,120110,주식등의대량보유상황보고서(약식),미래에셋자산운용
20260611000548,20260611,코스닥,제테마,216080,주식등의대량보유상황보고서(일반),김재영
20260611000547,20260611,코스피,한솔테크닉스,004710,주식등의대량보유상황보고서(약식),미래에셋자산운용
20260611000541,20260611,코스닥,한컴,030520,주식등의대량보유상황보고서(일반),한컴위드
20260611000539,20260611,코스닥,자연과환경,043910,주식등의대량보유상황보고서(일반),데이터테크놀로지
20260611000535,20260611,코스닥,씨앤투스,352700,주식등의대량보유상황보고서(일반),하춘욱
20260611000534,20260611,코스닥,큐캐피탈,016600,주식등의대량보유상황보고서(일반),지엔코
20260611000530,20260611,코스닥,RF머트리얼즈,327260,주식등의대량보유상황보고서(일반),한기우
20260611000523,20260611,코스닥,오픈놀,440320,주식등의대량보유상황보고서(일반),권인택
20260611000510,20260611,코스닥,동구바이오제약,006620,주식등의대량보유상황보고서(일반),조용준
20260611000488,20260611,코스피,제주항공,089590,주식등의대량보유상황보고서(일반),AK홀딩스
20260611000480,20260611,코스피,애경케미칼,161000,주식등의대량보유상황보고서(일반),AK홀딩스
20260611000458,20260611,코스닥,이삭엔지니어링,351330,주식등의대량보유상황보고서(일반),김창수
20260611000455,20260611,코스닥,제노레이,122310,주식등의대량보유상황보고서(일반),박병욱
20260611000451,20260611,코스닥,크레오에스지,040350,주식등의대량보유상황보고서(일반),큐로홀딩스
20260611000443,20260611,코스닥,신영스팩10호,472220,주식등의대량보유상황보고서(약식),더블유자산운용
20260611000427,20260611,코스닥,디앤디파마텍,347850,주식등의대량보유상황보고서(일반),이슬기
20260611000422,20260611,코스닥,HC보광산업,225530,주식등의대량보유상황보고서(일반),HC홈센타
20260611000416,20260611,코스닥,피에이치에이,043370,주식등의대량보유상황보고서(일반),김상태
20260611000397,20260611,코스닥,네오오토,212560,주식등의대량보유상황보고서(일반),김선현
20260611000391,20260611,코스닥,엘에스스팩1호,0041J0,주식등의대량보유상황보고서(약식),더블유자산운용
20260611000377,20260611,코스닥,애드바이오텍,179530,주식등의대량보유상황보고서(약식),비케이파트너스투자조합2호
20260611000369,20260611,코스닥,케이엠제약,225430,주식등의대량보유상황보고서(일반),강일모
20260611000313,20260611,코스피,BYC,001460,[기재정정]주식등의대량보유상황보고서(일반),한승홀딩스
20260611000310,20260611,코스피,BYC,001460,[기재정정]주식등의대량보유상황보고서(일반),한승홀딩스
20260611000307,20260611,코스피,BYC,001460,[기재정정]주식등의대량보유상황보고서(일반),한승홀딩스
20260611000305,20260611,코스피,대한해운,005880,주식등의대량보유상황보고서(일반),에스엠상선
20260611000280,20260611,코스닥,케이지에이,455180,주식등의대량보유상황보고서(일반),김옥태
20260611000262,20260611,코스피,E1,017940,주식등의대량보유상황보고서(일반),구자열
20260611000233,20260611,코스닥,이엘피,063760,[기재정정]주식등의대량보유상황보고서(일반),이재혁
20260611000202,20260611,코스닥,서울옥션,063170,주식등의대량보유상황보고서(일반),이호재
20260611000183,20260611,코스닥,지아이텍,382480,주식등의대량보유상황보고서(일반),이인영
20260611000163,20260611,코스닥,피에스케이홀딩스,031980,주식등의대량보유상황보고서(일반),박경수
20260611000141,20260611,코스피,엠씨넥스,097520,주식등의대량보유상황보고서(일반),민동욱
20260611000135,20260611,코스피,대림통상,006570,주식등의대량보유상황보고서(일반),디앤디파트너스
20260611000094,20260611,코스닥,유성티엔에스,024800,주식등의대량보유상황보고서(약식),브이아이피자산운용
20260611000058,20260611,코스닥,노바렉스,194700,주식등의대량보유상황보고서(일반),권석형
20260611000029,20260611,코스피,이노션,214320,주식등의대량보유상황보고서(약식),J.P.MORGANSECURITIESPLC
20260611000016,20260611,코스닥,브이엠,089970,주식등의대량보유상황보고서(약식),J.P.MORGANSECURITIESPLC
20260610000691,20260611,코스닥,SAMG엔터,419530,주식등의대량보유상황보고서(일반),김수훈
20260610000686,20260610,코스닥,지에프아이,493330,주식등의대량보유상황보고서(약식),비엔케이 안전 신기술투자조합 제2호
20260610000680,20260610,코스피,케이티앤지,033780,주식등의대량보유상황보고서(약식),BlackRockFundAdvisors
20260610000678,20260610,코스피,한미사이언스,008930,주식등의대량보유상황보고서(일반),송영숙
20260610000666,20260610,코스닥,한울소재과학,091440,[기재정정]주식등의대량보유상황보고서(약식),제이케이(JK)신기술투자조합제1호
20260610000654,20260610,코스피,온타이드,005320,주식등의대량보유상황보고서(일반),약진통상
20260610000648,20260610,코스닥,코다코,046070,주식등의대량보유상황보고서(일반),한국산업은행
20260610000642,20260610,코스닥,엠투엔,033310,주식등의대량보유상황보고서(일반),디케이마린
20260610000635,20260610,코스닥,리드코프,012700,주식등의대량보유상황보고서(일반),디케이마린
20260610000631,20260610,코스닥,삼성스팩11호,0071M0,주식등의대량보유상황보고서(약식),더블유자산운용
20260610000630,20260610,코스피,아세아,002030,주식등의대량보유상황보고서(약식),계산산업
20260610000624,20260610,코스닥,한울소재과학,091440,주식등의대량보유상황보고서(약식),해리슨투자조합1호
20260610000617,20260610,코스피,HDC,012630,주식등의대량보유상황보고서(일반),정몽규
20260610000614,20260610,코스닥,한울반도체,320000,주식등의대량보유상황보고서(약식),전지윤
20260610000612,20260610,코스닥,휴림에이텍,078590,주식등의대량보유상황보고서(일반),휴림로봇
20260610000608,20260610,코스피,솔루엠,248070,주식등의대량보유상황보고서(약식),브이아이피자산운용
20260610000604,20260610,코스닥,야스,255440,주식등의대량보유상황보고서(일반),정광호
20260610000598,20260610,코스닥,꿈비,407400,주식등의대량보유상황보고서(일반),박영건
20260610000597,20260610,코스피,아세아,002030,주식등의대량보유상황보고서(약식),브이아이피자산운용
20260610000593,20260610,코스닥,한울소재과학,091440,주식등의대량보유상황보고서(약식),제이케이(JK)신기술투자조합제1호
20260610000590,20260610,코스닥,차바이오텍,085660,주식등의대량보유상황보고서(일반),차광렬
20260610000587,20260610,코스닥,케이엔제이,272110,주식등의대량보유상황보고서(약식),에셋플러스자산운용
20260610000580,20260610,코스닥,키움히어로제1호스팩,466690,주식등의대량보유상황보고서(약식),더블유자산운용
20260610000577,20260610,코스닥,마이크로컨텍솔,098120,주식등의대량보유상황보고서(약식),에셋플러스자산운용
20260610000570,20260610,코스피,부국증권,001270,주식등의대량보유상황보고서(일반),김중건
20260610000556,20260610,코스닥,메카로,241770,주식등의대량보유상황보고서(일반),이재정
20260610000552,20260610,코스닥,아바텍,149950,주식등의대량보유상황보고서(약식),LG디스플레이
20260610000546,20260610,코스피,세아홀딩스,058650,주식등의대량보유상황보고서(일반),이태성
20260610000540,20260610,코스닥,SGA솔루션즈,184230,주식등의대량보유상황보고서(약식),시너지아이비투자
20260610000536,20260610,코스닥,아주IB투자,027360,주식등의대량보유상황보고서(일반),아주
20260610000534,20260610,코스닥,엑스큐어,070300,주식등의대량보유상황보고서(약식),하이츠투자조합
20260610000531,20260610,코스닥,오가닉티코스메틱,900300,주식등의대량보유상황보고서(일반),SUN YANE
20260610000527,20260610,코스피,대신증권,003540,주식등의대량보유상황보고서(일반),양홍석
20260610000524,20260610,코스닥,GMI벤처,019570,주식등의대량보유상황보고서(약식),광무
20260610000517,20260610,코스닥,딥커머스,900110,주식등의대량보유상황보고서(일반),DING SHAOYING
20260610000507,20260610,코스닥,포니링크,064800,주식등의대량보유상황보고서(일반),젬백스
20260610000503,20260610,코스닥,씨엑스아이,900120,주식등의대량보유상황보고서(약식),RUIXINGINTERNATIONALHOLDINGSLIMITED
20260610000496,20260610,코스닥,엑스플러스,373200,주식등의대량보유상황보고서(약식),상상인플러스저축은행
20260610000489,20260610,코스피,한국석유공업,004090,[기재정정]주식등의대량보유상황보고서(일반),강승모
20260610000488,20260610,코스닥,윙입푸드,900340,주식등의대량보유상황보고서(일반),WANG TING FENG
20260610000487,20260610,코스피,롯데관광개발,032350,주식등의대량보유상황보고서(약식),브이아이피자산운용
20260610000483,20260610,코스닥,포커스에이아이,331380,주식등의대량보유상황보고서(약식),상상인플러스저축은행
20260610000482,20260610,코스닥,오로라,039830,주식등의대량보유상황보고서(약식),브이아이피자산운용
20260610000475,20260610,코스닥,엘앤씨바이오,290650,주식등의대량보유상황보고서(약식),브이아이피자산운용
20260610000471,20260610,코스피,달바글로벌,483650,주식등의대량보유상황보고서(약식),브이아이피자산운용
20260610000469,20260610,코스닥,씨엑스아이,900120,주식등의대량보유상황보고서(일반),LIN JINSHENG
20260610000460,20260610,코스피,롯데칠성음료,005300,주식등의대량보유상황보고서(약식),브이아이피자산운용
20260610000458,20260610,코스닥,로젠,033290,주식등의대량보유상황보고서(일반),대명화학
20260610000452,20260610,코스피,신원,009270,주식등의대량보유상황보고서(일반),티앤엠커뮤니케이션즈
20260610000451,20260610,코스닥,삼지전자,037460,주식등의대량보유상황보고서(약식),브이아이피자산운용
20260610000450,20260610,코스닥,에이텍,045660,주식등의대량보유상황보고서(일반),신승영
20260610000448,20260610,코스닥,아이스크림미디어,461300,주식등의대량보유상황보고서(일반),시공테크
20260610000446,20260610,코스닥,GC메디아이,032620,주식등의대량보유상황보고서(일반),GC케어
20260610000445,20260610,코스닥,비트맥스,377030,주식등의대량보유상황보고서(약식),에스밸류투자조합
20260610000443,20260610,코스피,F&F,383220,주식등의대량보유상황보고서(약식),브이아이피자산운용
20260610000435,20260610,코스닥,리메드,302550,주식등의대량보유상황보고서(일반),이근용
20260610000430,20260610,코스피,미스토홀딩스,081660,주식등의대량보유상황보고서(일반),피에몬테
20260610000429,20260610,코스피,에이프로젠,007460,주식등의대량보유상황보고서(약식),하베스트로즈
20260610000417,20260610,코스피,한국석유공업,004090,주식등의대량보유상황보고서(일반),강승모
20260610000407,20260610,코스닥,HLB펩,196300,주식등의대량보유상황보고서(약식),그레이스신기술조합제75호
20260610000395,20260610,코스피,SK오션플랜트,100090,주식등의대량보유상황보고서(일반),송무석
20260610000381,20260610,코스닥,오비고,352910,주식등의대량보유상황보고서(일반),장영준
20260610000354,20260610,코스닥,이엠텍,091120,주식등의대량보유상황보고서(일반),정승규
20260610000341,20260610,코스닥,모다이노칩,080420,주식등의대량보유상황보고서(일반),대명화학
20260610000324,20260610,코스닥,SOOP,067160,주식등의대량보유상황보고서(약식),UBSAG
20260610000306,20260610,코스닥,제이앤티씨,204270,주식등의대량보유상황보고서(일반),진우엔지니어링
20260610000255,20260610,코스닥,웨이버스,336060,주식등의대량보유상황보고서(일반),김학성
20260610000252,20260610,코스피,대상홀딩스,084690,주식등의대량보유상황보고서(약식),명보아이엔씨
20260610000236,20260610,코스닥,가온칩스,399720,주식등의대량보유상황보고서(약식),대신증권
20260610000228,20260610,코스피,한신공영,004960,주식등의대량보유상황보고서(약식),타이거자산운용투자일임
20260610000227,20260610,코스닥,노머스,473980,주식등의대량보유상황보고서(약식),타이거자산운용투자일임
20260610000225,20260610,코스닥,스맥,099440,주식등의대량보유상황보고서(일반),최영섭
20260610000216,20260610,코스닥,피엔에이치테크,239890,주식등의대량보유상황보고서(일반),현서용
20260610000214,20260610,코스피,마스턴프리미어리츠,357430,주식등의대량보유상황보고서(약식),코람코자산운용
20260610000191,20260610,코스피,부국증권,001270,주식등의대량보유상황보고서(약식),케이프투자증권
20260610000190,20260610,코스닥,THE E&M,089230,주식등의대량보유상황보고서(약식),상상인저축은행
20260610000188,20260610,코스닥,텔콘RF제약,200230,주식등의대량보유상황보고서(약식),상상인저축은행
20260610000187,20260610,코스닥,알엔투테크놀로지,148250,주식등의대량보유상황보고서(약식),상상인저축은행
20260610000186,20260610,코스닥,아리바이오홀딩스,290690,주식등의대량보유상황보고서(약식),상상인저축은행
20260610000173,20260610,코스닥,플레이디,237820,[기재정정]주식등의대량보유상황보고서(일반),SOOP
20260610000171,20260610,코스닥,앤씨앤,092600,주식등의대량보유상황보고서(일반),김경수
20260610000164,20260610,코스닥,마이크로디지탈,305090,주식등의대량보유상황보고서(일반),김경남
20260610000163,20260610,코스피,이지스레지던스리츠,350520,주식등의대량보유상황보고서(약식),코람코자산운용
20260610000149,20260610,코스피,이지스밸류플러스리츠,334890,주식등의대량보유상황보고서(약식),코람코자산운용
20260610000136,20260610,코스피,코람코더원리츠,417310,주식등의대량보유상황보고서(약식),코람코자산운용
20260610000128,20260610,코스닥,엠에프씨,432980,주식등의대량보유상황보고서(일반),황성관
20260610000111,20260610,코스피,코람코라이프인프라리츠,357120,주식등의대량보유상황보고서(약식),코람코자산운용
20260610000102,20260610,코스피,보령,003850,주식등의대량보유상황보고서(일반),보령홀딩스
20260610000072,20260610,코스피,풀무원,017810,주식등의대량보유상황보고서(일반),남승우
20260610000071,20260610,코스닥,코퍼스코리아,322780,주식등의대량보유상황보고서(약식),제이비우리-디에스 콘텐츠 신기조합
20260610000067,20260610,코스닥,에이프릴바이오,397030,주식등의대량보유상황보고서(약식),에스엠시노기술투자
20260610000065,20260610,코스닥,예스티,122640,주식등의대량보유상황보고서(일반),장동복
20260610000012,20260610,코스닥,SDN,099220,주식등의대량보유상황보고서(일반),최기혁
20260609000535,20260610,코스닥,아리바이오LAB,261780,주식등의대량보유상황보고서(일반),아리바이오홀딩스
20260609000534,20260609,코스닥,큐로홀딩스,051780,주식등의대량보유상황보고서(약식),시너지아이비투자
20260609000533,20260609,코스닥,코미코,183300,주식등의대량보유상황보고서(일반),미코
20260609000532,20260609,코스닥,엠로,058970,주식등의대량보유상황보고서(일반),삼성에스디에스
20260609000531,20260609,코스닥,피앤씨테크,237750,주식등의대량보유상황보고서(일반),조광식
20260609000514,20260609,코스닥,쿠콘,294570,주식등의대량보유상황보고서(일반),위피앤씨
20260609000509,20260609,코스닥,리센스메디컬,394420,주식등의대량보유상황보고서(약식),한국산업은행
20260609000504,20260609,코스닥,알지노믹스,476830,주식등의대량보유상황보고서(약식),한국산업은행
20260609000503,20260609,코스닥,더핑크퐁컴퍼니,403850,주식등의대량보유상황보고서(일반),김민석
20260609000502,20260609,코스닥,뉴보텍,060260,주식등의대량보유상황보고서(일반),에코
20260609000501,20260609,코스닥,DH오토리드,290120,주식등의대량보유상황보고서(일반),디에이치글로벌
20260609000500,20260609,코스닥,신한제17호스팩,0130D0,주식등의대량보유상황보고서(약식),더블유자산운용
20260609000499,20260609,코스피,다스코,058730,주식등의대량보유상황보고서(일반),한상원
20260609000497,20260609,코스피,SKC,011790,주식등의대량보유상황보고서(일반),SK
20260609000494,20260609,코스닥,성우전자,081580,주식등의대량보유상황보고서(약식),르네상스자산운용
20260609000485,20260609,코스닥,화일약품,061250,주식등의대량보유상황보고서(일반),오성첨단소재
20260609000480,20260609,코스닥,인선이엔티,060150,주식등의대량보유상황보고서(일반),아이에스동서
20260609000474,20260609,코스피,아진전자부품,009320,주식등의대량보유상황보고서(약식),아진카인텍
20260609000468,20260609,코스피,유안타증권,003470,주식등의대량보유상황보고서(일반),유안타씨큐리티즈아시아파이낸셜서비시스프라이빗리미티드
20260609000461,20260609,코스닥,다보링크,340360,주식등의대량보유상황보고서(일반),테라사이언스
20260609000456,20260609,코스피,두산로보틱스,454910,주식등의대량보유상황보고서(일반),두산
20260609000435,20260609,코스닥,빛과전자,069540,주식등의대량보유상황보고서(약식),바로저축은행
20260609000428,20260609,코스피,두산에너빌리티,034020,주식등의대량보유상황보고서(일반),두산
20260609000400,20260609,코스피,AJ네트웍스,095570,주식등의대량보유상황보고서(일반),문덕영
20260609000396,20260609,코스닥,한스바이오메드,042520,주식등의대량보유상황보고서(약식),네오영
20260609000395,20260609,코스닥,FSN,214270,주식등의대량보유상황보고서(일반),제이투비
20260609000394,20260609,코스닥,삼일,032280,주식등의대량보유상황보고서(일반),티디
20260609000391,20260609,코스닥,덕산네오룩스,213420,주식등의대량보유상황보고서(약식),베어링자산운용
20260609000387,20260609,코스닥,알체라,347860,주식등의대량보유상황보고서(일반),황영규
20260609000382,20260609,코스닥,오름테라퓨틱,475830,주식등의대량보유상황보고서(일반),이승주
20260609000381,20260609,코스닥,일월지엠엘,178780,주식등의대량보유상황보고서(일반),일월
20260609000380,20260609,코스피,대림통상,006570,주식등의대량보유상황보고서(일반),디앤디파트너스
20260609000375,20260609,코스피,SKC,011790,주식등의대량보유상황보고서(일반),한국투자2024의1호사모투자
20260609000368,20260609,코스피,유니켐,011330,주식등의대량보유상황보고서(약식),이노네트
20260609000364,20260609,코스피,대양금속,009190,주식등의대량보유상황보고서(일반),디와이엠파트너스
20260609000363,20260609,코스피,유엔젤,072130,주식등의대량보유상황보고서(약식),동심
20260609000362,20260609,코스닥,우림피티에스,101170,주식등의대량보유상황보고서(일반),한규석
20260609000361,20260609,코스피,유니켐,011330,주식등의대량보유상황보고서(약식),엠제이홀딩컴퍼니
20260609000344,20260609,코스닥,유니크,011320,주식등의대량보유상황보고서(일반),안영구
20260609000338,20260609,코스닥,이엘피,063760,주식등의대량보유상황보고서(일반),이재혁
20260609000324,20260609,코스피,이지스레지던스리츠,350520,주식등의대량보유상황보고서(약식),미래에셋증권
20260609000322,20260609,코스닥,파커스,065690,주식등의대량보유상황보고서(일반),박창식
20260609000278,20260609,코스피,이지스밸류플러스리츠,334890,주식등의대량보유상황보고서(일반),코람코주택도시기금위탁관리부동산투자회사
20260609000269,20260609,코스닥,우진비앤지,018620,주식등의대량보유상황보고서(일반),강재구
20260609000252,20260609,코스닥,에코심플렉스,038870,주식등의대량보유상황보고서(일반),송효순
20260609000235,20260609,코스닥,화성밸브,039610,주식등의대량보유상황보고서(일반),장원규
20260609000210,20260609,코스닥,링크제니시스,219420,주식등의대량보유상황보고서(일반),아이디스파워텔
20260609000199,20260609,코스피,LG디스플레이,034220,주식등의대량보유상황보고서(약식),BlackRockFundAdvisors
20260609000191,20260609,코스닥,한켐,457370,[기재정정]주식등의대량보유상황보고서(일반),이상조
20260609000183,20260609,코스닥,HLB,028300,주식등의대량보유상황보고서(약식),BlackRockFundAdvisors
20260609000173,20260609,코스피,미창석유공업,003650,주식등의대량보유상황보고서(일반),유재순
20260609000160,20260609,코스닥,솔브레인,357780,주식등의대량보유상황보고서(약식),피델리티매니지먼트앤리서치컴퍼니엘엘씨
20260609000156,20260609,코스닥,아틀라스링크,297570,주식등의대량보유상황보고서(일반),미래산업
20260609000155,20260609,코스닥,HLB바이오스텝,278650,주식등의대량보유상황보고서(일반),HLB
20260609000153,20260609,코스닥,HLB이노베이션,024850,주식등의대량보유상황보고서(일반),HLB
20260609000150,20260609,코스닥,HLB제넥스,187420,주식등의대량보유상황보고서(일반),HLB
20260609000149,20260609,코스닥,매커스,093520,주식등의대량보유상황보고서(약식),피델리티매니지먼트앤리서치컴퍼니엘엘씨
20260609000146,20260609,코스닥,HLB테라퓨틱스,115450,주식등의대량보유상황보고서(일반),HLB
20260609000145,20260609,코스닥,HLB파나진,046210,주식등의대량보유상황보고서(일반),HLB
20260609000139,20260609,코스피,퍼시스,016800,주식등의대량보유상황보고서(일반),퍼시스지주
20260609000138,20260609,코스닥,코이즈,121850,주식등의대량보유상황보고서(약식),이기영
20260609000134,20260609,코스닥,플레이디,237820,주식등의대량보유상황보고서(일반),SOOP
20260609000127,20260609,코스닥,픽셀플러스,087600,주식등의대량보유상황보고서(일반),이서규
20260609000098,20260609,코스닥,세니젠,188260,주식등의대량보유상황보고서(일반),박정웅
20260609000093,20260609,코스피,이노션,214320,주식등의대량보유상황보고서(약식),J.P.MORGANSECURITIESPLC
20260609000091,20260609,코스피,한국타이어앤테크놀로지,161390,주식등의대량보유상황보고서(일반),한국앤컴퍼니
20260609000090,20260609,코스닥,유라클,088340,주식등의대량보유상황보고서(일반),조준희
20260609000079,20260609,코스닥,유진테크,084370,주식등의대량보유상황보고서(약식),CapitalResearchandManagementCompany
20260609000076,20260609,코스피,BNK금융지주,138930,주식등의대량보유상황보고서(약식),CapitalResearchandManagementCompany
20260609000075,20260609,코스닥,태성,323280,주식등의대량보유상황보고서(일반),김종학
20260609000066,20260609,코스피,케이티앤지,033780,주식등의대량보유상황보고서(약식),CapitalResearchandManagementCompany
20260609000064,20260609,코스피,코스모신소재,005070,주식등의대량보유상황보고서(일반),코스모화학
20260609000051,20260609,코스닥,코이즈,121850,주식등의대량보유상황보고서(약식),이기영
20260609000049,20260609,코스피,SK하이닉스,000660,주식등의대량보유상황보고서(약식),CapitalResearchandManagementCompany
20260609000020,20260609,코스닥,대신밸런스제20호스팩,0134X0,주식등의대량보유상황보고서(일반),제이비우리캐피탈
20260609000014,20260609,코스닥,모비데이즈,363260,주식등의대량보유상황보고서(일반),유범령
20260609000010,20260609,코스피,유니켐,011330,주식등의대량보유상황보고서(일반),제이에이치사람들
20260609000008,20260609,코스닥,월덱스,101160,주식등의대량보유상황보고서(약식),브이아이피자산운용
20260608000465,20260608,코스피,삼익악기,002450,주식등의대량보유상황보고서(일반),스페코
20260608000464,20260608,코스닥,아틀라스링크,297570,[기재정정]주식등의대량보유상황보고서(일반),신정관
20260608000462,20260608,코스피,파라다이스,034230,주식등의대량보유상황보고서(일반),파라다이스글로벌
20260608000458,20260608,코스피,NH프라임리츠,338100,주식등의대량보유상황보고서(약식),미래에셋증권
20260608000452,20260608,코스닥,아틀라스링크,297570,주식등의대량보유상황보고서(일반),권충식
20260608000449,20260608,코스닥,모아데이타,288980,주식등의대량보유상황보고서(일반),한상진
20260608000444,20260608,코스피,에이플러스에셋,244920,주식등의대량보유상황보고서(일반),곽근호
20260608000435,20260608,코스닥,글로벌텍스프리,204620,주식등의대량보유상황보고서(일반),지티에프홀딩스
20260608000433,20260608,코스피,HDC,012630,[기재정정]주식등의대량보유상황보고서(일반),정몽규
20260608000427,20260608,코스닥,서연탑메탈,019770,주식등의대량보유상황보고서(일반),서연
20260608000419,20260608,코스닥,아틀라스링크,297570,주식등의대량보유상황보고서(일반),로아앤코홀딩스
20260608000417,20260608,코스피,팬오션,028670,주식등의대량보유상황보고서(일반),하림지주
20260608000416,20260608,코스피,팜스코,036580,주식등의대량보유상황보고서(일반),하림지주
20260608000413,20260608,코스피,선진,136490,주식등의대량보유상황보고서(일반),하림지주
20260608000409,20260608,코스닥,오텍,067170,주식등의대량보유상황보고서(일반),강성희
20260608000405,20260608,코스닥,레이,228670,[기재정정]주식등의대량보유상황보고서(일반),레이홀딩스
20260608000400,20260608,코스닥,레이,228670,[기재정정]주식등의대량보유상황보고서(일반),레이홀딩스
20260608000396,20260608,코스피,SK스퀘어,402340,주식등의대량보유상황보고서(약식),NomuraInvestmentManagementBusinessTrust
20260608000393,20260608,코스닥,피스피스스튜디오,0117P0,주식등의대량보유상황보고서(약식),케이비인베스트먼트
20260608000390,20260608,코스닥,오스테오닉,226400,주식등의대량보유상황보고서(약식),지브이에이자산운용
20260608000387,20260608,코스닥,사이냅소프트,466410,주식등의대량보유상황보고서(일반),전경헌
20260608000383,20260608,코스닥,이엠텍,091120,주식등의대량보유상황보고서(일반),정승규
20260608000373,20260608,코스닥,알엔티엑스,123010,주식등의대량보유상황보고서(약식),알엔투테크놀로지
20260608000372,20260608,코스피,솔루엠,248070,주식등의대량보유상황보고서(일반),전성호
20260608000360,20260608,코스닥,한울반도체,320000,주식등의대량보유상황보고서(일반),한울소재과학
20260608000348,20260608,코스피,크래프톤,259960,주식등의대량보유상황보고서(일반),장병규
20260608000346,20260608,코스닥,야스,255440,주식등의대량보유상황보고서(일반),정광호
20260608000341,20260608,코스닥,동화기업,025900,주식등의대량보유상황보고서(일반),"DONGWHAINTERNATIONALCO.,LTD"
20260608000324,20260608,코스닥,보로노이,310210,주식등의대량보유상황보고서(일반),김현태
20260608000320,20260608,코스피,사조대림,003960,주식등의대량보유상황보고서(일반),사조산업
20260608000317,20260608,코스닥,나인앤컴퍼니,366030,주식등의대량보유상황보고서(일반),김주영
20260608000313,20260608,코스피,사조오양,006090,주식등의대량보유상황보고서(일반),사조대림
20260608000311,20260608,코스피,사조산업,007160,주식등의대량보유상황보고서(일반),주진우
20260608000308,20260608,코스닥,에이루트,096690,주식등의대량보유상황보고서(일반),최정임
20260608000304,20260608,코스피,이수스페셜티케미컬,457190,주식등의대량보유상황보고서(일반),이수
20260608000299,20260608,코스피,KG케미칼,001390,주식등의대량보유상황보고서(일반),케이지제로인
20260608000288,20260608,코스닥,이지바이오,353810,주식등의대량보유상황보고서(약식),브이아이피자산운용
20260608000279,20260608,코스닥,지니언스,263860,주식등의대량보유상황보고서(약식),MORGANSTANLEY&COINTLPLC
20260608000278,20260608,코스닥,아스테라시스,450950,주식등의대량보유상황보고서(일반),서은택
20260608000276,20260608,코스피,종근당홀딩스,001630,주식등의대량보유상황보고서(일반),이장한
20260608000268,20260608,코스닥,중앙첨단소재,051980,주식등의대량보유상황보고서(일반),엔켐
20260608000266,20260608,코스닥,엠케이전자,033160,주식등의대량보유상황보고서(일반),오션비홀딩스
20260608000264,20260608,코스피,KSS해운,044450,주식등의대량보유상황보고서(약식),케이에스에스해운우리사주조합
20260608000262,20260608,코스닥,이노스페이스,462350,[기재정정]주식등의대량보유상황보고서(약식),코오롱인베스트먼트
20260608000256,20260608,코스닥,에코프로비엠,247540,주식등의대량보유상황보고서(일반),에코프로
20260608000255,20260608,코스닥,국전,307750,주식등의대량보유상황보고서(일반),홍종호
20260608000242,20260608,코스닥,지아이이노베이션,358570,주식등의대량보유상황보고서(일반),장명호
20260608000238,20260608,코스피,케이씨씨,002380,주식등의대량보유상황보고서(일반),정몽진
20260608000233,20260608,코스닥,셀레믹스,331920,주식등의대량보유상황보고서(일반),박종갑
20260608000227,20260608,코스피,인터지스,129260,주식등의대량보유상황보고서(일반),동국홀딩스
20260608000222,20260608,코스닥,인벤티지랩,389470,주식등의대량보유상황보고서(일반),김주희
20260608000207,20260608,코스닥,이노스페이스,462350,주식등의대량보유상황보고서(약식),코오롱인베스트먼트
20260608000201,20260608,코스피,NC,036570,주식등의대량보유상황보고서(약식),"WestwoodGlobalInvestments,LLC"
20260608000177,20260608,코스닥,디지아이,043360,주식등의대량보유상황보고서(일반),최동호
20260608000171,20260608,코스닥,셀레믹스,331920,주식등의대량보유상황보고서(일반),수피젠 신기술투자조합1호
20260608000158,20260608,코스닥,유진스팩12호,0105P0,주식등의대량보유상황보고서(약식),더블유자산운용
20260608000121,20260608,코스닥,현대에이치티,039010,주식등의대량보유상황보고서(일반),이건구
20260608000119,20260608,코스닥,동진쎄미켐,005290,주식등의대량보유상황보고서(일반),동진홀딩스
20260608000113,20260608,코스닥,펌텍코리아,251970,주식등의대량보유상황보고서(약식),FILLIMITED
20260608000105,20260608,코스닥,네오팜,092730,주식등의대량보유상황보고서(약식),FILLIMITED
20260608000104,20260608,코스닥,포커스에이아이,331380,주식등의대량보유상황보고서(일반),위허브
20260608000101,20260608,코스닥,삼익제약,014950,주식등의대량보유상황보고서(일반),이충환
20260608000100,20260608,코스닥,EG,037370,주식등의대량보유상황보고서(일반),박지만
20260608000092,20260608,코스피,HD현대마린솔루션,443060,주식등의대량보유상황보고서(약식),GICPrivateLimited
20260608000077,20260608,코스피,하이트진로,000080,주식등의대량보유상황보고서(일반),하이트진로홀딩스
20260608000055,20260608,코스피,INVENI,015360,주식등의대량보유상황보고서(일반),구자은
20260608000043,20260608,코스닥,레이,228670,주식등의대량보유상황보고서(일반),레이홀딩스
20260608000030,20260608,코스피,한국타이어앤테크놀로지,161390,주식등의대량보유상황보고서(약식),BlackRockFundAdvisors
20260608000028,20260608,코스피,유한양행,000100,주식등의대량보유상황보고서(약식),BlackRockFundAdvisors
20260608000026,20260608,코스닥,레이,228670,[기재정정]주식등의대량보유상황보고서(일반),레이홀딩스
20260608000023,20260608,코스피,한국금융지주,071050,주식등의대량보유상황보고서(약식),BlackRockFundAdvisors
20260608000006,20260608,코스닥,디지틀조선,033130,주식등의대량보유상황보고서(약식),박영옥
20260608000005,20260608,코스닥,더네이쳐홀딩스,298540,주식등의대량보유상황보고서(약식),박영옥
20260605000664,20260605,코스닥,진양제약,007370,주식등의대량보유상황보고서(일반),최재준
20260605000656,20260605,코스닥,쓰리에이로직스,177900,주식등의대량보유상황보고서(일반),박광범
20260605000653,20260605,코스닥,HLB이노베이션,024850,주식등의대량보유상황보고서(일반),HLB
20260605000651,20260605,코스피,한화비전,489790,주식등의대량보유상황보고서(약식),OrbisInvestmentManagementLimited
20260605000650,20260605,코스닥,HLB바이오스텝,278650,주식등의대량보유상황보고서(일반),HLB
20260605000643,20260605,코스닥,드림시큐리티,203650,주식등의대량보유상황보고서(일반),범진규
20260605000636,20260605,코스닥,하나36호스팩,0101C0,주식등의대량보유상황보고서(약식),더블유자산운용
20260605000633,20260605,코스피,대림통상,006570,주식등의대량보유상황보고서(일반),디앤디파트너스
20260605000631,20260605,코스닥,지앤비에스 에코,382800,주식등의대량보유상황보고서(약식),J.P.MORGANSECURITIESPLC
20260605000627,20260605,코스닥,옵트론텍,082210,주식등의대량보유상황보고서(일반),아이비케이키움사업재편사모투자
20260605000619,20260605,코스닥,판타지오,032800,주식등의대량보유상황보고서(일반),아티스트
20260605000618,20260605,코스닥,에스투더블유,488280,주식등의대량보유상황보고서(일반),서상덕
20260605000612,20260605,코스닥,지투지바이오,456160,주식등의대량보유상황보고서(일반),이희용
20260605000604,20260605,코스닥,지투지바이오,456160,[기재정정]주식등의대량보유상황보고서(일반),이희용
20260605000597,20260605,코스닥,지투지바이오,456160,[기재정정]주식등의대량보유상황보고서(일반),이희용
20260605000591,20260605,코스피,롯데관광개발,032350,주식등의대량보유상황보고서(일반),김기병
20260605000587,20260605,코스닥,지투지바이오,456160,[기재정정]주식등의대량보유상황보고서(일반),이희용
20260605000581,20260605,코스닥,HC홈센타,060560,주식등의대량보유상황보고서(일반),에이치씨파트너스
20260605000579,20260605,코스닥,유진로봇,056080,주식등의대량보유상황보고서(일반),IMANTOAG
20260605000578,20260605,코스닥,콜마비앤에이치,200130,주식등의대량보유상황보고서(일반),콜마홀딩스
20260605000577,20260605,코스닥,미래에셋비전스팩11호,0099W0,주식등의대량보유상황보고서(약식),더블유자산운용
20260605000564,20260605,코스피,콜마홀딩스,024720,주식등의대량보유상황보고서(일반),윤상현
20260605000559,20260605,코스닥,에이텀,355690,주식등의대량보유상황보고서(약식),르네상스자산운용
20260605000556,20260605,코스닥,안국약품,001540,주식등의대량보유상황보고서(일반),어진
20260605000547,20260605,코스닥,미래에셋비전스팩10호,0097F0,주식등의대량보유상황보고서(약식),더블유자산운용
20260605000546,20260605,코스닥,아우딘퓨쳐스,227610,주식등의대량보유상황보고서(일반),나종국
20260605000544,20260605,코스닥,로보스타,090360,주식등의대량보유상황보고서(약식),미래에셋자산운용
20260605000542,20260605,코스닥,나노,187790,주식등의대량보유상황보고서(약식),미래에셋자산운용
20260605000522,20260605,코스닥,미래반도체,254490,주식등의대량보유상황보고서(일반),이정
20260605000519,20260605,코스닥,저스템,417840,주식등의대량보유상황보고서(일반),임영진
20260605000512,20260605,코스피,HDC,012630,주식등의대량보유상황보고서(일반),정몽규
20260605000507,20260605,코스닥,뉴온,123840,주식등의대량보유상황보고서(일반),케이피엠테크
20260605000505,20260605,코스피,HS효성,487570,주식등의대량보유상황보고서(일반),조현상
20260605000503,20260605,코스닥,우리기술투자,041190,주식등의대량보유상황보고서(일반),이완근
20260605000494,20260605,코스피,현대비앤지스틸,004560,주식등의대량보유상황보고서(일반),현대제철
20260605000488,20260605,코스닥,휴마시스,205470,주식등의대량보유상황보고서(일반),아티스트
20260605000487,20260605,코스피,계룡건설산업,013580,주식등의대량보유상황보고서(일반),이승찬
20260605000485,20260605,코스닥,애드바이오텍,179530,주식등의대량보유상황보고서(일반),비케이파트너스투자조합1호
20260605000483,20260605,코스닥,젬백스,082270,주식등의대량보유상황보고서(일반),젬앤컴퍼니
20260605000481,20260605,코스피,HL홀딩스,060980,주식등의대량보유상황보고서(약식),베어링자산운용
20260605000478,20260605,코스피,에이프로젠바이오로직스,003060,주식등의대량보유상황보고서(일반),에이프로젠
20260605000476,20260605,코스닥,넥써쓰,205500,주식등의대량보유상황보고서(일반),링크드
20260605000475,20260605,코스닥,동구바이오제약,006620,주식등의대량보유상황보고서(일반),조용준
20260605000474,20260605,코스닥,파버나인,177830,주식등의대량보유상황보고서(일반),이제훈
20260605000463,20260605,코스닥,기가비스,420770,주식등의대량보유상황보고서(일반),김종준
20260605000457,20260605,코스닥,위세아이텍,065370,주식등의대량보유상황보고서(일반),김다산
20260605000444,20260605,코스닥,원익머트리얼즈,104830,주식등의대량보유상황보고서(약식),베어링자산운용
20260605000443,20260605,코스닥,뱅크웨어글로벌,199480,주식등의대량보유상황보고서(일반),이경조
20260605000441,20260605,코스닥,엘앤씨바이오,290650,주식등의대량보유상황보고서(약식),나우IB
20260605000438,20260605,코스닥,아이티엠반도체,084850,주식등의대량보유상황보고서(일반),NICE
20260605000432,20260605,코스피,코스모화학,005420,주식등의대량보유상황보고서(일반),코스모앤컴퍼니
20260605000427,20260605,코스닥,파수AI,150900,주식등의대량보유상황보고서(일반),조규곤
20260605000425,20260605,코스피,NICE,034310,주식등의대량보유상황보고서(일반),김원우
20260605000421,20260605,코스피,디와이,013570,주식등의대량보유상황보고서(일반),조병호
20260605000413,20260605,코스피,동부건설,005960,주식등의대량보유상황보고서(일반),키스톤에코프라임
20260605000400,20260605,코스피,교촌에프앤비,339770,주식등의대량보유상황보고서(일반),권원강
20260605000396,20260605,코스피,케이탑리츠,145270,주식등의대량보유상황보고서(일반),김철
20260605000394,20260605,코스닥,디지털대성,068930,주식등의대량보유상황보고서(일반),대성출판
20260605000374,20260605,코스닥,제이에스티나,026040,주식등의대량보유상황보고서(약식),김도형
20260605000373,20260605,코스닥,GMI벤처,019570,주식등의대량보유상황보고서(약식),이상철
20260605000338,20260605,코스닥,오에스피,368970,주식등의대량보유상황보고서(약식),지씨파트너스
20260605000315,20260605,코스닥,전진바이오팜,110020,주식등의대량보유상황보고서(일반),이태훈
20260605000314,20260605,코스피,디아이,003160,주식등의대량보유상황보고서(일반),박원호
20260605000275,20260605,코스피,애경케미칼,161000,주식등의대량보유상황보고서(일반),AK홀딩스
20260605000274,20260605,코스피,제주항공,089590,주식등의대량보유상황보고서(일반),AK홀딩스
20260605000270,20260605,코스닥,대진첨단소재,393970,주식등의대량보유상황보고서(일반),유성준
20260605000246,20260605,코스닥,아이디스,143160,주식등의대량보유상황보고서(일반),아이디스홀딩스
20260605000245,20260605,코스닥,아이디피,332370,주식등의대량보유상황보고서(일반),아이디스홀딩스
20260605000229,20260605,코스닥,에코프로비엠,247540,주식등의대량보유상황보고서(일반),에코프로
20260605000208,20260605,코스닥,씨큐브,101240,주식등의대량보유상황보고서(일반),스타치얼코퍼레이션
20260605000200,20260605,코스닥,네오이뮨텍,950220,주식등의대량보유상황보고서(일반),제넥신
20260605000198,20260605,코스피,에스엠벡셀,010580,주식등의대량보유상황보고서(일반),에스엠하이플러스
20260605000195,20260605,코스닥,오비고,352910,주식등의대량보유상황보고서(일반),장영준
20260605000191,20260605,코스닥,모비릭스,348030,주식등의대량보유상황보고서(일반),임중수
20260605000189,20260605,코스닥,엔지켐생명과학,183490,[기재정정]주식등의대량보유상황보고서(일반),남윤희
20260605000186,20260605,코스닥,엔지켐생명과학,183490,[기재정정]주식등의대량보유상황보고서(일반),남윤희
20260605000169,20260605,코스닥,그리티,204020,주식등의대량보유상황보고서(일반),문영우
20260605000158,20260605,코스피,우성머티리얼스,011300,주식등의대량보유상황보고서(약식),동양잉크
20260605000146,20260605,코스닥,파버나인,177830,주식등의대량보유상황보고서(약식),오라이언자산운용
20260605000134,20260605,코스닥,브이엠,089970,주식등의대량보유상황보고서(약식),J.P.MORGANSECURITIESPLC
20260605000116,20260605,코스피,오리온,271560,주식등의대량보유상황보고서(일반),오리온홀딩스
20260605000110,20260605,코스닥,디와이씨,310870,주식등의대량보유상황보고서(약식),LIG디펜스앤에어로스페이스
20260605000106,20260605,코스닥,한스바이오메드,042520,주식등의대량보유상황보고서(약식),한국투자신탁운용
20260605000092,20260605,코스피,대호에이엘,069460,[기재정정]주식등의대량보유상황보고서(일반),이상인
20260605000085,20260605,코스닥,서울옥션,063170,주식등의대량보유상황보고서(일반),이호재
20260605000052,20260605,코스닥,옵트론텍,082210,주식등의대량보유상황보고서(약식),노틱그린이노베이션이에스지사모투자
20260605000047,20260605,코스닥,오상자이엘,053980,주식등의대량보유상황보고서(일반),오상
20260605000041,20260605,코스피,남양유업,003920,주식등의대량보유상황보고서(일반),한앤코유업홀딩스
20260605000032,20260605,코스피,SK오션플랜트,100090,주식등의대량보유상황보고서(일반),에스케이에코플랜트
20260604000665,20260605,코스닥,워트,396470,주식등의대량보유상황보고서(일반),박승배
20260604000658,20260605,코스피,HL홀딩스,060980,주식등의대량보유상황보고서(일반),정몽원
20260604000642,20260604,코스닥,코렌텍,104540,[기재정정]주식등의대량보유상황보고서(일반),선두훈
20260604000639,20260604,코스닥,국영지앤엠,006050,주식등의대량보유상황보고서(일반),최재원
20260604000631,20260604,코스닥,제이엔케이글로벌,126880,주식등의대량보유상황보고서(일반),김방희
20260604000626,20260604,코스피,부국증권,001270,주식등의대량보유상황보고서(일반),김중건
20260604000616,20260604,코스피,셀트리온,068270,주식등의대량보유상황보고서(일반),셀트리온홀딩스
20260604000613,20260604,코스닥,핌스,347770,주식등의대량보유상황보고서(일반),주광연
20260604000602,20260604,코스닥,폰드그룹,472850,주식등의대량보유상황보고서(일반),대명화학
20260604000598,20260604,코스닥,메가스터디교육,215200,주식등의대량보유상황보고서(약식),FILLIMITED
20260604000577,20260604,코스닥,제이에스티나,026040,[기재정정]주식등의대량보유상황보고서(약식),김도형
20260604000576,20260604,코스닥,웨이비스,289930,주식등의대량보유상황보고서(약식),MORGANSTANLEY&COINTLPLC
20260604000571,20260604,코스닥,케이옥션,102370,주식등의대량보유상황보고서(일반),티에이어드바이저
20260604000564,20260604,코스닥,오픈베이스,049480,주식등의대량보유상황보고서(약식),MORGANSTANLEY&COINTLPLC
20260604000561,20260604,코스닥,인바디,041830,주식등의대량보유상황보고서(약식),FILLIMITED
20260604000549,20260604,코스피,GS,078930,주식등의대량보유상황보고서(일반),허창수
20260604000533,20260604,코스닥,HLB제약,047920,주식등의대량보유상황보고서(일반),HLB생명과학
20260604000527,20260604,코스닥,SG,255220,주식등의대량보유상황보고서(일반),박창호
20260604000509,20260604,코스닥,특수건설,026150,주식등의대량보유상황보고서(약식),라이노스자산운용
20260604000508,20260604,코스피,삼양식품,003230,주식등의대량보유상황보고서(일반),삼양라운드스퀘어
20260604000493,20260604,코스닥,자연과환경,043910,주식등의대량보유상황보고서(일반),데이터테크놀로지
20260604000483,20260604,코스닥,제테마,216080,주식등의대량보유상황보고서(일반),김재영
20260604000477,20260604,코스닥,엘엠에스,073110,주식등의대량보유상황보고서(일반),나우주
20260604000464,20260604,코스닥,위메이드,112040,주식등의대량보유상황보고서(일반),박관호
20260604000460,20260604,코스피,HD현대마린엔진,071970,주식등의대량보유상황보고서(일반),HD한국조선해양
20260604000441,20260604,코스닥,알에프텍,061040,주식등의대량보유상황보고서(일반),오성첨단소재
20260604000438,20260604,코스닥,카페24,042000,주식등의대량보유상황보고서(일반),우창균
20260604000421,20260604,코스닥,모다이노칩,080420,주식등의대량보유상황보고서(일반),대명화학
20260604000412,20260604,코스닥,라온피플,300120,주식등의대량보유상황보고서(일반),이석중
20260604000387,20260604,코스닥,해성에어로보틱스,059270,주식등의대량보유상황보고서(약식),상상인저축은행
20260604000380,20260604,코스닥,코렌텍,104540,주식등의대량보유상황보고서(일반),선두훈
20260604000379,20260604,코스닥,JTC,950170,주식등의대량보유상황보고서(일반),유벤투스홀딩스투자목적회사
20260604000362,20260604,코스닥,상아프론테크,089980,주식등의대량보유상황보고서(일반),이상원
20260604000318,20260604,코스피,한독,002390,주식등의대량보유상황보고서(일반),김영진
20260604000291,20260604,코스닥,GST,083450,주식등의대량보유상황보고서(일반),김덕준
20260604000285,20260604,코스닥,소프트캠프,258790,주식등의대량보유상황보고서(일반),배환국
20260604000268,20260604,코스피,IPARK현대산업개발,294870,주식등의대량보유상황보고서(약식),JPMorganAssetManagement(AsiaPacific)Limited
20260604000247,20260604,코스닥,에이텍모빌리티,224110,주식등의대량보유상황보고서(일반),신승영
20260604000240,20260604,코스닥,알리코제약,260660,주식등의대량보유상황보고서(일반),이항구
20260604000230,20260604,코스닥,일신바이오,068330,주식등의대량보유상황보고서(일반),홍성대
20260604000214,20260604,코스닥,우림피티에스,101170,주식등의대량보유상황보고서(일반),한규석
20260604000207,20260604,코스피,케이티앤지,033780,주식등의대량보유상황보고서(약식),FirstEagleGlobalFund
20260604000187,20260604,코스닥,한국유니온제약,080720,주식등의대량보유상황보고서(일반),부광약품
20260604000181,20260604,코스피,DN오토모티브,007340,주식등의대량보유상황보고서(일반),김상헌
20260604000162,20260604,코스닥,이삭엔지니어링,351330,주식등의대량보유상황보고서(일반),김창수
20260604000156,20260604,코스피,지누스,013890,주식등의대량보유상황보고서(약식),노경열
20260604000152,20260604,코스닥,스맥,099440,주식등의대량보유상황보고서(일반),최영섭
20260604000129,20260604,코스닥,코미코,183300,주식등의대량보유상황보고서(약식),MiriCapitalManagementLLC
20260604000120,20260604,코스닥,뉴보텍,060260,주식등의대량보유상황보고서(일반),에코
20260604000083,20260604,코스닥,유라클,088340,주식등의대량보유상황보고서(일반),조준희
20260604000070,20260604,코스닥,코리아나,027050,주식등의대량보유상황보고서(일반),유상옥
20260604000069,20260604,코스닥,이퓨쳐,134060,주식등의대량보유상황보고서(일반),이기현
20260604000047,20260604,코스닥,나인앤컴퍼니,366030,주식등의대량보유상황보고서(일반),씨씨지모뉴먼트홀딩스
20260604000030,20260604,코스닥,엠에프씨,432980,주식등의대량보유상황보고서(일반),황성관
20260604000024,20260604,코스피,KTis,058860,주식등의대량보유상황보고서(일반),케이티
20260602000570,20260602,코스피,이리츠코크렙,088260,주식등의대량보유상황보고서(일반),이랜드리테일
20260602000567,20260602,코스닥,레이,228670,[기재정정]주식등의대량보유상황보고서(일반),레이홀딩스
20260602000566,20260602,코스피,E1,017940,주식등의대량보유상황보고서(일반),구자열
20260602000565,20260602,코스피,온타이드,005320,주식등의대량보유상황보고서(일반),약진통상
20260602000562,20260602,코스닥,옵티코어,380540,주식등의대량보유상황보고서(약식),바로저축은행
20260602000555,20260602,코스닥,율촌,146060,주식등의대량보유상황보고서(약식),수성자산운용
20260602000553,20260602,코스닥,디에이테크놀로지,196490,주식등의대량보유상황보고서(약식),바로저축은행
20260602000551,20260602,코스닥,하나마이크론,067310,주식등의대량보유상황보고서(일반),최창호
20260602000531,20260602,코스피,SKC,011790,[기재정정]주식등의대량보유상황보고서(일반),한국투자2024의1호사모투자
20260602000528,20260602,코스닥,브이엠,089970,주식등의대량보유상황보고서(약식),J.P.MORGANSECURITIESPLC
20260602000523,20260602,코스닥,서진시스템,178320,주식등의대량보유상황보고서(일반),전동규
20260602000513,20260602,코스닥,링네트,042500,주식등의대량보유상황보고서(일반),링네트우리사주조합
20260602000510,20260602,코스피,DKME,015590,주식등의대량보유상황보고서(일반),덕양에너젠
20260602000504,20260602,코스닥,코퍼스코리아,322780,주식등의대량보유상황보고서(약식),수성자산운용
20260602000495,20260602,코스닥,유니슨,018000,주식등의대량보유상황보고서(일반),명운산업개발
20260602000492,20260602,코스닥,플라즈맵,405000,주식등의대량보유상황보고서(일반),드림텍
20260602000491,20260602,코스닥,엑셈,205100,주식등의대량보유상황보고서(일반),조종암
20260602000482,20260602,코스닥,현대사료,016790,주식등의대량보유상황보고서(일반),비에스제이에스
20260602000481,20260602,코스피,삼진제약,005500,주식등의대량보유상황보고서(일반),최승주
20260602000480,20260602,코스닥,에이직랜드,445090,주식등의대량보유상황보고서(일반),이종민
20260602000478,20260602,코스피,대호에이엘,069460,[기재정정]주식등의대량보유상황보고서(일반),이상인
20260602000476,20260602,코스피,유나이티드,033270,주식등의대량보유상황보고서(일반),강덕영
20260602000467,20260602,코스닥,자람테크놀로지,389020,주식등의대량보유상황보고서(일반),백준현
20260602000466,20260602,코스닥,HC보광산업,225530,주식등의대량보유상황보고서(일반),HC홈센타
20260602000461,20260602,코스피,아이에스동서,010780,주식등의대량보유상황보고서(일반),권혁운
20260602000459,20260602,코스닥,파버나인,177830,주식등의대량보유상황보고서(일반),이제훈
20260602000457,20260602,코스닥,더블유에스아이,299170,[기재정정]주식등의대량보유상황보고서(일반),박정섭
20260602000442,20260602,코스닥,코아시아,045970,주식등의대량보유상황보고서(일반),이희준
20260602000439,20260602,코스닥,아이로보틱스,066430,[기재정정]주식등의대량보유상황보고서(약식),이상섭
20260602000435,20260602,코스닥,옵트론텍,082210,주식등의대량보유상황보고서(일반),"CHOISANGHO,CORP."
20260602000427,20260602,코스피,이수화학,005950,주식등의대량보유상황보고서(일반),이수
20260602000417,20260602,코스닥,수성웹툰,084180,주식등의대량보유상황보고서(일반),투믹스홀딩스
20260602000409,20260602,코스피,대호에이엘,069460,주식등의대량보유상황보고서(일반),이상인
20260602000408,20260602,코스닥,슈프리마,236200,주식등의대량보유상황보고서(약식),"DALTONINVESTMENTS,INC."
20260602000407,20260602,코스닥,디바이스,187870,주식등의대량보유상황보고서(약식),미래에셋자산운용
20260602000406,20260602,코스피,KB스타리츠,432320,주식등의대량보유상황보고서(약식),미래에셋자산운용
20260602000405,20260602,코스피,SK리츠,395400,주식등의대량보유상황보고서(약식),미래에셋자산운용
20260602000404,20260602,코스피,대덕전자,353200,주식등의대량보유상황보고서(약식),미래에셋자산운용
20260602000399,20260602,코스피,한미사이언스,008930,주식등의대량보유상황보고서(일반),송영숙
20260602000396,20260602,코스닥,인텍플러스,064290,주식등의대량보유상황보고서(일반),이상윤
20260602000395,20260602,코스닥,다산네트웍스,039560,주식등의대량보유상황보고서(일반),다산솔루에타
20260602000394,20260602,코스닥,위너스일렉,479960,주식등의대량보유상황보고서(일반),위너스지주
20260602000393,20260602,코스닥,알엔티엑스,123010,주식등의대량보유상황보고서(일반),위드윈투자조합91호
20260602000380,20260602,코스닥,아주IB투자,027360,주식등의대량보유상황보고서(일반),아주
20260602000340,20260602,코스닥,테크윙,089030,주식등의대량보유상황보고서(약식),삼성자산운용
20260602000333,20260602,코스닥,제룡전기,033100,주식등의대량보유상황보고서(약식),삼성자산운용
20260602000331,20260602,코스닥,원익IPS,240810,주식등의대량보유상황보고서(약식),삼성자산운용
20260602000326,20260602,코스닥,ISC,095340,주식등의대량보유상황보고서(약식),삼성자산운용
20260602000325,20260602,코스피,대원전선,006340,주식등의대량보유상황보고서(약식),삼성자산운용
20260602000321,20260602,코스닥,와이제이링크,209640,주식등의대량보유상황보고서(일반),박순일
20260602000312,20260602,코스닥,메카로,241770,주식등의대량보유상황보고서(일반),이재정
20260602000309,20260602,코스피,웅진씽크빅,095720,주식등의대량보유상황보고서(일반),웅진
20260602000287,20260602,코스피,파라다이스,034230,주식등의대량보유상황보고서(일반),파라다이스글로벌
20260602000277,20260602,코스닥,제이엔케이글로벌,126880,주식등의대량보유상황보고서(일반),김방희
20260602000273,20260602,코스닥,다산솔루에타,154040,주식등의대량보유상황보고서(일반),엔브이글로벌코리아메자닌사모투자
20260602000267,20260602,코스닥,아티스트스튜디오,200350,주식등의대량보유상황보고서(일반),아티스트컴퍼니
20260602000260,20260602,코스닥,씨큐브,101240,주식등의대량보유상황보고서(일반),스타치얼코퍼레이션
20260602000238,20260602,코스닥,에프엔에스테크,083500,주식등의대량보유상황보고서(일반),한경희
20260602000212,20260602,코스닥,나인앤컴퍼니,366030,주식등의대량보유상황보고서(일반),김주영
20260602000186,20260602,코스피,동원산업,006040,주식등의대량보유상황보고서(일반),김남정
20260602000180,20260602,코스닥,미코,059090,주식등의대량보유상황보고서(약식),MiriCapitalManagementLLC
20260602000176,20260602,코스닥,하이젠알앤엠,160190,주식등의대량보유상황보고서(일반),다노코프
20260602000173,20260602,코스피,INVENI,015360,주식등의대량보유상황보고서(일반),구자은
20260602000155,20260602,코스닥,레이,228670,주식등의대량보유상황보고서(일반),레이홀딩스
20260602000146,20260602,코스피,케이티스카이라이프,053210,주식등의대량보유상황보고서(일반),케이티
20260602000127,20260602,코스닥,픽셀플러스,087600,주식등의대량보유상황보고서(일반),이서규
20260602000099,20260602,코스닥,HLB테라퓨틱스,115450,주식등의대량보유상황보고서(일반),HLB
20260602000097,20260602,코스닥,HLB제넥스,187420,주식등의대량보유상황보고서(일반),HLB
20260602000093,20260602,코스닥,마이크로디지탈,305090,주식등의대량보유상황보고서(일반),김경남
20260602000079,20260602,코스피,경인양행,012610,주식등의대량보유상황보고서(일반),김흥준
20260602000060,20260602,코스닥,아이스크림미디어,461300,주식등의대량보유상황보고서(일반),시공테크
20260602000034,20260602,코스피,DS단석,017860,주식등의대량보유상황보고서(일반),한승욱
20260602000021,20260602,코스닥,웨이비스,289930,주식등의대량보유상황보고서(일반),김정곤
20260601002052,20260602,코스닥,아이로보틱스,066430,주식등의대량보유상황보고서(약식),이상섭
20260601002020,20260601,코스닥,올릭스,226950,주식등의대량보유상황보고서(일반),이동기
20260601001977,20260601,코스닥,핑거,163730,주식등의대량보유상황보고서(일반),서룡전자
20260601001963,20260601,코스피,HDC,012630,주식등의대량보유상황보고서(일반),정몽규
20260601001955,20260601,코스닥,엔지켐생명과학,183490,주식등의대량보유상황보고서(일반),남윤희
20260601001953,20260601,코스닥,더네이쳐홀딩스,298540,주식등의대량보유상황보고서(일반),박영준
20260601001927,20260601,코스닥,오토앤,353590,주식등의대량보유상황보고서(약식),권태홍
20260601001904,20260601,코스피,종근당,185750,주식등의대량보유상황보고서(약식),"KopernikGlobalInvestors,LLC"
20260601001894,20260601,코스피,애경케미칼,161000,주식등의대량보유상황보고서(일반),AK홀딩스
20260601001885,20260601,코스닥,파라텍,033540,주식등의대량보유상황보고서(일반),휴림인프라투자조합
20260601001858,20260601,코스닥,피엔에이치테크,239890,주식등의대량보유상황보고서(약식),미래에셋자산운용
20260601001857,20260601,코스피,코오롱인더,120110,주식등의대량보유상황보고서(약식),미래에셋자산운용
20260601001856,20260601,코스닥,로보스타,090360,주식등의대량보유상황보고서(약식),미래에셋자산운용
20260601001855,20260601,코스피,이리츠코크렙,088260,주식등의대량보유상황보고서(약식),미래에셋자산운용
20260601001854,20260601,코스닥,CJ프레시웨이,051500,주식등의대량보유상황보고서(약식),미래에셋자산운용
20260601001852,20260601,코스닥,엠케이전자,033160,주식등의대량보유상황보고서(약식),미래에셋자산운용
20260601001850,20260601,코스피,한솔테크닉스,004710,주식등의대량보유상황보고서(약식),미래에셋자산운용
20260601001846,20260601,코스닥,에코글로우,159910,주식등의대량보유상황보고서(일반),크리스밸류
20260601001790,20260601,코스피,솔루엠,248070,주식등의대량보유상황보고서(일반),전성호
20260601001788,20260601,코스닥,에코글로우,159910,주식등의대량보유상황보고서(약식),상상인저축은행
20260601001745,20260601,코스닥,에이치브이엠,295310,주식등의대량보유상황보고서(약식),KB자산운용
20260601001637,20260601,코스닥,와이지-원,019210,주식등의대량보유상황보고서(일반),송호근
20260601001589,20260601,코스닥,폴레드,487580,주식등의대량보유상황보고서(약식),한국산업은행
20260601001585,20260601,코스피,하이브,352820,주식등의대량보유상황보고서(일반),방시혁
20260601001555,20260601,코스피,부국증권,001270,주식등의대량보유상황보고서(일반),김중건
20260601001523,20260601,코스피,유니온,000910,주식등의대량보유상황보고서(일반),이우선
20260601001497,20260601,코스닥,로젠,033290,주식등의대량보유상황보고서(일반),대명화학
20260601001477,20260601,코스피,현대코퍼레이션,011760,주식등의대량보유상황보고서(일반),현대코퍼레이션홀딩스
20260601001465,20260601,코스피,SKC,011790,주식등의대량보유상황보고서(일반),한국투자2024의1호사모투자
20260601001448,20260601,코스닥,비케이홀딩스,050090,주식등의대량보유상황보고서(일반),홍석규
20260601001397,20260601,코스피,효성티앤씨,298020,주식등의대량보유상황보고서(약식),국민연금공단
20260601001380,20260601,코스닥,하나머티리얼즈,166090,주식등의대량보유상황보고서(약식),국민연금공단
20260601001366,20260601,코스피,한국전력공사,015760,주식등의대량보유상황보고서(약식),국민연금공단
20260601001347,20260601,코스피,삼양식품,003230,주식등의대량보유상황보고서(약식),국민연금공단
20260601001331,20260601,코스피,CJ대한통운,000120,주식등의대량보유상황보고서(약식),국민연금공단
20260601001284,20260601,코스피,LG디스플레이,034220,주식등의대량보유상황보고서(약식),BlackRockFundAdvisors
20260601001210,20260601,코스닥,에스에스알,275630,주식등의대량보유상황보고서(일반),지란지교시큐리티
20260601001135,20260601,코스닥,하이젠알앤엠,160190,주식등의대량보유상황보고서(일반),일신방직
20260601001120,20260601,코스닥,에코볼트,097780,주식등의대량보유상황보고서(일반),오성첨단소재
20260601001107,20260601,코스닥,미트박스,475460,주식등의대량보유상황보고서(일반),김기봉
20260601001074,20260601,코스닥,TS인베스트먼트,246690,주식등의대량보유상황보고서(일반),김웅
20260601000931,20260601,코스닥,뉴로핏,380550,주식등의대량보유상황보고서(일반),김동현
20260601000751,20260601,코스닥,손오공,066910,주식등의대량보유상황보고서(일반),에이치케이모빌리티컴퍼니
20260601000733,20260601,코스피,대교,019680,주식등의대량보유상황보고서(일반),대교홀딩스
20260601000689,20260601,코스닥,포인트모바일,318020,주식등의대량보유상황보고서(일반),강삼권
20260601000687,20260601,코스닥,에어레인,163280,주식등의대량보유상황보고서(일반),하성용
20260601000552,20260601,코스피,MH에탄올,023150,주식등의대량보유상황보고서(일반),최동호
20260601000157,20260601,코스닥,성호전자,043260,주식등의대량보유상황보고서(일반),서룡전자
20260601000109,20260601,코스닥,바른손이앤에이,035620,[기재정정]주식등의대량보유상황보고서(일반),문양권
20260601000070,20260601,코스닥,아시아종묘,154030,주식등의대량보유상황보고서(일반),류재환
20260601000002,20260601,코스닥,바른손이앤에이,035620,주식등의대량보유상황보고서(일반),문양권
20260529002354,20260529,코스닥,서울전자통신,027040,주식등의대량보유상황보고서(약식),에스이티 제2호 투자조합
20260529002345,20260529,코스닥,서울전자통신,027040,주식등의대량보유상황보고서(약식),에스이티 제1호 투자조합
20260529002335,20260529,코스닥,서울전자통신,027040,주식등의대량보유상황보고서(일반),다온인터내셔널
20260529002322,20260529,코스피,SBS,034120,주식등의대량보유상황보고서(일반),주경숙
20260529002316,20260529,코스피,달바글로벌,483650,주식등의대량보유상황보고서(일반),반성연
20260529002298,20260529,코스닥,더블유에스아이,299170,주식등의대량보유상황보고서(일반),박정섭
20260529002293,20260529,코스닥,폴라리스세원,234100,주식등의대량보유상황보고서(일반),폴라리스오피스
20260529002287,20260529,코스닥,남화산업,111710,주식등의대량보유상황보고서(일반),최재훈
20260529002271,20260529,코스닥,크레버스,096240,주식등의대량보유상황보고서(일반),김영화
20260529002234,20260529,코스닥,지놈앤컴퍼니,314130,주식등의대량보유상황보고서(일반),박한수
20260529002215,20260529,코스피,SKC,011790,주식등의대량보유상황보고서(일반),SK
20260529002204,20260529,코스닥,엘티씨,170920,주식등의대량보유상황보고서(일반),최호성
20260529002154,20260529,코스닥,꿈비,407400,주식등의대량보유상황보고서(일반),박영건
20260529002141,20260529,코스닥,하나머티리얼즈,166090,주식등의대량보유상황보고서(일반),하나마이크론
20260529002110,20260529,코스피,풀무원,017810,주식등의대량보유상황보고서(일반),남승우
20260529002096,20260529,코스닥,큐브엔터,182360,주식등의대량보유상황보고서(일반),강승곤
20260529002055,20260529,코스닥,HLB펩,196300,주식등의대량보유상황보고서(일반),HLB제넥스
20260529002054,20260529,코스닥,지니너스,389030,[기재정정]주식등의대량보유상황보고서(약식),케이비인베스트먼트
20260529001977,20260529,코스닥,넥써쓰,205500,주식등의대량보유상황보고서(일반),키글로벌홀딩스
20260529001933,20260529,코스피,국제약품,002720,주식등의대량보유상황보고서(일반),남영우
20260529001929,20260529,코스피,AJ네트웍스,095570,주식등의대량보유상황보고서(일반),문덕영
20260529001873,20260529,코스닥,에이프로,262260,주식등의대량보유상황보고서(약식),페어웨이자산운용
20260529001850,20260529,코스닥,휴마시스,205470,주식등의대량보유상황보고서(일반),아티스트
20260529001837,20260529,코스피,한미글로벌,053690,주식등의대량보유상황보고서(일반),김종훈
20260529001831,20260529,코스피,에이프로젠,007460,주식등의대량보유상황보고서(일반),지베이스
20260529001822,20260529,코스닥,메디앙스,014100,주식등의대량보유상황보고서(일반),김은정
20260529001817,20260529,코스닥,디와이씨,310870,주식등의대량보유상황보고서(약식),시알홀딩스
20260529001815,20260529,코스닥,알엔투테크놀로지,148250,주식등의대량보유상황보고서(일반),크로스1호조합
20260529001772,20260529,코스닥,파크시스템스,140860,주식등의대량보유상황보고서(약식),삼성자산운용
20260529001764,20260529,코스닥,한울반도체,320000,주식등의대량보유상황보고서(일반),한울소재과학
20260529001757,20260529,코스닥,동진쎄미켐,005290,주식등의대량보유상황보고서(약식),삼성자산운용
20260529001738,20260529,코스닥,블루엠텍,439580,주식등의대량보유상황보고서(일반),연제량
20260529001737,20260529,코스닥,대주전자재료,078600,주식등의대량보유상황보고서(약식),삼성자산운용
20260529001715,20260529,코스닥,에프에스티,036810,주식등의대량보유상황보고서(약식),삼성자산운용
20260529001699,20260529,코스닥,SFA넥셀,222080,주식등의대량보유상황보고서(약식),삼성자산운용
20260529001680,20260529,코스닥,오스코텍,039200,주식등의대량보유상황보고서(약식),삼성자산운용
20260529001665,20260529,코스닥,펩트론,087010,주식등의대량보유상황보고서(약식),삼성자산운용
20260529001663,20260529,코스닥,파버나인,177830,주식등의대량보유상황보고서(일반),이제훈
20260529001641,20260529,코스피,현대백화점,069960,주식등의대량보유상황보고서(약식),브이아이피자산운용
20260529001632,20260529,코스닥,현대바이오,048410,주식등의대량보유상황보고서(약식),삼성자산운용
20260529001618,20260529,코스닥,HLB,028300,주식등의대량보유상황보고서(약식),삼성자산운용
20260529001600,20260529,코스피,우성머티리얼스,011300,주식등의대량보유상황보고서(일반),더블유에스
20260529001598,20260529,코스닥,옵트론텍,082210,주식등의대량보유상황보고서(일반),그린이에스지성장제1호사모투자
20260529001588,20260529,코스피,우신시스템,017370,주식등의대량보유상황보고서(일반),허우영
20260529001530,20260529,코스피,BGF리테일,282330,주식등의대량보유상황보고서(일반),BGF
20260529001514,20260529,코스피,우성머티리얼스,011300,주식등의대량보유상황보고서(일반),더블유에스
20260529001496,20260529,코스닥,와이즈넛,096250,주식등의대량보유상황보고서(일반),윤여걸
20260529001483,20260529,코스닥,핀텔,291810,주식등의대량보유상황보고서(일반),김동기
20260529001456,20260529,코스닥,브이티,018290,주식등의대량보유상황보고서(일반),정철
20260529001326,20260529,코스피,에스엠벡셀,010580,주식등의대량보유상황보고서(일반),에스엠하이플러스
20260529000963,20260529,코스닥,대동스틸,048470,주식등의대량보유상황보고서(일반),임형기
20260529000942,20260529,코스피,애경케미칼,161000,주식등의대량보유상황보고서(일반),AK홀딩스
20260529000927,20260529,코스피,제주항공,089590,주식등의대량보유상황보고서(일반),AK홀딩스
20260529000880,20260529,코스피,SP삼화,000390,주식등의대량보유상황보고서(일반),김현정
20260529000826,20260529,코스닥,펨트론,168360,주식등의대량보유상황보고서(약식),삼성 이노베이티브 신기술사업투자조합 제3호
20260529000821,20260529,코스닥,지어소프트,051160,주식등의대량보유상황보고서(약식),MiriCapitalManagementLLC
20260529000684,20260529,코스닥,비엠티,086670,주식등의대량보유상황보고서(일반),윤종찬
20260529000671,20260529,코스닥,마크로젠,038290,주식등의대량보유상황보고서(일반),서정선
20260529000549,20260529,코스닥,KT밀리의서재,418470,주식등의대량보유상황보고서(일반),KT지니뮤직
20260529000520,20260529,코스닥,풍원정밀,371950,주식등의대량보유상황보고서(일반),유명훈
20260529000505,20260529,코스피,이엔플러스,074610,주식등의대량보유상황보고서(약식),미니멈
20260529000486,20260529,코스닥,케이옥션,102370,주식등의대량보유상황보고서(일반),티에이어드바이저
20260529000479,20260529,코스닥,오비고,352910,주식등의대량보유상황보고서(일반),장영준
20260529000350,20260529,코스피,삼성화재해상보험,000810,주식등의대량보유상황보고서(약식),인베스코에셋매니지먼트리미티드
20260529000219,20260529,코스닥,사토시홀딩스,223310,주식등의대량보유상황보고서(약식),케이비증권
20260529000173,20260529,코스피,삼립,005610,주식등의대량보유상황보고서(일반),상미당홀딩스
20260529000101,20260529,코스피,OCI홀딩스,010060,주식등의대량보유상황보고서(일반),이화영
20260529000075,20260529,코스닥,대한뉴팜,054670,주식등의대량보유상황보고서(일반),이완진
20260529000057,20260529,코스닥,프럼파스트,035200,주식등의대량보유상황보고서(일반),원재희
20260529000009,20260529,코스피,한국항공우주,047810,주식등의대량보유상황보고서(일반),한화에어로스페이스
20260528001029,20260529,코스닥,신테카바이오,226330,주식등의대량보유상황보고서(일반),정종선
20260528001019,20260528,코스닥,한울앤제주,276730,주식등의대량보유상황보고서(일반),한울반도체
20260528001015,20260528,코스닥,에이텍,045660,주식등의대량보유상황보고서(일반),신승영
20260528000987,20260528,코스피,남선알미늄,008350,주식등의대량보유상황보고서(일반),삼라
20260528000976,20260528,코스닥,가온칩스,399720,주식등의대량보유상황보고서(일반),정규동
20260528000952,20260528,코스닥,제이엠아이,033050,주식등의대량보유상황보고서(일반),제이엠티
20260528000910,20260528,코스닥,엔젤로보틱스,455900,주식등의대량보유상황보고서(일반),공경철
20260528000906,20260528,코스피,삼진제약,005500,[기재정정]주식등의대량보유상황보고서(약식),하나제약
20260528000905,20260528,코스닥,HC홈센타,060560,주식등의대량보유상황보고서(일반),에이치씨파트너스
20260528000895,20260528,코스닥,빅텍,065450,주식등의대량보유상황보고서(약식),라이노스자산운용
20260528000890,20260528,코스피,풍산홀딩스,005810,주식등의대량보유상황보고서(약식),브이아이피자산운용
20260528000872,20260528,코스닥,핑거,163730,주식등의대량보유상황보고서(약식),판토스홀딩스
20260528000871,20260528,코스닥,토모큐브,475960,주식등의대량보유상황보고서(일반),박용근
20260528000863,20260528,코스닥,국전,307750,주식등의대량보유상황보고서(일반),홍종호
20260528000861,20260528,코스닥,한국파마,032300,주식등의대량보유상황보고서(일반),박은희
20260528000829,20260528,코스닥,큐로셀,372320,주식등의대량보유상황보고서(일반),김건수
20260528000828,20260528,코스피,비에이치,090460,주식등의대량보유상황보고서(일반),이경환
20260528000778,20260528,코스닥,RF시스템즈,474610,주식등의대량보유상황보고서(일반),RF머트리얼즈
20260528000765,20260528,코스닥,대한약품,023910,주식등의대량보유상황보고서(일반),이윤우
20260528000755,20260528,코스닥,엔지켐생명과학,183490,주식등의대량보유상황보고서(일반),남윤희
20260528000747,20260528,코스닥,유티아이,179900,[기재정정]주식등의대량보유상황보고서(일반),박덕영
20260528000721,20260528,코스닥,이지홀딩스,035810,주식등의대량보유상황보고서(일반),지현욱
20260528000711,20260528,코스피,디아이씨,092200,주식등의대량보유상황보고서(일반),김성문
20260528000708,20260528,코스닥,필옵틱스,161580,주식등의대량보유상황보고서(일반),한기수
20260528000705,20260528,코스닥,에스에이엠티,031330,주식등의대량보유상황보고서(일반),삼지전자
20260528000700,20260528,코스닥,리메드,302550,주식등의대량보유상황보고서(일반),이근용
20260528000695,20260528,코스피,NICE,034310,주식등의대량보유상황보고서(일반),김원우
20260528000694,20260528,코스닥,앱튼,270520,주식등의대량보유상황보고서(일반),에이프로젠
20260528000684,20260528,코스피,HS애드,035000,주식등의대량보유상황보고서(일반),카벤디쉬스퀘어홀딩비.브이.
20260528000683,20260528,코스피,마니커,027740,주식등의대량보유상황보고서(일반),이지홀딩스
20260528000682,20260528,코스닥,아이티엠반도체,084850,주식등의대량보유상황보고서(일반),NICE
20260528000650,20260528,코스닥,우진엔텍,457550,주식등의대량보유상황보고서(일반),우진
20260528000645,20260528,코스닥,카페24,042000,주식등의대량보유상황보고서(일반),우창균
20260528000644,20260528,코스피,부국증권,001270,주식등의대량보유상황보고서(일반),김중건
20260528000635,20260528,코스피,종근당홀딩스,001630,주식등의대량보유상황보고서(일반),이장한
20260528000627,20260528,코스닥,솔브레인,357780,주식등의대량보유상황보고서(일반),정지완
20260528000622,20260528,코스닥,유티아이,179900,주식등의대량보유상황보고서(일반),박덕영
20260528000615,20260528,코스닥,우진비앤지,018620,주식등의대량보유상황보고서(일반),강재구
20260528000596,20260528,코스닥,솔브레인홀딩스,036830,주식등의대량보유상황보고서(일반),정지완
20260528000570,20260528,코스닥,LS티라유텍,322180,주식등의대량보유상황보고서(일반),엘에스일렉트릭
20260528000567,20260528,코스닥,코스텍시스,355150,주식등의대량보유상황보고서(약식),MORGANSTANLEY&COINTLPLC
20260528000540,20260528,코스피,가온전선,000500,[기재정정]주식등의대량보유상황보고서(일반),LS전선
20260528000522,20260528,코스닥,랩지노믹스,084650,주식등의대량보유상황보고서(일반),스틱리트머스
20260528000465,20260528,코스피,가온전선,000500,주식등의대량보유상황보고서(일반),LS전선
20260528000429,20260528,코스닥,엔젯,419080,주식등의대량보유상황보고서(약식),파인밸류자산운용
20260528000375,20260528,코스닥,에스티아이,039440,주식등의대량보유상황보고서(일반),성도이엔지
20260528000082,20260528,코스닥,현대이지웰,090850,주식등의대량보유상황보고서(약식),MiriCapitalManagementLLC
20260527000620,20260528,코스피,코스맥스비티아이,044820,주식등의대량보유상황보고서(일반),서성석
20260527000609,20260527,코스닥,하림지주,003380,주식등의대량보유상황보고서(일반),김홍국
20260527000607,20260527,코스피,엘앤에프,066970,주식등의대량보유상황보고서(일반),새로닉스
20260527000598,20260527,코스피,이수화학,005950,[기재정정]주식등의대량보유상황보고서(일반),이수
20260527000590,20260527,코스피,엔피씨,004250,주식등의대량보유상황보고서(일반),임익성
20260527000571,20260527,코스닥,아이엘,307180,주식등의대량보유상황보고서(일반),송성근
20260527000558,20260527,코스닥,기가레인,049080,주식등의대량보유상황보고서(일반),케플러밸류파트너스
20260527000557,20260527,코스피,쏘카,403550,주식등의대량보유상황보고서(약식),크래프톤
20260527000552,20260527,코스닥,지놈앤컴퍼니,314130,주식등의대량보유상황보고서(약식),파라투스뉴노멀티씨비사모투자
20260527000547,20260527,코스닥,에코프로,086520,주식등의대량보유상황보고서(일반),이동채
20260527000543,20260527,코스피,HDC,012630,주식등의대량보유상황보고서(일반),정몽규
20260527000536,20260527,코스피,한창제지,009460,주식등의대량보유상황보고서(일반),김승한
20260527000533,20260527,코스닥,지놈앤컴퍼니,314130,주식등의대량보유상황보고서(약식),DSC인베스트먼트
20260527000530,20260527,코스닥,에코글로우,159910,주식등의대량보유상황보고서(일반),더편한
20260527000528,20260527,코스닥,와이엠티,251370,주식등의대량보유상황보고서(일반),전성욱
20260527000525,20260527,코스닥,저스템,417840,주식등의대량보유상황보고서(일반),임영진
20260527000517,20260527,코스피,크래프톤,259960,주식등의대량보유상황보고서(일반),장병규
20260527000513,20260527,코스닥,로보스타,090360,주식등의대량보유상황보고서(약식),미래에셋자산운용
20260527000512,20260527,코스닥,피엠티,147760,주식등의대량보유상황보고서(약식),미래에셋자산운용
20260527000511,20260527,코스피,두산에너빌리티,034020,주식등의대량보유상황보고서(일반),두산
20260527000498,20260527,코스피,우진,105840,주식등의대량보유상황보고서(일반),이재원
20260527000484,20260527,코스피,우성머티리얼스,011300,주식등의대량보유상황보고서(약식),동양잉크
20260527000474,20260527,코스피,영풍,000670,주식등의대량보유상황보고서(일반),영풍개발
20260527000447,20260527,코스닥,지니언스,263860,주식등의대량보유상황보고서(일반),이동범
20260527000445,20260527,코스닥,이뮨온시아,424870,주식등의대량보유상황보고서(일반),유한양행
20260527000440,20260527,코스닥,웰크론한텍,076080,주식등의대량보유상황보고서(일반),웰크론
20260527000433,20260527,코스피,디와이,013570,주식등의대량보유상황보고서(일반),조병호
20260527000428,20260527,코스닥,에이루트,096690,주식등의대량보유상황보고서(일반),최정임
20260527000417,20260527,코스피,이수화학,005950,주식등의대량보유상황보고서(일반),이수
20260527000415,20260527,코스피,이수페타시스,007660,주식등의대량보유상황보고서(일반),이수
20260527000412,20260527,코스닥,상보,027580,주식등의대량보유상황보고서(일반),김상근
20260527000388,20260527,코스닥,다우데이타,032190,주식등의대량보유상황보고서(일반),김익래
20260527000386,20260527,코스피,미스토홀딩스,081660,주식등의대량보유상황보고서(일반),피에몬테
20260527000358,20260527,코스닥,이퓨쳐,134060,주식등의대량보유상황보고서(일반),이기현
20260527000347,20260527,코스닥,보로노이,310210,주식등의대량보유상황보고서(일반),김현태
20260527000345,20260527,코스닥,엠에프씨,432980,주식등의대량보유상황보고서(일반),황성관
20260527000341,20260527,코스닥,엠투엔,033310,주식등의대량보유상황보고서(일반),디케이마린
20260527000321,20260527,코스닥,비큐AI,148780,주식등의대량보유상황보고서(일반),임경환
20260527000250,20260527,코스피,유니드,014830,주식등의대량보유상황보고서(일반),유니드글로벌상사
20260527000235,20260527,코스닥,제노레이,122310,주식등의대량보유상황보고서(일반),박병욱
20260527000230,20260527,코스피,인터지스,129260,주식등의대량보유상황보고서(일반),동국홀딩스
20260527000200,20260527,코스피,대림통상,006570,주식등의대량보유상황보고서(일반),디앤디파트너스
20260527000196,20260527,코스닥,디지틀조선,033130,주식등의대량보유상황보고서(일반),방상훈
20260527000193,20260527,코스닥,포인트모바일,318020,주식등의대량보유상황보고서(일반),강삼권
20260527000169,20260527,코스닥,파이버프로,368770,주식등의대량보유상황보고서(일반),고연완
20260527000166,20260527,코스닥,비나텍,126340,주식등의대량보유상황보고서(일반),성도경
20260527000158,20260527,코스닥,마키나락스,477850,주식등의대량보유상황보고서(일반),윤성호
20260527000146,20260527,코스피,DN오토모티브,007340,주식등의대량보유상황보고서(일반),김상헌
20260527000142,20260527,코스닥,삼화네트웍스,046390,주식등의대량보유상황보고서(일반),신상윤
20260527000134,20260527,코스닥,글로벌텍스프리,204620,주식등의대량보유상황보고서(약식),김진서
20260527000091,20260527,코스닥,코렌텍,104540,주식등의대량보유상황보고서(일반),선두훈
20260527000083,20260527,코스닥,대성하이텍,129920,주식등의대량보유상황보고서(일반),최호형
20260527000073,20260527,코스피,케이티앤지,033780,주식등의대량보유상황보고서(약식),"FirstEagleInvestmentManagement,LLC"
20260527000047,20260527,코스닥,캐스텍코리아,071850,주식등의대량보유상황보고서(일반),이학철
20260526000530,20260527,코스피,호텔신라,008770,주식등의대량보유상황보고서(약식),한국투자신탁운용
20260526000526,20260526,코스닥,동국제약,086450,주식등의대량보유상황보고서(일반),권기범
20260526000522,20260526,코스닥,리드코프,012700,주식등의대량보유상황보고서(일반),디케이마린
20260526000518,20260526,코스닥,밸로프,331520,주식등의대량보유상황보고서(약식),키글로벌홀딩스
20260526000508,20260526,코스닥,THE E&M,089230,주식등의대량보유상황보고서(일반),신환률
20260526000507,20260526,코스피,삼익악기,002450,주식등의대량보유상황보고서(일반),스페코
20260526000499,20260526,코스닥,핑거,163730,주식등의대량보유상황보고서(약식),탄탄글로벌파트너스
20260526000494,20260526,코스닥,삼기,122350,주식등의대량보유상황보고서(일반),김치환
20260526000493,20260526,코스닥,엔젯,419080,주식등의대량보유상황보고서(약식),라이프자산운용
20260526000457,20260526,코스피,현대엘리베이터,017800,[기재정정]주식등의대량보유상황보고서(일반),현대홀딩스컴퍼니
20260526000453,20260526,코스닥,쓰리빌리언,394800,주식등의대량보유상황보고서(일반),금창원
20260526000451,20260526,코스닥,LSK아이로봇,091970,주식등의대량보유상황보고서(일반),엘에스케이디비
20260526000434,20260526,코스닥,핑거,163730,주식등의대량보유상황보고서(일반),서룡전자
20260526000427,20260526,코스닥,비투엔,307870,주식등의대량보유상황보고서(일반),엑스트윈스1호조합
20260526000424,20260526,코스닥,핑거,163730,[기재정정]주식등의대량보유상황보고서(일반),서룡전자
20260526000422,20260526,코스닥,한국유니온제약,080720,주식등의대량보유상황보고서(약식),박광석
20260526000414,20260526,코스닥,TJ미디어,032540,주식등의대량보유상황보고서(일반),윤나라
20260526000411,20260526,코스닥,성호전자,043260,주식등의대량보유상황보고서(일반),서룡전자
20260526000406,20260526,코스닥,판타지오,032800,주식등의대량보유상황보고서(약식),이상용
20260526000405,20260526,코스닥,TJ미디어,032540,주식등의대량보유상황보고서(일반),윤재환
20260526000400,20260526,코스닥,더핑크퐁컴퍼니,403850,주식등의대량보유상황보고서(일반),김민석
20260526000390,20260526,코스닥,HLB제넥스,187420,주식등의대량보유상황보고서(일반),HLB
20260526000383,20260526,코스닥,동구바이오제약,006620,주식등의대량보유상황보고서(일반),조용준
20260526000370,20260526,코스닥,알리코제약,260660,주식등의대량보유상황보고서(일반),이항구
20260526000366,20260526,코스닥,비보존 제약,082800,주식등의대량보유상황보고서(일반),비보존홀딩스
20260526000365,20260526,코스피,신대양제지,016590,주식등의대량보유상황보고서(일반),권혁홍
20260526000359,20260526,코스닥,케이피항공산업,288180,주식등의대량보유상황보고서(약식),뉴메인 신기술투자조합 제13호
20260526000353,20260526,코스피,블루산업개발,006740,주식등의대량보유상황보고서(일반),피엠에이조합
20260526000352,20260526,코스닥,동일스틸럭스,023790,주식등의대량보유상황보고서(일반),장인화
20260526000351,20260526,코스닥,다산네트웍스,039560,주식등의대량보유상황보고서(일반),다산솔루에타
20260526000347,20260526,코스피,명신산업,009900,주식등의대량보유상황보고서(일반),엠에스오토텍
20260526000343,20260526,코스닥,그리티,204020,주식등의대량보유상황보고서(일반),문영우
20260526000342,20260526,코스닥,웨이버스,336060,주식등의대량보유상황보고서(일반),김학성
20260526000336,20260526,코스피,유니켐,011330,주식등의대량보유상황보고서(일반),제이에이치사람들
20260526000325,20260526,코스피,블루산업개발,006740,주식등의대량보유상황보고서(약식),니안
20260526000295,20260526,코스닥,비큐AI,148780,주식등의대량보유상황보고서(일반),임경환
20260526000292,20260526,코스닥,케이피항공산업,288180,주식등의대량보유상황보고서(일반),스페이스프로
20260526000291,20260526,코스닥,포인트엔지니어링,256630,주식등의대량보유상황보고서(일반),안범모
20260526000286,20260526,코스피,신성이엔지,011930,주식등의대량보유상황보고서(약식),J.P.MORGANSECURITIESPLC
20260526000285,20260526,코스닥,벨로크,424760,주식등의대량보유상황보고서(일반),이정현
20260526000282,20260526,코스닥,일월지엠엘,178780,주식등의대량보유상황보고서(일반),일월
20260526000259,20260526,코스닥,랩지노믹스,084650,주식등의대량보유상황보고서(일반),루하프라이빗에쿼티
20260526000258,20260526,코스피,롯데렌탈,089860,주식등의대량보유상황보고서(일반),CareenaTransportationGroupLimited
20260526000239,20260526,코스닥,웨이비스,289930,주식등의대량보유상황보고서(약식),MORGANSTANLEY&COINTLPLC
20260526000209,20260526,코스닥,EG,037370,주식등의대량보유상황보고서(일반),박지만
20260526000207,20260526,코스닥,우림피티에스,101170,주식등의대량보유상황보고서(일반),한규석
20260526000183,20260526,코스닥,케이피항공산업,288180,주식등의대량보유상황보고서(일반),윤기형
20260526000163,20260526,코스닥,케이옥션,102370,주식등의대량보유상황보고서(일반),티에이어드바이저
20260526000151,20260526,코스닥,아이텍,119830,주식등의대량보유상황보고서(약식),프렌즈파트너스
20260526000135,20260526,코스닥,대신정보통신,020180,주식등의대량보유상황보고서(일반),이재원
20260526000099,20260526,코스닥,에이비온,203400,주식등의대량보유상황보고서(약식),김영선
20260526000085,20260526,코스닥,디티앤씨,187220,주식등의대량보유상황보고서(일반),박채규
20260526000063,20260526,코스피,롯데렌탈,089860,주식등의대량보유상황보고서(약식),브이아이피자산운용
20260526000040,20260526,코스피,대한해운,005880,주식등의대량보유상황보고서(일반),에스엠상선
20260526000030,20260526,코스닥,제이에스티나,026040,[기재정정]주식등의대량보유상황보고서(약식),김도형
20260526000004,20260526,코스피,한국항공우주,047810,주식등의대량보유상황보고서(일반),한화에어로스페이스
20260522000654,20260522,코스피,KC그린홀딩스,009440,주식등의대량보유상황보고서(약식),수성자산운용
20260522000651,20260522,코스피,에이프로젠바이오로직스,003060,주식등의대량보유상황보고서(약식),이영철
20260522000635,20260522,코스닥,제이에스티나,026040,주식등의대량보유상황보고서(약식),김도형
20260522000633,20260522,코스닥,바이넥스,053030,주식등의대량보유상황보고서(일반),더에이블
20260522000629,20260522,코스피,삼성생명,032830,주식등의대량보유상황보고서(일반),삼성물산
20260522000615,20260522,코스닥,이노스페이스,462350,주식등의대량보유상황보고서(일반),김수종
20260522000612,20260522,코스피,벽산,007210,주식등의대량보유상황보고서(일반),벽산엘티씨엔터프라이즈
20260522000610,20260522,코스닥,오텍,067170,주식등의대량보유상황보고서(일반),강성희
20260522000609,20260522,코스닥,대성하이텍,129920,주식등의대량보유상황보고서(약식),펄프로젝트제1호사모투자
20260522000598,20260522,코스닥,지에프씨생명과학,388610,주식등의대량보유상황보고서(일반),강희철
20260522000591,20260522,코스닥,이엘씨,041520,[기재정정]주식등의대량보유상황보고서(일반),김중헌
20260522000589,20260522,코스피,삼성전자,005930,주식등의대량보유상황보고서(일반),삼성물산
20260522000578,20260522,코스닥,서진시스템,178320,주식등의대량보유상황보고서(일반),전동규
20260522000574,20260522,코스닥,이노스페이스,462350,[기재정정]주식등의대량보유상황보고서(일반),김수종
20260522000569,20260522,코스닥,이노스페이스,462350,[기재정정]주식등의대량보유상황보고서(일반),김수종
20260522000567,20260522,코스피,삼성물산,028260,주식등의대량보유상황보고서(일반),이재용
20260522000566,20260522,코스닥,이노스페이스,462350,[기재정정]주식등의대량보유상황보고서(일반),김수종
20260522000564,20260522,코스닥,야스,255440,주식등의대량보유상황보고서(일반),정광호
20260522000563,20260522,코스닥,이노스페이스,462350,[기재정정]주식등의대량보유상황보고서(일반),김수종
20260522000561,20260522,코스닥,모베이스,101330,주식등의대량보유상황보고서(일반),손병준
20260522000557,20260522,코스닥,애드바이오텍,179530,주식등의대량보유상황보고서(약식),마그나인베스트먼트
20260522000550,20260522,코스피,현대엘리베이터,017800,주식등의대량보유상황보고서(일반),현대홀딩스컴퍼니
20260522000548,20260522,코스피,솔루엠,248070,주식등의대량보유상황보고서(일반),전성호
20260522000545,20260522,코스닥,판타지오,032800,주식등의대량보유상황보고서(일반),아티스트
20260522000540,20260522,코스닥,휴마시스,205470,주식등의대량보유상황보고서(일반),아티스트
20260522000538,20260522,코스닥,미투온,201490,주식등의대량보유상황보고서(일반),손창욱
20260522000536,20260522,코스피,DB,012030,주식등의대량보유상황보고서(일반),김남호
20260522000527,20260522,코스피,아센디오,012170,주식등의대량보유상황보고서(일반),키위제1호조합
20260522000521,20260522,코스닥,코퍼스코리아,322780,주식등의대량보유상황보고서(약식),수성자산운용
20260522000520,20260522,코스피,DB하이텍,000990,주식등의대량보유상황보고서(일반),DB
20260522000512,20260522,코스닥,에프엔씨엔터,173940,주식등의대량보유상황보고서(약식),YG PLUS
20260522000502,20260522,코스피,한일시멘트,300720,주식등의대량보유상황보고서(일반),한일홀딩스
20260522000486,20260522,코스닥,에스와이,109610,주식등의대량보유상황보고서(일반),홍영돈
20260522000485,20260522,코스닥,판타지오,032800,주식등의대량보유상황보고서(일반),엑스
20260522000482,20260522,코스닥,링크솔루션,474650,주식등의대량보유상황보고서(약식),하나증권
20260522000481,20260522,코스피,에이프로젠,007460,주식등의대량보유상황보고서(일반),지베이스
20260522000476,20260522,코스닥,빅솔론,093190,주식등의대량보유상황보고서(일반),아이디스홀딩스
20260522000466,20260522,코스닥,에이비온,203400,주식등의대량보유상황보고서(일반),신영기
20260522000460,20260522,코스피,HDC,012630,주식등의대량보유상황보고서(일반),정몽규
20260522000458,20260522,코스피,에이프로젠바이오로직스,003060,주식등의대량보유상황보고서(일반),에이프로젠
20260522000425,20260522,코스닥,이엘씨,041520,주식등의대량보유상황보고서(일반),김중헌
20260522000417,20260522,코스피,코스모신소재,005070,주식등의대량보유상황보고서(일반),코스모화학
20260522000414,20260522,코스닥,지엔코,065060,주식등의대량보유상황보고서(일반),크레오에스지
20260522000406,20260522,코스닥,디바이스,187870,주식등의대량보유상황보고서(일반),최봉진
20260522000396,20260522,코스닥,에스오에스랩,464080,주식등의대량보유상황보고서(일반),정지성
20260522000389,20260522,코스피,씨에스윈드,112610,주식등의대량보유상황보고서(일반),김성권
20260522000377,20260522,코스피,아모레퍼시픽,090430,주식등의대량보유상황보고서(일반),아모레퍼시픽홀딩스
20260522000353,20260522,코스닥,엑스플러스,373200,주식등의대량보유상황보고서(일반),엑스페릭스
20260522000345,20260522,코스피,한국화장품제조,003350,주식등의대량보유상황보고서(약식),타이거자산운용투자일임
20260522000337,20260522,코스닥,오스코텍,039200,주식등의대량보유상황보고서(약식),타이거자산운용투자일임
20260522000336,20260522,코스닥,오이솔루션,138080,주식등의대량보유상황보고서(일반),박찬
20260522000327,20260522,코스닥,디티앤씨,187220,주식등의대량보유상황보고서(약식),타이거자산운용투자일임
20260522000293,20260522,코스닥,우리기술투자,041190,주식등의대량보유상황보고서(일반),이완근
20260522000284,20260522,코스닥,하이젠알앤엠,160190,주식등의대량보유상황보고서(일반),다노코프
20260522000265,20260522,코스피,에스엠벡셀,010580,주식등의대량보유상황보고서(일반),에스엠하이플러스
20260522000204,20260522,코스닥,링크드,193250,주식등의대량보유상황보고서(일반),민용재
20260522000190,20260522,코스피,하이트진로,000080,주식등의대량보유상황보고서(일반),하이트진로홀딩스
20260522000113,20260522,코스닥,제주반도체,080220,주식등의대량보유상황보고서(일반),박성식
20260522000105,20260522,코스닥,웨이브일렉트로,095270,[기재정정]주식등의대량보유상황보고서(일반),박천석
20260522000099,20260522,코스닥,리센스메디컬,394420,[기재정정]주식등의대량보유상황보고서(일반),김건호
20260522000059,20260522,코스닥,피에스케이,319660,주식등의대량보유상황보고서(일반),피에스케이홀딩스
20260522000031,20260522,코스닥,이노뎁,303530,주식등의대량보유상황보고서(일반),이성진
20260521000808,20260522,코스피,삼진제약,005500,주식등의대량보유상황보고서(약식),하나제약
20260521000800,20260521,코스피,팬오션,028670,주식등의대량보유상황보고서(일반),하림지주
20260521000787,20260521,코스닥,사토시홀딩스,223310,주식등의대량보유상황보고서(약식),케이비증권
20260521000780,20260521,코스닥,나우로보틱스,459510,주식등의대량보유상황보고서(일반),이종주
20260521000778,20260521,코스닥,하나마이크론,067310,주식등의대량보유상황보고서(일반),최창호
20260521000761,20260521,코스닥,모바일어플라이언스,087260,주식등의대량보유상황보고서(일반),이재신
20260521000751,20260521,코스닥,아이티엠반도체,084850,주식등의대량보유상황보고서(일반),NICE
20260521000741,20260521,코스닥,서울전자통신,027040,주식등의대량보유상황보고서(일반),김원우
20260521000739,20260521,코스닥,오로라,039830,주식등의대량보유상황보고서(약식),지브이에이자산운용
20260521000711,20260521,코스닥,한중엔시에스,107640,주식등의대량보유상황보고서(일반),김환식
20260521000708,20260521,코스닥,젬백스,082270,주식등의대량보유상황보고서(일반),젬앤컴퍼니
20260521000701,20260521,코스닥,휴맥스홀딩스,028080,[기재정정]주식등의대량보유상황보고서(약식),에스오큐알아이
20260521000680,20260521,코스닥,로킷헬스케어,376900,주식등의대량보유상황보고서(일반),유석환
20260521000678,20260521,코스피,DB증권,016610,주식등의대량보유상황보고서(일반),DB손해보험
20260521000677,20260521,코스닥,모바일어플라이언스,087260,주식등의대량보유상황보고서(일반),대광
20260521000654,20260521,코스닥,뉴로메카,348340,주식등의대량보유상황보고서(약식),미래에셋자산운용
20260521000653,20260521,코스피,한솔테크닉스,004710,주식등의대량보유상황보고서(약식),미래에셋자산운용
20260521000646,20260521,코스닥,GST,083450,주식등의대량보유상황보고서(일반),김덕준
20260521000643,20260521,코스닥,모바일어플라이언스,087260,주식등의대량보유상황보고서(일반),대광
20260521000640,20260521,코스피,DB손해보험,005830,주식등의대량보유상황보고서(일반),김준기
20260521000618,20260521,코스피,서연,007860,주식등의대량보유상황보고서(일반),유양석
20260521000586,20260521,코스피,제주항공,089590,주식등의대량보유상황보고서(일반),AK홀딩스
20260521000573,20260521,코스닥,휴맥스홀딩스,028080,주식등의대량보유상황보고서(약식),에스오큐알아이
20260521000568,20260521,코스닥,에스에스알,275630,주식등의대량보유상황보고서(일반),지란지교시큐리티
20260521000564,20260521,코스닥,강원에너지,114190,주식등의대량보유상황보고서(일반),평산파트너스
20260521000556,20260521,코스피,한솔테크닉스,004710,주식등의대량보유상황보고서(일반),한솔홀딩스
20260521000553,20260521,코스피,효성화학,298000,주식등의대량보유상황보고서(일반),효성
20260521000529,20260521,코스피,일동홀딩스,000230,주식등의대량보유상황보고서(일반),윤원영
20260521000527,20260521,코스닥,파인엠텍,441270,주식등의대량보유상황보고서(일반),홍성천
20260521000501,20260521,코스피,하이브,352820,주식등의대량보유상황보고서(일반),방시혁
20260521000486,20260521,코스피,하이브,352820,[기재정정]주식등의대량보유상황보고서(일반),방시혁
20260521000478,20260521,코스닥,경남제약,053950,주식등의대량보유상황보고서(일반),미니쉬테크놀로지
20260521000471,20260521,코스피,하이브,352820,[기재정정]주식등의대량보유상황보고서(일반),방시혁
20260521000464,20260521,코스피,한솔홈데코,025750,주식등의대량보유상황보고서(일반),한솔홀딩스
20260521000461,20260521,코스닥,프로텍,053610,주식등의대량보유상황보고서(약식),브이아이피자산운용
20260521000448,20260521,코스닥,시너지이노베이션,048870,주식등의대량보유상황보고서(일반),시너지파트너스
20260521000369,20260521,코스닥,하이젠알앤엠,160190,주식등의대량보유상황보고서(일반),일신방직
20260521000365,20260521,코스닥,아이로보틱스,066430,주식등의대량보유상황보고서(일반),케이휴머스
20260521000359,20260521,코스닥,신화프리텍,095190,주식등의대량보유상황보고서(일반),신화정공
20260521000355,20260521,코스닥,브레인즈컴퍼니,099390,주식등의대량보유상황보고서(일반),강선근
20260521000345,20260521,코스닥,현우산업,092300,주식등의대량보유상황보고서(약식),마크자산운용
20260521000311,20260521,코스피,E1,017940,주식등의대량보유상황보고서(일반),구자열
20260521000306,20260521,코스닥,유라클,088340,주식등의대량보유상황보고서(일반),조준희
20260521000253,20260521,코스닥,크레버스,096240,주식등의대량보유상황보고서(일반),김영화
20260521000240,20260521,코스닥,티케이케미칼,104480,주식등의대량보유상황보고서(일반),에스엠인더스트리
20260521000227,20260521,코스닥,서울옥션,063170,주식등의대량보유상황보고서(일반),이호재
20260521000225,20260521,코스닥,케어젠,214370,주식등의대량보유상황보고서(일반),정용지
20260521000178,20260521,코스닥,KBI메탈,024840,주식등의대량보유상황보고서(일반),케이비아이국인산업
20260521000138,20260521,코스닥,오비고,352910,주식등의대량보유상황보고서(일반),장영준
20260521000123,20260521,코스닥,나인앤컴퍼니,366030,[기재정정]주식등의대량보유상황보고서(일반),씨씨지모뉴먼트홀딩스
20260521000075,20260521,코스닥,핑거,163730,주식등의대량보유상황보고서(약식),판토스홀딩스
20260521000050,20260521,코스피,경인양행,012610,주식등의대량보유상황보고서(일반),김흥준
20260521000023,20260521,코스닥,삼현철강,017480,주식등의대량보유상황보고서(일반),조수익
20260521000015,20260521,코스닥,에스오에스랩,464080,주식등의대량보유상황보고서(일반),정지성
20260520000397,20260520,코스닥,웨이버스,336060,주식등의대량보유상황보고서(일반),김학성
20260520000393,20260520,코스닥,나인앤컴퍼니,366030,[기재정정]주식등의대량보유상황보고서(일반),김주영
20260520000366,20260520,코스닥,엔시스,333620,주식등의대량보유상황보고서(일반),진기수
20260520000348,20260520,코스닥,에코볼트,097780,주식등의대량보유상황보고서(일반),오성첨단소재
20260520000344,20260520,코스닥,GMI벤처,019570,주식등의대량보유상황보고서(약식),이상철
20260520000340,20260520,코스닥,에스와이스틸텍,365330,주식등의대량보유상황보고서(일반),에스와이
20260520000334,20260520,코스피,부국증권,001270,주식등의대량보유상황보고서(일반),김중건
20260520000329,20260520,코스닥,범한퓨얼셀,382900,주식등의대량보유상황보고서(일반),범한산업
20260520000328,20260520,코스피,한창,005110,주식등의대량보유상황보고서(일반),타이탄에쿼티
20260520000323,20260520,코스닥,스맥,099440,주식등의대량보유상황보고서(일반),최영섭
20260520000317,20260520,코스피,상상인증권,001290,주식등의대량보유상황보고서(일반),상상인
20260520000316,20260520,코스닥,우리넷,115440,주식등의대량보유상황보고서(일반),넷솔루션즈홀딩스
20260520000314,20260520,코스닥,모아데이타,288980,주식등의대량보유상황보고서(일반),한상진
20260520000312,20260520,코스닥,상상인,038540,주식등의대량보유상황보고서(일반),유준원
20260520000302,20260520,코스피,일진전기,103590,주식등의대량보유상황보고서(일반),일진홀딩스
20260520000298,20260520,코스닥,네오위즈,095660,주식등의대량보유상황보고서(일반),나성균
20260520000296,20260520,코스닥,미래나노텍,095500,주식등의대량보유상황보고서(일반),김철영
20260520000264,20260520,코스피,고려아연,010130,주식등의대량보유상황보고서(일반),영풍
20260520000259,20260520,코스피,비비안,002070,[기재정정]주식등의대량보유상황보고서(일반),쌍방울
20260520000249,20260520,코스피,동부건설,005960,주식등의대량보유상황보고서(일반),키스톤에코프라임
20260520000242,20260520,코스닥,GC메디아이,032620,주식등의대량보유상황보고서(일반),GC케어
20260520000224,20260520,코스닥,세니젠,188260,주식등의대량보유상황보고서(일반),지씨파트너스
20260520000221,20260520,코스닥,폴레드,487580,[기재정정]주식등의대량보유상황보고서(약식),코오롱인베스트먼트
20260520000206,20260520,코스피,DKME,015590,주식등의대량보유상황보고서(일반),덕양에너젠
20260520000202,20260520,코스닥,더네이쳐홀딩스,298540,주식등의대량보유상황보고서(일반),박영준
20260520000200,20260520,코스닥,우림피티에스,101170,주식등의대량보유상황보고서(일반),한규석
20260520000196,20260520,코스피,애경산업,018250,[기재정정]주식등의대량보유상황보고서(일반),태광산업
20260520000173,20260520,코스닥,폴레드,487580,주식등의대량보유상황보고서(약식),코오롱인베스트먼트
20260520000166,20260520,코스닥,에코프로비엠,247540,주식등의대량보유상황보고서(일반),에코프로
20260520000139,20260520,코스닥,한일단조,024740,주식등의대량보유상황보고서(일반),홍진산업
20260520000134,20260520,코스닥,에브리봇,270660,주식등의대량보유상황보고서(일반),정우철
20260520000112,20260520,코스닥,신성델타테크,065350,주식등의대량보유상황보고서(일반),구본상
20260520000111,20260520,코스닥,손오공,066910,주식등의대량보유상황보고서(일반),에이치케이모빌리티컴퍼니
20260520000110,20260520,코스피,고려아연,010130,주식등의대량보유상황보고서(일반),한국기업투자홀딩스
20260520000101,20260520,코스닥,유라클,088340,주식등의대량보유상황보고서(일반),조준희
20260520000090,20260520,코스피,엠씨넥스,097520,주식등의대량보유상황보고서(일반),민동욱
20260520000068,20260520,코스닥,폴레드,487580,주식등의대량보유상황보고서(일반),이형무
20260520000049,20260520,코스닥,신한제13호스팩,474930,주식등의대량보유상황보고서(약식),더블유자산운용
20260520000030,20260520,코스닥,성호전자,043260,주식등의대량보유상황보고서(일반),서룡전자
20260520000007,20260520,코스닥,엠투엔,033310,주식등의대량보유상황보고서(일반),디케이마린
20260520000004,20260520,코스닥,SV인베스트먼트,289080,주식등의대량보유상황보고서(약식),에이스투자금융
20260519000317,20260520,코스닥,에이팩트,200470,주식등의대량보유상황보고서(일반),다이내믹그로우쓰
20260519000300,20260519,코스닥,폴레드,487580,주식등의대량보유상황보고서(약식),DSC인베스트먼트
20260519000298,20260519,코스닥,신한제12호스팩,474660,주식등의대량보유상황보고서(약식),LS증권
20260519000294,20260519,코스닥,모비데이즈,363260,주식등의대량보유상황보고서(일반),유범령
20260519000293,20260519,코스피,SK,034730,주식등의대량보유상황보고서(일반),최태원
20260519000288,20260519,코스피,HDC,012630,주식등의대량보유상황보고서(일반),정몽규
20260519000284,20260519,코스닥,하나머티리얼즈,166090,주식등의대량보유상황보고서(일반),하나마이크론
20260519000283,20260519,코스닥,초록뱀미디어,047820,주식등의대량보유상황보고서(일반),큐씨피미디어홀딩스
20260519000260,20260519,코스닥,에스엔시스,0008Z0,주식등의대량보유상황보고서(일반),황외열
20260519000247,20260519,코스피,BNK금융지주,138930,주식등의대량보유상황보고서(약식),오케이저축은행
20260519000235,20260519,코스닥,초록뱀미디어,047820,[기재정정]주식등의대량보유상황보고서(일반),큐씨피미디어홀딩스
20260519000231,20260519,코스닥,흥구석유,024060,주식등의대량보유상황보고서(약식),서상덕
20260519000230,20260519,코스닥,에코프로,086520,주식등의대량보유상황보고서(일반),이동채
20260519000227,20260519,코스닥,HC홈센타,060560,주식등의대량보유상황보고서(일반),에이치씨파트너스
20260519000220,20260519,코스피,대림통상,006570,주식등의대량보유상황보고서(일반),디앤디파트너스
20260519000219,20260519,코스피,한솔케미칼,014680,주식등의대량보유상황보고서(약식),GS
20260519000208,20260519,코스닥,듀오백,073190,주식등의대량보유상황보고서(약식),앨터스투자자문
20260519000193,20260519,코스피,롯데렌탈,089860,주식등의대량보유상황보고서(일반),호텔롯데
20260519000179,20260519,코스피,다올투자증권,030210,주식등의대량보유상황보고서(일반),이병철
20260519000178,20260519,코스닥,대신밸런스제17호스팩,471050,주식등의대량보유상황보고서(약식),하우자산운용
20260519000166,20260519,코스닥,이삭엔지니어링,351330,주식등의대량보유상황보고서(일반),김창수
20260519000165,20260519,코스닥,판타지오,032800,주식등의대량보유상황보고서(약식),이상용
20260519000147,20260519,코스닥,메카로,241770,주식등의대량보유상황보고서(일반),이재정
20260519000146,20260519,코스피,유니드비티플러스,446070,주식등의대량보유상황보고서(일반),유니드글로벌상사
20260519000145,20260519,코스닥,대한뉴팜,054670,주식등의대량보유상황보고서(일반),이완진
20260519000142,20260519,코스닥,엠브레인,169330,주식등의대량보유상황보고서(일반),"MACROMILL,INC."
20260519000140,20260519,코스닥,하나31호스팩,469900,주식등의대량보유상황보고서(약식),더블유자산운용
20260519000134,20260519,코스닥,포커스에이아이,331380,주식등의대량보유상황보고서(일반),위허브
20260519000119,20260519,코스피,KBI동양철관,008970,주식등의대량보유상황보고서(일반),케이비아이동국실업
20260519000118,20260519,코스피,명신산업,009900,주식등의대량보유상황보고서(일반),엠에스오토텍
20260519000113,20260519,코스닥,에이텍모빌리티,224110,주식등의대량보유상황보고서(일반),신승영
20260519000106,20260519,코스피,서울식품공업,004410,주식등의대량보유상황보고서(일반),서성훈
20260519000102,20260519,코스닥,엠에스오토텍,123040,주식등의대량보유상황보고서(일반),송혜승
20260519000096,20260519,코스피,에스엠벡셀,010580,주식등의대량보유상황보고서(일반),에스엠하이플러스
20260519000095,20260519,코스닥,미투온,201490,주식등의대량보유상황보고서(약식),오라이언자산운용
20260519000081,20260519,코스닥,지앤비에스 에코,382800,주식등의대량보유상황보고서(일반),박상순
20260519000053,20260519,코스닥,오성첨단소재,052420,주식등의대량보유상황보고서(일반),이스트버건디
20260519000030,20260519,코스닥,피에스케이,319660,주식등의대량보유상황보고서(일반),피에스케이홀딩스
20260519000009,20260519,코스닥,하나33호스팩,475250,주식등의대량보유상황보고서(약식),더블유자산운용
20260519000003,20260519,코스닥,한화플러스제5호스팩,498390,주식등의대량보유상황보고서(약식),더블유자산운용
20260518000414,20260519,코스피,블루산업개발,006740,주식등의대량보유상황보고서(일반),피엠에이조합
20260518000398,20260518,코스닥,슈피겐코리아,192440,주식등의대량보유상황보고서(일반),김대영
20260518000393,20260518,코스닥,폴레드,487580,주식등의대량보유상황보고서(약식),차건아
20260518000389,20260518,코스닥,신테카바이오,226330,주식등의대량보유상황보고서(일반),정종선
20260518000388,20260518,코스피,코웨이,021240,주식등의대량보유상황보고서(일반),넷마블
20260518000380,20260518,코스닥,레이,228670,주식등의대량보유상황보고서(약식),엘앤씨바이오
20260518000375,20260518,코스피,DKME,015590,[기재정정]주식등의대량보유상황보고서(일반),덕양에너젠
20260518000361,20260518,코스피,동양,001520,주식등의대량보유상황보고서(일반),유진기업
20260518000360,20260518,코스닥,LB세미콘,061970,주식등의대량보유상황보고서(일반),구본천
20260518000341,20260518,코스닥,비엠티,086670,주식등의대량보유상황보고서(일반),에스케이에스한국투자제1호사모투자
20260518000339,20260518,코스닥,웰크론한텍,076080,주식등의대량보유상황보고서(일반),웰크론
20260518000319,20260518,코스닥,성우전자,081580,주식등의대량보유상황보고서(일반),조성면
20260518000314,20260518,코스피,동원산업,006040,주식등의대량보유상황보고서(일반),김남정
20260518000295,20260518,코스피,미원홀딩스,107590,주식등의대량보유상황보고서(일반),김정돈
20260518000290,20260518,코스피,LF,093050,주식등의대량보유상황보고서(일반),구본걸
20260518000288,20260518,코스닥,코스모로보틱스,439960,주식등의대량보유상황보고서(일반),코스모앤컴퍼니
20260518000285,20260518,코스닥,한라IMS,092460,주식등의대량보유상황보고서(약식),브이아이피자산운용
20260518000284,20260518,코스닥,신화프리텍,095190,주식등의대량보유상황보고서(일반),신화정공
20260518000283,20260518,코스닥,빌리언스,044480,주식등의대량보유상황보고서(일반),휴마시스
20260518000277,20260518,코스닥,진양제약,007370,주식등의대량보유상황보고서(일반),최재준
20260518000260,20260518,코스닥,EDGC,245620,주식등의대량보유상황보고서(일반),임경숙
20260518000259,20260518,코스닥,삼지전자,037460,주식등의대량보유상황보고서(일반),이기남
20260518000250,20260518,코스피,AJ네트웍스,095570,주식등의대량보유상황보고서(일반),문덕영
20260518000242,20260518,코스닥,EDGC,245620,주식등의대량보유상황보고서(일반),LEE MIN SEOB
20260518000239,20260518,코스피,하이트진로,000080,주식등의대량보유상황보고서(일반),하이트진로홀딩스
20260518000182,20260518,코스닥,크레버스,096240,주식등의대량보유상황보고서(일반),김영화
20260518000162,20260518,코스닥,아이티아이즈,372800,주식등의대량보유상황보고서(일반),이성남
20260518000159,20260518,코스닥,엔에이치스팩31호,481890,주식등의대량보유상황보고서(약식),더블유자산운용
20260518000125,20260518,코스닥,자비스,254120,주식등의대량보유상황보고서(일반),김형철
20260518000121,20260518,코스닥,에이치피오,357230,주식등의대량보유상황보고서(일반),이현용
20260518000118,20260518,코스피,동원산업,006040,[기재정정]주식등의대량보유상황보고서(일반),김남정
20260518000114,20260518,코스닥,케이옥션,102370,주식등의대량보유상황보고서(일반),티에이어드바이저
20260518000090,20260518,코스닥,성광벤드,014620,주식등의대량보유상황보고서(약식),JPMorganAssetManagement(AsiaPacific)Limited
20260518000088,20260518,코스피,한솔케미칼,014680,주식등의대량보유상황보고서(약식),JPMorganAssetManagement(AsiaPacific)Limited
20260518000086,20260518,코스피,경농,002100,주식등의대량보유상황보고서(일반),이용진
20260518000078,20260518,코스닥,에스에스알,275630,주식등의대량보유상황보고서(일반),지란지교시큐리티
20260518000058,20260518,코스닥,아이씨에이치,368600,주식등의대량보유상황보고서(일반),김영훈
20260518000056,20260518,코스닥,에프엔에스테크,083500,주식등의대량보유상황보고서(약식),키움-밸류반도체소재신기술사업투자조합
20260515003065,20260515,코스닥,지구홀딩스,221800,주식등의대량보유상황보고서(일반),이재웅
20260515003055,20260515,코스닥,인카금융서비스,211050,주식등의대량보유상황보고서(일반),최병채
20260515003025,20260515,코스닥,원익IPS,240810,주식등의대량보유상황보고서(일반),원익홀딩스
20260515003022,20260515,코스닥,슈피겐코리아,192440,주식등의대량보유상황보고서(일반),김대영
20260515002993,20260515,코스피,SYTS,002170,주식등의대량보유상황보고서(일반),허준홍
20260515002945,20260515,코스닥,SGA솔루션즈,184230,주식등의대량보유상황보고서(약식),시너지아이비투자
20260515002913,20260515,코스닥,효성오앤비,097870,주식등의대량보유상황보고서(일반),박태헌
20260515002897,20260515,코스닥,한국파마,032300,주식등의대량보유상황보고서(일반),박은희
20260515002872,20260515,코스피,삼익악기,002450,주식등의대량보유상황보고서(일반),스페코
20260515002864,20260515,코스피,아이에스동서,010780,주식등의대량보유상황보고서(일반),권혁운
20260515002791,20260515,코스닥,한울앤제주,276730,주식등의대량보유상황보고서(일반),한울반도체
20260515002783,20260515,코스닥,노바렉스,194700,주식등의대량보유상황보고서(일반),권석형
20260515002732,20260515,코스닥,FSN,214270,주식등의대량보유상황보고서(일반),제이투비
20260515002730,20260515,코스닥,다원넥스뷰,323350,주식등의대량보유상황보고서(일반),다원시스
20260515002695,20260515,코스피,삼양식품,003230,주식등의대량보유상황보고서(일반),삼양라운드스퀘어
20260515002661,20260515,코스닥,에코글로우,159910,주식등의대량보유상황보고서(일반),더편한
20260515002660,20260515,코스닥,GMI벤처,019570,주식등의대량보유상황보고서(약식),케이씨지아이대체투자운용
20260515002608,20260515,코스닥,노을,376930,주식등의대량보유상황보고서(일반),"MSEED,INC."
20260515002570,20260515,코스닥,오이솔루션,138080,주식등의대량보유상황보고서(일반),박찬
20260515002558,20260515,코스닥,우원개발,046940,주식등의대량보유상황보고서(일반),신영임
20260515002540,20260515,코스피,부국증권,001270,주식등의대량보유상황보고서(일반),김중건
20260515002468,20260515,코스닥,바이오다인,314930,주식등의대량보유상황보고서(일반),임욱빈
20260515002455,20260515,코스피,DKME,015590,주식등의대량보유상황보고서(일반),덕양에너젠
20260515002445,20260515,코스피,선도전기,007610,주식등의대량보유상황보고서(일반),전동준
20260515002398,20260515,코스닥,엠케이전자,033160,주식등의대량보유상황보고서(일반),오션비홀딩스
20260515002332,20260515,코스닥,THE E&M,089230,주식등의대량보유상황보고서(약식),상상인저축은행
20260515002305,20260515,코스닥,PS일렉트로닉스,332570,주식등의대량보유상황보고서(일반),유대규
20260515002288,20260515,코스닥,씨티케이,260930,주식등의대량보유상황보고서(일반),정인용
20260515002264,20260515,코스닥,오텍,067170,주식등의대량보유상황보고서(일반),에코리드
20260515002216,20260515,코스닥,파수AI,150900,주식등의대량보유상황보고서(일반),조규곤
20260515002142,20260515,코스피,쏘카,403550,주식등의대량보유상황보고서(일반),에스오큐알아이
20260515002117,20260515,코스닥,인텍플러스,064290,주식등의대량보유상황보고서(일반),이상윤
20260515002102,20260515,코스닥,와이랩,432430,주식등의대량보유상황보고서(일반),윤인완
20260515002076,20260515,코스피,한솔홀딩스,004150,주식등의대량보유상황보고서(일반),조동길
20260515002031,20260515,코스피,에이프로젠,007460,주식등의대량보유상황보고서(일반),지베이스
20260515001992,20260515,코스닥,휴마시스,205470,주식등의대량보유상황보고서(일반),아티스트
20260515001965,20260515,코스닥,다산디엠씨,208860,주식등의대량보유상황보고서(일반),다산네트웍스
20260515001666,20260515,코스닥,모베이스전자,012860,주식등의대량보유상황보고서(일반),모베이스
20260515001628,20260515,코스닥,파버나인,177830,주식등의대량보유상황보고서(약식),수성자산운용
20260515001625,20260515,코스닥,루미르,474170,주식등의대량보유상황보고서(약식),삼성-프린시플 뉴스페이스 신기술사업투자조합 제1호
20260515001520,20260515,코스닥,인텔리안테크,189300,주식등의대량보유상황보고서(일반),성상엽
20260515001497,20260515,코스피,코스모화학,005420,주식등의대량보유상황보고서(일반),코스모앤컴퍼니
20260515001409,20260515,코스닥,앱토크롬,109960,주식등의대량보유상황보고서(일반),에이프로젠
20260515001379,20260515,코스피,주연테크,044380,주식등의대량보유상황보고서(일반),화평홀딩스
20260515001281,20260515,코스닥,아스테라시스,450950,주식등의대량보유상황보고서(일반),서은택
20260515001193,20260515,코스닥,아이진,185490,주식등의대량보유상황보고서(일반),한국비엠아이
20260515001113,20260515,코스닥,카스,016920,주식등의대량보유상황보고서(일반),김동진
20260515001107,20260515,코스피,솔루엠,248070,주식등의대량보유상황보고서(일반),전성호
20260515000917,20260515,코스닥,서부T&D,006730,주식등의대량보유상황보고서(일반),엠와이에이치
20260515000900,20260515,코스피,까뮤이앤씨,013700,주식등의대량보유상황보고서(일반),베이스
20260515000745,20260515,코스닥,비츠로시스,054220,[기재정정]주식등의대량보유상황보고서(약식),상상인저축은행
20260515000731,20260515,코스닥,넥사다이내믹스,351320,주식등의대량보유상황보고서(약식),비에스파트너스
20260515000703,20260515,코스피,모나미,005360,주식등의대량보유상황보고서(일반),송하경
20260515000662,20260515,코스닥,지엔씨에너지,119850,주식등의대량보유상황보고서(약식),KB자산운용
20260515000502,20260515,코스닥,HLB이노베이션,024850,주식등의대량보유상황보고서(일반),HLB
20260515000369,20260515,코스닥,진바이오텍,086060,주식등의대량보유상황보고서(일반),김성호
20260515000292,20260515,코스피,INVENI,015360,주식등의대량보유상황보고서(일반),구자은
20260515000207,20260515,코스닥,웨이비스,289930,주식등의대량보유상황보고서(일반),박인영
20260515000200,20260515,코스피,티비에이치글로벌,084870,주식등의대량보유상황보고서(일반),우종완
20260515000199,20260515,코스닥,파버나인,177830,주식등의대량보유상황보고서(약식),포커스자산운용
20260515000192,20260515,코스피,코스모신소재,005070,주식등의대량보유상황보고서(일반),코스모화학
20260515000019,20260515,코스닥,수성웹툰,084180,주식등의대량보유상황보고서(일반),투믹스홀딩스
20260514001509,20260515,코스닥,코스모로보틱스,439960,주식등의대량보유상황보고서(약식),엔비에이치캐피탈
20260514001468,20260514,코스닥,엘티씨,170920,주식등의대량보유상황보고서(일반),최호성
20260514001452,20260514,코스닥,청담글로벌,362320,주식등의대량보유상황보고서(일반),최석주
20260514001424,20260514,코스닥,티케이케미칼,104480,주식등의대량보유상황보고서(일반),에스엠인더스트리
20260514001421,20260514,코스닥,파버나인,177830,주식등의대량보유상황보고서(일반),이제훈
20260514001413,20260514,코스피,SKC,011790,주식등의대량보유상황보고서(일반),한국투자2024의1호사모투자
20260514001310,20260514,코스닥,민테크,452200,주식등의대량보유상황보고서(약식),미래에셋벤처투자
20260514001223,20260514,코스닥,상아프론테크,089980,주식등의대량보유상황보고서(약식),삼성 혁신 에너지 신기술사업투자조합 제2호
20260514001220,20260514,코스닥,한울앤제주,276730,주식등의대량보유상황보고서(약식),제이케이(JK)신기술투자조합 제2호
20260514001172,20260514,코스닥,네오티스,085910,주식등의대량보유상황보고서(약식),미래에셋자산운용
20260514001144,20260514,코스닥,액트로,290740,주식등의대량보유상황보고서(일반),하동길
20260514001098,20260514,코스피,달바글로벌,483650,주식등의대량보유상황보고서(일반),반성연
20260514001083,20260514,코스피,HL홀딩스,060980,주식등의대량보유상황보고서(일반),정몽원
20260514001077,20260514,코스피,GS,078930,주식등의대량보유상황보고서(일반),허창수
20260514001036,20260514,코스닥,에코캡,128540,주식등의대량보유상황보고서(약식),최영천
20260514001028,20260514,코스닥,킵스파마,256940,주식등의대량보유상황보고서(일반),둠밈
20260514001025,20260514,코스피,크래프톤,259960,주식등의대량보유상황보고서(일반),장병규
20260514000985,20260514,코스닥,엑스플러스,373200,주식등의대량보유상황보고서(일반),엑스페릭스
20260514000971,20260514,코스닥,큐캐피탈,016600,주식등의대량보유상황보고서(일반),지엔코
20260514000922,20260514,코스닥,마크로젠,038290,주식등의대량보유상황보고서(일반),서정선
20260514000879,20260514,코스닥,비트맥스,377030,주식등의대량보유상황보고서(약식),스페이셜인베스트먼트
20260514000878,20260514,코스닥,디에이테크놀로지,196490,주식등의대량보유상황보고서(약식),다우에프에이
20260514000867,20260514,코스닥,성일하이텍,365340,주식등의대량보유상황보고서(일반),디케이피-KAI 신기술투자조합 제1호
20260514000858,20260514,코스닥,엔투텍,227950,주식등의대량보유상황보고서(일반),몬타나 신기술조합 제72호
20260514000842,20260514,코스닥,세니젠,188260,주식등의대량보유상황보고서(약식),나우IB
20260514000783,20260514,코스닥,오비고,352910,주식등의대량보유상황보고서(일반),장영준
20260514000750,20260514,코스닥,SGA솔루션즈,184230,주식등의대량보유상황보고서(일반),에스지에이홀딩스
20260514000701,20260514,코스닥,디티씨,066670,주식등의대량보유상황보고서(일반),박윤민
20260514000556,20260514,코스닥,디에이테크놀로지,196490,주식등의대량보유상황보고서(일반),정찬수
20260514000464,20260514,코스피,미원에스씨,268280,주식등의대량보유상황보고서(일반),미원홀딩스
20260514000347,20260514,코스닥,누리플랜,069140,주식등의대량보유상황보고서(일반),이상우
20260514000321,20260514,코스닥,다원넥스뷰,323350,[기재정정]주식등의대량보유상황보고서(약식),김성림
20260514000241,20260514,코스닥,다원넥스뷰,323350,주식등의대량보유상황보고서(약식),김성림
20260514000208,20260514,코스닥,카티스,140430,주식등의대량보유상황보고서(일반),김승수
20260514000168,20260514,코스닥,피에스케이홀딩스,031980,주식등의대량보유상황보고서(일반),박경수
20260514000117,20260514,코스닥,피에스케이,319660,주식등의대량보유상황보고서(일반),피에스케이홀딩스
20260514000110,20260514,코스닥,SV인베스트먼트,289080,[기재정정]주식등의대량보유상황보고서(약식),에이스투자금융
20260514000022,20260514,코스닥,나인앤컴퍼니,366030,[기재정정]주식등의대량보유상황보고서(일반),씨씨지모뉴먼트홀딩스
20260513000842,20260513,코스닥,DXVX,180400,주식등의대량보유상황보고서(일반),임종윤
20260513000841,20260513,코스닥,빛과전자,069540,주식등의대량보유상황보고서(약식),바로저축은행
20260513000840,20260513,코스닥,한울반도체,320000,주식등의대량보유상황보고서(약식),제이케이(JK)신기술투자조합제7호
20260513000830,20260513,코스닥,젬백스,082270,주식등의대량보유상황보고서(일반),젬앤컴퍼니
20260513000828,20260513,코스닥,리드코프,012700,주식등의대량보유상황보고서(일반),디케이마린
20260513000825,20260513,코스닥,스마트레이더시스템,424960,주식등의대량보유상황보고서(일반),김용환
20260513000817,20260513,코스닥,엔비티,236810,주식등의대량보유상황보고서(일반),박수근
20260513000815,20260513,코스닥,하이퍼코퍼레이션,065650,주식등의대량보유상황보고서(일반),제이케이(JK)신기술투자조합제12호
20260513000803,20260513,코스닥,한울앤제주,276730,주식등의대량보유상황보고서(약식),리홈씨앤엔
20260513000785,20260513,코스피,부국증권,001270,주식등의대량보유상황보고서(일반),김중건
20260513000777,20260513,코스닥,다원시스,068240,[기재정정]주식등의대량보유상황보고서(일반),박선순
20260513000762,20260513,코스닥,티플랙스,081150,주식등의대량보유상황보고서(일반),김영국
20260513000738,20260513,코스닥,비트맥스,377030,주식등의대량보유상황보고서(약식),버덴트아우룸2호투자조합
20260513000722,20260513,코스닥,비트맥스,377030,주식등의대량보유상황보고서(약식),스마트프라임밸류투자조합
20260513000656,20260513,코스닥,신스틸,162300,주식등의대량보유상황보고서(일반),신승곤
20260513000625,20260513,코스닥,디에이테크놀로지,196490,주식등의대량보유상황보고서(약식),머스트테크
20260513000598,20260513,코스닥,동구바이오제약,006620,주식등의대량보유상황보고서(일반),조용준
20260513000592,20260513,코스닥,옵티코어,380540,주식등의대량보유상황보고서(일반),블랙마운틴홀딩스
20260513000588,20260513,코스닥,파인엠텍,441270,주식등의대량보유상황보고서(일반),홍성천
20260513000581,20260513,코스피,LS,006260,주식등의대량보유상황보고서(약식),삼성자산운용
20260513000551,20260513,코스피,대한전선,001440,주식등의대량보유상황보고서(약식),삼성자산운용
20260513000518,20260513,코스닥,미디어젠,279600,주식등의대량보유상황보고서(일반),앨터스투자자문
20260513000504,20260513,코스닥,휴맥스,115160,주식등의대량보유상황보고서(일반),휴맥스홀딩스
20260513000503,20260513,코스닥,위세아이텍,065370,주식등의대량보유상황보고서(일반),김다산
20260513000489,20260513,코스닥,나인앤컴퍼니,366030,[기재정정]주식등의대량보유상황보고서(일반),김주영
20260513000481,20260513,코스피,SK텔레콤,017670,주식등의대량보유상황보고서(약식),WellingtonManagementCompanyLLP
20260513000477,20260513,코스닥,소프트센,032680,주식등의대량보유상황보고서(일반),홍콩셩다국제유한공사
20260513000455,20260513,코스닥,에프앤가이드,064850,주식등의대량보유상황보고서(일반),김군호
20260513000361,20260513,코스닥,이랜시스,264850,[기재정정]주식등의대량보유상황보고서(일반),이랜텍
20260513000339,20260513,코스닥,누리플렉스,040160,주식등의대량보유상황보고서(일반),NuriFlexHoldingsINC
20260513000307,20260513,코스피,NH투자증권,005940,주식등의대량보유상황보고서(일반),농협금융지주
20260513000294,20260513,코스피,에스엠벡셀,010580,주식등의대량보유상황보고서(일반),에스엠하이플러스
20260513000063,20260513,코스닥,휴젤,145020,주식등의대량보유상황보고서(약식),MassachusettsFinancialServicesCompany
20260512000771,20260513,코스닥,다원넥스뷰,323350,[기재정정]주식등의대량보유상황보고서(일반),다원시스
20260512000767,20260513,코스닥,동원개발,013120,주식등의대량보유상황보고서(일반),장복만
20260512000762,20260513,코스닥,다원시스,068240,[기재정정]주식등의대량보유상황보고서(일반),박선순
20260512000725,20260512,코스닥,한울반도체,320000,주식등의대량보유상황보고서(일반),한울소재과학
20260512000710,20260512,코스닥,오에스피,368970,주식등의대량보유상황보고서(일반),우진비앤지
20260512000706,20260512,코스닥,하이퍼코퍼레이션,065650,[기재정정]주식등의대량보유상황보고서(일반),FSN
20260512000697,20260512,코스닥,에이텀,355690,주식등의대량보유상황보고서(일반),한택수
20260512000681,20260512,코스닥,다원넥스뷰,323350,주식등의대량보유상황보고서(일반),다원시스
20260512000665,20260512,코스닥,한솔아이원스,114810,주식등의대량보유상황보고서(일반),한솔테크닉스
20260512000663,20260512,코스닥,다원시스,068240,주식등의대량보유상황보고서(일반),박선순
20260512000656,20260512,코스닥,하이퍼코퍼레이션,065650,주식등의대량보유상황보고서(일반),FSN
20260512000655,20260512,코스피,코오롱,002020,주식등의대량보유상황보고서(일반),이웅열
20260512000654,20260512,코스닥,큐브엔터,182360,주식등의대량보유상황보고서(일반),강승곤
20260512000651,20260512,코스피,엔피씨,004250,주식등의대량보유상황보고서(일반),임익성
20260512000638,20260512,코스닥,파버나인,177830,주식등의대량보유상황보고서(일반),이제훈
20260512000616,20260512,코스닥,국전,307750,주식등의대량보유상황보고서(일반),홍종호
20260512000609,20260512,코스피,신원,009270,주식등의대량보유상황보고서(일반),티앤엠커뮤니케이션즈
20260512000607,20260512,코스닥,엠투엔,033310,주식등의대량보유상황보고서(일반),디케이마린
20260512000603,20260512,코스닥,한울앤제주,276730,주식등의대량보유상황보고서(약식),그린스트리트
20260512000601,20260512,코스닥,켐트로닉스,089010,주식등의대량보유상황보고서(일반),김보균
20260512000600,20260512,코스닥,미래에셋비전스팩9호,0096D0,주식등의대량보유상황보고서(약식),더블유자산운용
20260512000579,20260512,코스피,팜젠사이언스,004720,주식등의대량보유상황보고서(일반),한의상
20260512000578,20260512,코스닥,교보20호스팩,0132G0,주식등의대량보유상황보고서(약식),더블유자산운용
20260512000562,20260512,코스닥,초록뱀미디어,047820,주식등의대량보유상황보고서(일반),큐씨피미디어홀딩스
20260512000560,20260512,코스피,고려아연,010130,주식등의대량보유상황보고서(일반),최윤범
20260512000555,20260512,코스닥,솔본,035610,주식등의대량보유상황보고서(일반),홍기태
20260512000546,20260512,코스닥,유성티엔에스,024800,주식등의대량보유상황보고서(약식),브이아이피자산운용
20260512000538,20260512,코스닥,이랜시스,264850,주식등의대량보유상황보고서(일반),이랜텍
20260512000528,20260512,코스닥,아이티엠반도체,084850,주식등의대량보유상황보고서(일반),NICE
20260512000504,20260512,코스피,에이프로젠,007460,주식등의대량보유상황보고서(약식),하베스트로즈
20260512000479,20260512,코스닥,에이치피오,357230,주식등의대량보유상황보고서(일반),이현용
20260512000474,20260512,코스닥,한국선재,025550,주식등의대량보유상황보고서(약식),만호제강
20260512000448,20260512,코스피,SK오션플랜트,100090,주식등의대량보유상황보고서(일반),송무석
20260512000426,20260512,코스닥,그리티,204020,주식등의대량보유상황보고서(일반),문영우
20260512000401,20260512,코스닥,엠디바이스,226590,[기재정정]주식등의대량보유상황보고서(약식),지케이에셋
20260512000304,20260512,코스피,카카오,035720,주식등의대량보유상황보고서(약식),막시모피티이엘티디
20260512000294,20260512,코스닥,삼화네트웍스,046390,주식등의대량보유상황보고서(일반),신상윤
20260512000290,20260512,코스피,대상홀딩스,084690,주식등의대량보유상황보고서(약식),명보아이엔씨
20260512000243,20260512,코스닥,유비온,084440,주식등의대량보유상황보고서(일반),임재환
20260512000230,20260512,코스피,대한해운,005880,주식등의대량보유상황보고서(일반),에스엠상선
20260512000229,20260512,코스닥,하이록코리아,013030,주식등의대량보유상황보고서(일반),문휴건
20260512000227,20260512,코스닥,라파스,214260,주식등의대량보유상황보고서(일반),정도현
20260512000226,20260512,코스닥,코텍,052330,주식등의대량보유상황보고서(일반),아이디스홀딩스
20260512000201,20260512,코스닥,알비더블유,361570,주식등의대량보유상황보고서(일반),김진우
20260512000171,20260512,코스피,일진홀딩스,015860,주식등의대량보유상황보고서(일반),허정석
20260512000130,20260512,코스닥,일월지엠엘,178780,주식등의대량보유상황보고서(일반),일월
20260512000057,20260512,코스닥,웨이비스,289930,주식등의대량보유상황보고서(일반),김정곤
20260512000036,20260512,코스닥,한국알콜,017890,주식등의대량보유상황보고서(약식),MiriCapitalManagementLLC
20260511000753,20260512,코스닥,보원케미칼,0010F0,주식등의대량보유상황보고서(약식),한국벤처투자
20260511000738,20260511,코스닥,드림어스컴퍼니,060570,주식등의대량보유상황보고서(일반),네오스페스
20260511000725,20260511,코스닥,콜마비앤에이치,200130,주식등의대량보유상황보고서(일반),콜마홀딩스
20260511000720,20260511,코스닥,푸드나무,290720,주식등의대량보유상황보고서(일반),온힐파트너스
20260511000717,20260511,코스피,콜마홀딩스,024720,주식등의대량보유상황보고서(일반),윤상현
20260511000713,20260511,코스닥,드림어스컴퍼니,060570,주식등의대량보유상황보고서(일반),SK스퀘어
20260511000703,20260511,코스닥,아이티센피엔에스,232830,주식등의대량보유상황보고서(약식),비전자산운용
20260511000702,20260511,코스피,KB스타리츠,432320,주식등의대량보유상황보고서(약식),케이비증권
20260511000698,20260511,코스닥,한울앤제주,276730,주식등의대량보유상황보고서(일반),한울반도체
20260511000673,20260511,코스닥,핑거,163730,주식등의대량보유상황보고서(일반),서룡전자
20260511000672,20260511,코스닥,스피어,347700,주식등의대량보유상황보고서(일반),최광수
20260511000668,20260511,코스닥,덱스터,206560,주식등의대량보유상황보고서(일반),김용화
20260511000664,20260511,코스닥,에코글로우,159910,주식등의대량보유상황보고서(약식),서룡전자
20260511000644,20260511,코스닥,제이스코홀딩스,023440,주식등의대량보유상황보고서(일반),캐디언스시스템
20260511000639,20260511,코스피,NHN,181710,주식등의대량보유상황보고서(일반),이준호
20260511000624,20260511,코스닥,스맥,099440,주식등의대량보유상황보고서(일반),최영섭
20260511000612,20260511,코스닥,시큐레터,418250,주식등의대량보유상황보고서(약식),대아인베스트먼트
20260511000607,20260511,코스닥,대성하이텍,129920,주식등의대량보유상황보고서(약식),수성자산운용
20260511000604,20260511,코스닥,HC홈센타,060560,주식등의대량보유상황보고서(일반),에이치씨파트너스
20260511000598,20260511,코스닥,에프엔씨엔터,173940,주식등의대량보유상황보고서(일반),한성호
20260511000588,20260511,코스닥,엑스큐어,070300,주식등의대량보유상황보고서(약식),에이블릭스투자조합
20260511000583,20260511,코스피,KB발해인프라,415640,주식등의대량보유상황보고서(약식),국민은행
20260511000563,20260511,코스닥,엘엠에스,073110,주식등의대량보유상황보고서(일반),나우주
20260511000561,20260511,코스닥,핑거,163730,주식등의대량보유상황보고서(일반),박민수
20260511000556,20260511,코스닥,성일하이텍,365340,주식등의대량보유상황보고서(일반),이강명
20260511000549,20260511,코스피,성신양회,004980,주식등의대량보유상황보고서(약식),동양
20260511000538,20260511,코스닥,엠디바이스,226590,주식등의대량보유상황보고서(약식),지케이에셋
20260511000534,20260511,코스피,유한양행,000100,주식등의대량보유상황보고서(약식),지케이에셋
20260511000526,20260511,코스피,두산에너빌리티,034020,주식등의대량보유상황보고서(일반),두산
20260511000525,20260511,코스닥,푸드웰,005670,주식등의대량보유상황보고서(일반),성민겸
20260511000518,20260511,코스피,SK이노베이션,096770,주식등의대량보유상황보고서(약식),미래에셋증권
20260511000510,20260511,코스닥,원익홀딩스,030530,주식등의대량보유상황보고서(일반),원익
20260511000502,20260511,코스닥,오로라,039830,주식등의대량보유상황보고서(약식),브이아이피자산운용
20260511000499,20260511,코스닥,삼보산업,009620,주식등의대량보유상황보고서(일반),이태용
20260511000495,20260511,코스피,대원전선,006340,주식등의대량보유상황보고서(약식),삼성자산운용
20260511000493,20260511,코스닥,티에스이,131290,주식등의대량보유상황보고서(일반),김철호
20260511000486,20260511,코스닥,태웅로직스,124560,주식등의대량보유상황보고서(약식),신한-BNK 메자닌 신기술투자조합 제1호
20260511000477,20260511,코스닥,더블유씨피,393890,주식등의대량보유상황보고서(일반),넥스트레벨1호
20260511000472,20260511,코스닥,아리바이오LAB,261780,주식등의대량보유상황보고서(일반),아리바이오홀딩스
20260511000470,20260511,코스닥,엑스큐어,070300,주식등의대량보유상황보고서(일반),브이에스티디(VSTD)투자조합
20260511000468,20260511,코스닥,아리바이오LAB,261780,주식등의대량보유상황보고서(약식),테라배터리솔루션
20260511000459,20260511,코스닥,카페24,042000,주식등의대량보유상황보고서(일반),우창균
20260511000455,20260511,코스피,기아,000270,주식등의대량보유상황보고서(일반),현대자동차
20260511000442,20260511,코스피,미창석유공업,003650,주식등의대량보유상황보고서(약식),피델리티매니지먼트앤리서치컴퍼니엘엘씨
20260511000436,20260511,코스닥,케이엠,083550,주식등의대량보유상황보고서(일반),신병순
20260511000435,20260511,코스닥,벨로크,424760,주식등의대량보유상황보고서(일반),이정현
20260511000429,20260511,코스닥,GST,083450,주식등의대량보유상황보고서(약식),FILLIMITED
20260511000415,20260511,코스닥,우림피티에스,101170,주식등의대량보유상황보고서(일반),한규석
20260511000414,20260511,코스닥,에스에스알,275630,주식등의대량보유상황보고서(일반),지란지교시큐리티
20260511000365,20260511,코스닥,아틀라스링크,297570,주식등의대량보유상황보고서(약식),로아앤코
20260511000350,20260511,코스닥,브이원텍,251630,주식등의대량보유상황보고서(일반),김선중
20260511000331,20260511,코스닥,알엔투테크놀로지,148250,주식등의대량보유상황보고서(약식),캡틴글로벌
20260511000289,20260511,코스닥,HLB이노베이션,024850,주식등의대량보유상황보고서(일반),HLB
20260511000277,20260511,코스닥,HLB바이오스텝,278650,주식등의대량보유상황보고서(일반),HLB
20260511000258,20260511,코스닥,케이이엠텍,106080,주식등의대량보유상황보고서(약식),상상인저축은행
20260511000254,20260511,코스닥,수성웹툰,084180,주식등의대량보유상황보고서(약식),상상인저축은행
20260511000251,20260511,코스닥,모아데이타,288980,주식등의대량보유상황보고서(약식),상상인저축은행
20260511000215,20260511,코스피,환인제약,016580,주식등의대량보유상황보고서(일반),이원범
20260511000207,20260511,코스닥,알톤,123750,주식등의대량보유상황보고서(일반),이녹스
20260511000206,20260511,코스닥,수성웹툰,084180,주식등의대량보유상황보고서(일반),투믹스홀딩스
20260511000187,20260511,코스피,코람코더원리츠,417310,주식등의대량보유상황보고서(약식),코람코자산운용
20260511000083,20260511,코스닥,수성웹툰,084180,[기재정정]주식등의대량보유상황보고서(일반),투믹스홀딩스
20260511000074,20260511,코스닥,부스타,008470,주식등의대량보유상황보고서(약식),이상기
20260511000065,20260511,코스닥,토비스,051360,주식등의대량보유상황보고서(약식),브이아이피자산운용
20260511000060,20260511,코스피,LF,093050,주식등의대량보유상황보고서(약식),브이아이피자산운용
20260508001069,20260508,코스닥,서진시스템,178320,주식등의대량보유상황보고서(일반),전동규
20260508001051,20260508,코스닥,앱튼,270520,주식등의대량보유상황보고서(일반),에이프로젠
20260508001043,20260508,코스닥,지에프아이,493330,주식등의대량보유상황보고서(약식),비엔케이 안전 신기술투자조합 제2호
20260508001038,20260508,코스피,삼성물산,028260,주식등의대량보유상황보고서(일반),이재용
20260508001034,20260508,코스피,롯데쇼핑,023530,주식등의대량보유상황보고서(일반),신동빈
20260508001031,20260508,코스닥,하이퍼코퍼레이션,065650,주식등의대량보유상황보고서(약식),위드윈투자조합87호
20260508001027,20260508,코스닥,한중엔시에스,107640,주식등의대량보유상황보고서(약식),한화자산운용
20260508001025,20260508,코스피,롯데지주,004990,주식등의대량보유상황보고서(일반),신동빈
20260508001022,20260508,코스닥,엔지켐생명과학,183490,주식등의대량보유상황보고서(일반),브리짓라이프사이언스
20260508001019,20260508,코스피,아세아시멘트,183190,주식등의대량보유상황보고서(약식),브이아이피자산운용
20260508001017,20260508,코스닥,SV인베스트먼트,289080,주식등의대량보유상황보고서(일반),박성호
20260508001014,20260508,코스닥,케이이엠텍,106080,주식등의대량보유상황보고서(약식),케이씨에스 1호 조합
20260508001004,20260508,코스닥,국일제지,078130,주식등의대량보유상황보고서(일반),삼라마이다스
20260508000999,20260508,코스닥,제노코,361390,주식등의대량보유상황보고서(약식),삼성 이노베이티브 신기술사업투자조합 제2호
20260508000993,20260508,코스닥,에코글로우,159910,주식등의대량보유상황보고서(약식),크리스티아너티
20260508000990,20260508,코스닥,아리바이오LAB,261780,주식등의대량보유상황보고서(약식),아리바이오투자목적15호조합
20260508000988,20260508,코스닥,제테마,216080,주식등의대량보유상황보고서(약식),한국투자증권
20260508000985,20260508,코스닥,마이크로디지탈,305090,주식등의대량보유상황보고서(일반),김경남
20260508000983,20260508,코스닥,다보링크,340360,주식등의대량보유상황보고서(일반),테라사이언스
20260508000974,20260508,코스닥,지아이에스,306620,주식등의대량보유상황보고서(약식),오라이언자산운용
20260508000973,20260508,코스닥,에코글로우,159910,주식등의대량보유상황보고서(일반),더편한
20260508000966,20260508,코스피,아이에스동서,010780,주식등의대량보유상황보고서(일반),권혁운
20260508000959,20260508,코스피,롯데관광개발,032350,주식등의대량보유상황보고서(일반),김기병
20260508000953,20260508,코스닥,디와이디,219550,주식등의대량보유상황보고서(약식),디에이치조합
20260508000947,20260508,코스닥,기가레인,049080,주식등의대량보유상황보고서(일반),케플러밸류파트너스
20260508000943,20260508,코스닥,솔디펜스,215090,주식등의대량보유상황보고서(약식),전지윤
20260508000935,20260508,코스닥,빌리언스,044480,주식등의대량보유상황보고서(약식),제이케이(JK)신기술투자조합제5호
20260508000931,20260508,코스피,SNT다이내믹스,003570,주식등의대량보유상황보고서(약식),파이프솔루션4호
20260508000918,20260508,코스닥,멤레이비티,072770,주식등의대량보유상황보고서(약식),네오버스
20260508000901,20260508,코스닥,감성코퍼레이션,036620,주식등의대량보유상황보고서(일반),김호선
20260508000896,20260508,코스닥,한울소재과학,091440,주식등의대량보유상황보고서(약식),해리슨투자조합1호
20260508000872,20260508,코스닥,HC보광산업,225530,주식등의대량보유상황보고서(일반),HC홈센타
20260508000864,20260508,코스닥,위드텍,348350,주식등의대량보유상황보고서(일반),유승교
20260508000832,20260508,코스닥,이노테크,469610,주식등의대량보유상황보고서(약식),미래에셋자산운용
20260508000803,20260508,코스피,에이프로젠,007460,주식등의대량보유상황보고서(일반),지베이스
20260508000794,20260508,코스피,명인제약,317450,주식등의대량보유상황보고서(일반),이행명
20260508000791,20260508,코스닥,하이퍼코퍼레이션,065650,주식등의대량보유상황보고서(약식),버덴트아우룸1호투자조합
20260508000790,20260508,코스닥,티로보틱스,117730,주식등의대량보유상황보고서(일반),안승욱
20260508000776,20260508,코스피,케이씨씨,002380,주식등의대량보유상황보고서(일반),정몽진
20260508000765,20260508,코스닥,뉴온,123840,주식등의대량보유상황보고서(일반),케이피엠테크
20260508000762,20260508,코스피,에이프로젠바이오로직스,003060,주식등의대량보유상황보고서(일반),에이프로젠
20260508000749,20260508,코스닥,서진시스템,178320,주식등의대량보유상황보고서(약식),네오솔루션즈
20260508000718,20260508,코스닥,에이루트,096690,주식등의대량보유상황보고서(일반),최정임
20260508000715,20260508,코스닥,컴투스,078340,주식등의대량보유상황보고서(일반),컴투스홀딩스
20260508000709,20260508,코스닥,보원케미칼,0010F0,주식등의대량보유상황보고서(약식),카이케이빅(KAI-KVIC) 점프업투자조합
20260508000699,20260508,코스피,부국철강,026940,주식등의대량보유상황보고서(일반),남상규
20260508000696,20260508,코스닥,CS,065770,주식등의대량보유상황보고서(일반),정흥식
20260508000669,20260508,코스피,이지스밸류플러스리츠,334890,주식등의대량보유상황보고서(약식),삼성증권
20260508000664,20260508,코스닥,한국가구,004590,주식등의대량보유상황보고서(일반),최훈학
20260508000657,20260508,코스닥,비트플래닛,049470,주식등의대량보유상황보고서(일반),AsiaStrategyPartnersLLC
20260508000654,20260508,코스닥,아이비김영,339950,주식등의대량보유상황보고서(일반),메가스터디교육
20260508000649,20260508,코스닥,파인디앤씨,049120,주식등의대량보유상황보고서(약식),파인테크닉스
20260508000620,20260508,코스피,엘브이엠씨,900140,주식등의대량보유상황보고서(일반),오세영
20260508000610,20260508,코스피,노루홀딩스,000320,주식등의대량보유상황보고서(일반),한영재
20260508000609,20260508,코스닥,루닛,328130,주식등의대량보유상황보고서(일반),백승욱
20260508000586,20260508,코스닥,유니크,011320,주식등의대량보유상황보고서(일반),안영구
20260508000570,20260508,코스닥,GC메디아이,032620,주식등의대량보유상황보고서(일반),GC케어
20260508000561,20260508,코스닥,퀄리타스반도체,432720,주식등의대량보유상황보고서(일반),김두호
20260508000549,20260508,코스피,동양,001520,주식등의대량보유상황보고서(일반),유진기업
20260508000541,20260508,코스닥,도이치모터스,067990,주식등의대량보유상황보고서(일반),권오수
20260508000514,20260508,코스피,에어부산,298690,주식등의대량보유상황보고서(약식),우양산업개발
20260508000509,20260508,코스피,에코프로머티,450080,[기재정정]주식등의대량보유상황보고서(일반),에코프로
20260508000505,20260508,코스피,에코프로머티,450080,[기재정정]주식등의대량보유상황보고서(일반),에코프로
20260508000502,20260508,코스닥,DH오토리드,290120,주식등의대량보유상황보고서(일반),디에이치글로벌
20260508000499,20260508,코스피,에코프로머티,450080,[기재정정]주식등의대량보유상황보고서(일반),에코프로
20260508000492,20260508,코스피,에코프로머티,450080,[기재정정]주식등의대량보유상황보고서(일반),에코프로
20260508000483,20260508,코스닥,유신,054930,주식등의대량보유상황보고서(일반),전경수
20260508000481,20260508,코스닥,엠젠솔루션,032790,주식등의대량보유상황보고서(약식),최은경
20260508000467,20260508,코스닥,SOOP,067160,주식등의대량보유상황보고서(약식),UBSAG
20260508000461,20260508,코스닥,아리바이오LAB,261780,주식등의대량보유상황보고서(일반),차바이오텍
20260508000459,20260508,코스닥,인산가,277410,주식등의대량보유상황보고서(약식),엔에이치헤지자산운용
20260508000456,20260508,코스피,신한서부티엔디리츠,404990,주식등의대량보유상황보고서(약식),이지스자산운용
20260508000433,20260508,코스닥,금양그린파워,282720,주식등의대량보유상황보고서(약식),그린에너지 토탈솔루션 신기술사업투자조합 제1호
20260508000429,20260508,코스닥,케이엔제이,272110,주식등의대량보유상황보고서(일반),심호섭
20260508000423,20260508,코스피,이지스레지던스리츠,350520,주식등의대량보유상황보고서(약식),코람코자산운용
20260508000421,20260508,코스닥,한선엔지니어링,452280,주식등의대량보유상황보고서(약식),대신증권
20260508000373,20260508,코스피,이지스밸류플러스리츠,334890,주식등의대량보유상황보고서(약식),코람코자산운용
20260508000355,20260508,코스닥,미래에셋비전스팩5호,477470,주식등의대량보유상황보고서(약식),더블유자산운용
20260508000349,20260508,코스닥,대진첨단소재,393970,주식등의대량보유상황보고서(일반),유성준
20260508000344,20260508,코스피,키움증권,039490,주식등의대량보유상황보고서(약식),OrbisInvestmentManagementLimited
20260508000331,20260508,코스피,코람코라이프인프라리츠,357120,주식등의대량보유상황보고서(약식),코람코자산운용
20260508000315,20260508,코스피,미래에셋글로벌리츠,396690,주식등의대량보유상황보고서(약식),코람코자산운용
20260508000295,20260508,코스피,케이티앤지,033780,주식등의대량보유상황보고서(약식),CapitalResearchandManagementCompany
20260508000288,20260508,코스닥,레이저쎌,412350,주식등의대량보유상황보고서(약식),타이거자산운용투자일임
20260508000281,20260508,코스피,웅진,016880,주식등의대량보유상황보고서(약식),타이거자산운용투자일임
20260508000270,20260508,코스닥,수산아이앤티,050960,주식등의대량보유상황보고서(일반),정보윤
20260508000260,20260508,코스닥,에코프로비엠,247540,주식등의대량보유상황보고서(일반),에코프로
20260508000255,20260508,코스닥,에코프로,086520,주식등의대량보유상황보고서(일반),이동채
20260508000212,20260508,코스닥,제테마,216080,주식등의대량보유상황보고서(일반),김재영
20260508000209,20260508,코스닥,비투엔,307870,주식등의대량보유상황보고서(일반),엑스트윈스1호조합
20260508000179,20260508,코스닥,에프알텍,073540,주식등의대량보유상황보고서(약식),김대용
20260508000175,20260508,코스닥,신라섬유,001000,주식등의대량보유상황보고서(약식),김대용
20260508000171,20260508,코스닥,미트박스,475460,주식등의대량보유상황보고서(약식),박진호
20260508000151,20260508,코스닥,원일티엔아이,136150,주식등의대량보유상황보고서(일반),제이케이인
20260508000140,20260508,코스닥,EDGC,245620,주식등의대량보유상황보고서(일반),이롬
20260508000131,20260508,코스피,E1,017940,주식등의대량보유상황보고서(일반),구자열
20260508000107,20260508,코스닥,DH오토리드,290120,주식등의대량보유상황보고서(약식),황용문
20260508000068,20260508,코스피,두산밥캣,241560,주식등의대량보유상황보고서(약식),"PzenaInvestmentManagement,LLC"
20260508000047,20260508,코스닥,셀레믹스,331920,주식등의대량보유상황보고서(약식),알파벳파트너스
20260508000029,20260508,코스피,POSCO홀딩스,005490,주식등의대량보유상황보고서(약식),BlackRockFundAdvisors
20260508000008,20260508,코스닥,아이즈비전,031310,주식등의대량보유상황보고서(약식),시너지아이비투자
20260507000794,20260508,코스닥,클로봇,466100,주식등의대량보유상황보고서(일반),김창구
20260507000779,20260507,코스닥,아이진,185490,주식등의대량보유상황보고서(일반),한국비엠아이
20260507000771,20260507,코스피,DB손해보험,005830,주식등의대량보유상황보고서(일반),김준기
20260507000756,20260507,코스피,팬오션,028670,주식등의대량보유상황보고서(일반),하림지주
20260507000740,20260507,코스피,선진,136490,주식등의대량보유상황보고서(일반),하림지주
20260507000738,20260507,코스피,비비안,002070,주식등의대량보유상황보고서(약식),이니텍
20260507000734,20260507,코스닥,하림,136480,주식등의대량보유상황보고서(일반),하림지주
20260507000732,20260507,코스피,에스엠벡셀,010580,주식등의대량보유상황보고서(일반),에스엠하이플러스
20260507000725,20260507,코스닥,EDGC,245620,주식등의대량보유상황보고서(일반),에이아이티스토리
20260507000723,20260507,코스피,KB발해인프라,415640,주식등의대량보유상황보고서(약식),삼성자산운용
20260507000720,20260507,코스닥,바이넥스,053030,주식등의대량보유상황보고서(약식),삼성자산운용
20260507000719,20260507,코스닥,루닛,328130,주식등의대량보유상황보고서(약식),삼성자산운용
20260507000717,20260507,코스피,KB스타리츠,432320,주식등의대량보유상황보고서(약식),삼성자산운용
20260507000706,20260507,코스닥,하나기술,299030,주식등의대량보유상황보고서(일반),오태봉
20260507000689,20260507,코스닥,국전,307750,주식등의대량보유상황보고서(약식),라이노스자산운용
20260507000685,20260507,코스닥,엑스플러스,373200,주식등의대량보유상황보고서(일반),엑스페릭스
20260507000678,20260507,코스닥,NEW,160550,주식등의대량보유상황보고서(약식),수성자산운용
20260507000675,20260507,코스닥,하나36호스팩,0101C0,주식등의대량보유상황보고서(약식),엠플러스자산운용
20260507000672,20260507,코스피,동국씨엠,460850,주식등의대량보유상황보고서(약식),제이에프이스틸인터내셔널유럽
20260507000667,20260507,코스피,동국제강,460860,주식등의대량보유상황보고서(약식),제이에프이스틸인터내셔널유럽
20260507000665,20260507,코스닥,레이,228670,[기재정정]주식등의대량보유상황보고서(일반),레이홀딩스
20260507000662,20260507,코스닥,신한제18호스팩,0129K0,주식등의대량보유상황보고서(약식),와이지인베스트먼트
20260507000654,20260507,코스닥,알티캐스트,085810,주식등의대량보유상황보고서(약식),비전2
20260507000653,20260507,코스피,에넥스,011090,주식등의대량보유상황보고서(일반),박진규
20260507000652,20260507,코스닥,티씨케이,064760,주식등의대량보유상황보고서(약식),베어링자산운용
20260507000649,20260507,코스닥,엔지켐생명과학,183490,주식등의대량보유상황보고서(약식),이수민
20260507000644,20260507,코스닥,알티캐스트,085810,주식등의대량보유상황보고서(일반),베노티앤알
20260507000637,20260507,코스닥,APS,054620,주식등의대량보유상황보고서(일반),정기로
20260507000630,20260507,코스닥,앱클론,174900,주식등의대량보유상황보고서(일반),이종서
20260507000629,20260507,코스피,SK네트웍스,001740,주식등의대량보유상황보고서(일반),SK
20260507000624,20260507,코스피,우신시스템,017370,주식등의대량보유상황보고서(일반),허우영
20260507000615,20260507,코스피,한창제지,009460,주식등의대량보유상황보고서(일반),김승한
20260507000613,20260507,코스피,동원수산,030720,주식등의대량보유상황보고서(일반),왕기철
20260507000611,20260507,코스피,BNK금융지주,138930,주식등의대량보유상황보고서(약식),CapitalResearchandManagementCompany
20260507000596,20260507,코스닥,유진테크,084370,주식등의대량보유상황보고서(약식),CapitalResearchandManagementCompany
20260507000594,20260507,코스피,메타케어,118000,주식등의대량보유상황보고서(일반),메타랩스
20260507000584,20260507,코스피,두산,000150,주식등의대량보유상황보고서(일반),박정원
20260507000553,20260507,코스닥,프로텍,053610,주식등의대량보유상황보고서(일반),최승환
20260507000552,20260507,코스닥,애니플러스,310200,주식등의대량보유상황보고서(일반),제이제이미디어웍스
20260507000550,20260507,코스피,다우기술,023590,주식등의대량보유상황보고서(일반),다우데이타
20260507000508,20260507,코스닥,채비,0011T0,주식등의대량보유상황보고서(일반),정민교
20260507000505,20260507,코스피,한세엠케이,069640,주식등의대량보유상황보고서(일반),한세예스24홀딩스
20260507000496,20260507,코스피,미스토홀딩스,081660,주식등의대량보유상황보고서(약식),MORGANSTANLEY&COINTLPLC
20260507000491,20260507,코스닥,빅텍,065450,주식등의대량보유상황보고서(약식),MORGANSTANLEY&COINTLPLC
20260507000458,20260507,코스닥,엠브레인,169330,주식등의대량보유상황보고서(일반),"MACROMILL,INC."
20260507000451,20260507,코스닥,비씨월드제약,200780,주식등의대량보유상황보고서(일반),홍성한
20260507000446,20260507,코스닥,디바이스,187870,주식등의대량보유상황보고서(일반),최봉진
20260507000371,20260507,코스닥,셀레믹스,331920,주식등의대량보유상황보고서(일반),수피쇼 신기술투자조합1호
20260507000357,20260507,코스닥,태웅로직스,124560,주식등의대량보유상황보고서(일반),한재동
20260507000353,20260507,코스닥,삼진,032750,주식등의대량보유상황보고서(일반),김승철
20260507000341,20260507,코스닥,교보19호스팩,0098T0,주식등의대량보유상황보고서(약식),더블유자산운용
20260507000158,20260507,코스피,CJ대한통운,000120,주식등의대량보유상황보고서(약식),NorgesBank
20260507000153,20260507,코스닥,엔바이오니아,317870,주식등의대량보유상황보고서(일반),한정철
20260507000142,20260507,코스닥,교보18호스팩,0041B0,주식등의대량보유상황보고서(약식),더블유자산운용
20260507000129,20260507,코스닥,채비,0011T0,주식등의대량보유상황보고서(약식),스틱스페셜시츄에이션모빌리티
20260507000123,20260507,코스닥,포인트모바일,318020,주식등의대량보유상황보고서(일반),강삼권
20260507000100,20260507,코스닥,레이,228670,주식등의대량보유상황보고서(일반),레이홀딩스
20260507000058,20260507,코스닥,SCL사이언스,246960,주식등의대량보유상황보고서(일반),김경수
20260507000013,20260507,코스피,대원화성,024890,주식등의대량보유상황보고서(일반),강동엽
20260507000010,20260507,코스닥,큐로셀,372320,주식등의대량보유상황보고서(약식),미래에셋셀트리온신성장투자조합1호
20260506000766,20260507,코스닥,에스투더블유,488280,주식등의대량보유상황보고서(일반),서상덕
20260506000744,20260506,코스닥,청담글로벌,362320,[기재정정]주식등의대량보유상황보고서(일반),최석주
20260506000743,20260506,코스피,PKC,001340,주식등의대량보유상황보고서(일반),김성훈
20260506000731,20260506,코스닥,폴라리스AI,039980,주식등의대량보유상황보고서(일반),폴라리스우노
20260506000715,20260506,코스닥,폴라리스우노,114630,주식등의대량보유상황보고서(일반),폴라리스세원
20260506000694,20260506,코스닥,금양그린파워,282720,주식등의대량보유상황보고서(일반),이윤철
20260506000678,20260506,코스피,보령,003850,주식등의대량보유상황보고서(일반),보령홀딩스
20260506000663,20260506,코스피,에코프로머티,450080,주식등의대량보유상황보고서(일반),"BRVLOTUSGROWTHFUND2015,L.P."
20260506000654,20260506,코스닥,초록뱀미디어,047820,주식등의대량보유상황보고서(일반),큐씨피미디어홀딩스
20260506000649,20260506,코스닥,캔버스엔,210120,주식등의대량보유상황보고서(약식),인더머니
20260506000640,20260506,코스닥,소프트센,032680,주식등의대량보유상황보고서(일반),홍콩셩다국제유한공사
20260506000627,20260506,코스닥,모아데이타,288980,주식등의대량보유상황보고서(일반),한상진
20260506000625,20260506,코스닥,야스,255440,주식등의대량보유상황보고서(일반),정광호
20260506000600,20260506,코스닥,다산네트웍스,039560,주식등의대량보유상황보고서(일반),다산솔루에타
20260506000590,20260506,코스닥,셀레믹스,331920,주식등의대량보유상황보고서(일반),박종갑
20260506000557,20260506,코스닥,청담글로벌,362320,주식등의대량보유상황보고서(일반),최석주
20260506000555,20260506,코스닥,하나머티리얼즈,166090,주식등의대량보유상황보고서(일반),하나마이크론
20260506000552,20260506,코스닥,솔브레인홀딩스,036830,주식등의대량보유상황보고서(일반),정지완
20260506000551,20260506,코스닥,가온칩스,399720,주식등의대량보유상황보고서(일반),정규동
20260506000534,20260506,코스닥,솔브레인,357780,주식등의대량보유상황보고서(일반),정지완
20260506000531,20260506,코스닥,차바이오텍,085660,주식등의대량보유상황보고서(일반),차광렬
20260506000529,20260506,코스닥,하나36호스팩,0101C0,주식등의대량보유상황보고서(약식),에이펙스자산운용
20260506000520,20260506,코스닥,비츠로시스,054220,주식등의대량보유상황보고서(일반),브이에이치1
20260506000514,20260506,코스피,호전실업,111110,주식등의대량보유상황보고서(일반),박진호
20260506000491,20260506,코스피,SB성보,003080,주식등의대량보유상황보고서(일반),윤정선
20260506000486,20260506,코스닥,인카금융서비스,211050,주식등의대량보유상황보고서(일반),최병채
20260506000470,20260506,코스닥,넥스턴앤롤코리아,089140,주식등의대량보유상황보고서(일반),로아앤코홀딩스
20260506000462,20260506,코스닥,상보,027580,주식등의대량보유상황보고서(일반),김상근
20260506000459,20260506,코스닥,아스플로,159010,주식등의대량보유상황보고서(일반),강두홍
20260506000456,20260506,코스닥,아틀라스링크,297570,주식등의대량보유상황보고서(약식),로아앤코
20260506000454,20260506,코스닥,덕산테코피아,317330,주식등의대량보유상황보고서(일반),덕산산업
20260506000447,20260506,코스닥,디티앤씨,187220,주식등의대량보유상황보고서(일반),박채규
20260506000443,20260506,코스닥,네오팜,092730,주식등의대량보유상황보고서(일반),잇츠한불
20260506000409,20260506,코스닥,웨이비스,289930,주식등의대량보유상황보고서(약식),MORGANSTANLEY&COINTLPLC
20260506000406,20260506,코스닥,효성오앤비,097870,주식등의대량보유상황보고서(일반),박태헌
20260506000387,20260506,코스피,SK오션플랜트,100090,주식등의대량보유상황보고서(일반),송무석
20260506000360,20260506,코스닥,엠투엔,033310,주식등의대량보유상황보고서(일반),디케이마린
20260506000335,20260506,코스피,삼성화재해상보험,000810,주식등의대량보유상황보고서(약식),인베스코에셋매니지먼트리미티드
20260506000321,20260506,코스닥,에스오에스랩,464080,주식등의대량보유상황보고서(일반),정지성
20260506000319,20260506,코스피,솔루엠,248070,주식등의대량보유상황보고서(일반),전성호
20260506000282,20260506,코스닥,하나머티리얼즈,166090,주식등의대량보유상황보고서(약식),국민연금공단
20260506000274,20260506,코스피,현대글로비스,086280,주식등의대량보유상황보고서(약식),국민연금공단
20260506000269,20260506,코스닥,비츠로시스,054220,주식등의대량보유상황보고서(일반),우수정기
20260506000268,20260506,코스피,CJ대한통운,000120,주식등의대량보유상황보고서(약식),국민연금공단
20260506000254,20260506,코스닥,포커스에이아이,331380,주식등의대량보유상황보고서(일반),위허브
20260506000242,20260506,코스닥,넥스턴앤롤코리아,089140,주식등의대량보유상황보고서(약식),에스엘에너지
20260506000147,20260506,코스닥,한주라이트메탈,198940,주식등의대량보유상황보고서(일반),이용진
20260506000128,20260506,코스피,남선알미늄,008350,주식등의대량보유상황보고서(일반),삼라
20260506000095,20260506,코스닥,인산가,277410,주식등의대량보유상황보고서(약식),에이원자산운용
20260506000040,20260506,코스닥,미코,059090,주식등의대량보유상황보고서(약식),MiriCapitalManagementLLC
20260506000019,20260506,코스닥,동원개발,013120,주식등의대량보유상황보고서(일반),장복만
20260504000456,20260504,코스닥,SY동아,041930,주식등의대량보유상황보고서(일반),삼영파트너스
20260504000437,20260504,코스닥,채비,0011T0,주식등의대량보유상황보고서(약식),케이비메자닌캐피탈제4호사모투자
20260504000436,20260504,코스닥,위메이드맥스,101730,주식등의대량보유상황보고서(일반),위메이드
20260504000434,20260504,코스닥,팬스타엔터프라이즈,054300,주식등의대량보유상황보고서(일반),김현겸
20260504000427,20260504,코스닥,웹케시,053580,주식등의대량보유상황보고서(일반),석창규
20260504000425,20260504,코스닥,아미코젠,092040,주식등의대량보유상황보고서(일반),마가파트너스투자조합
20260504000421,20260504,코스피,삼성전자,005930,주식등의대량보유상황보고서(일반),삼성물산
20260504000412,20260504,코스닥,한울반도체,320000,주식등의대량보유상황보고서(일반),한울소재과학
20260504000410,20260504,코스피,셀트리온,068270,주식등의대량보유상황보고서(일반),셀트리온홀딩스
20260504000395,20260504,코스피,한국항공우주,047810,주식등의대량보유상황보고서(일반),한화에어로스페이스
20260504000394,20260504,코스닥,리메드,302550,주식등의대량보유상황보고서(일반),이근용
20260504000388,20260504,코스피,삼성에스디에스,018260,주식등의대량보유상황보고서(일반),STARTECHAIL.P.
20260504000386,20260504,코스닥,제주반도체,080220,주식등의대량보유상황보고서(일반),박성식
20260504000381,20260504,코스피,삼성FN리츠,448730,주식등의대량보유상황보고서(약식),미래에셋자산운용
20260504000380,20260504,코스피,KB스타리츠,432320,주식등의대량보유상황보고서(약식),미래에셋자산운용
20260504000378,20260504,코스피,KB발해인프라,415640,주식등의대량보유상황보고서(약식),미래에셋자산운용
20260504000377,20260504,코스피,ESR켄달스퀘어리츠,365550,주식등의대량보유상황보고서(약식),미래에셋자산운용
20260504000376,20260504,코스피,한화리츠,451800,주식등의대량보유상황보고서(일반),미래에셋자산운용
20260504000375,20260504,코스닥,뉴로메카,348340,주식등의대량보유상황보고서(약식),미래에셋자산운용
20260504000374,20260504,코스피,롯데리츠,330590,주식등의대량보유상황보고서(약식),미래에셋자산운용
20260504000372,20260504,코스닥,피에스케이,319660,주식등의대량보유상황보고서(약식),미래에셋자산운용
20260504000371,20260504,코스피,신한알파리츠,293940,주식등의대량보유상황보고서(약식),미래에셋자산운용
20260504000370,20260504,코스닥,제닉,123330,주식등의대량보유상황보고서(약식),미래에셋자산운용
20260504000369,20260504,코스피,맵스리얼티,094800,주식등의대량보유상황보고서(약식),미래에셋자산운용
20260504000368,20260504,코스피,이리츠코크렙,088260,주식등의대량보유상황보고서(약식),미래에셋자산운용
20260504000367,20260504,코스닥,네오티스,085910,주식등의대량보유상황보고서(약식),미래에셋자산운용
20260504000366,20260504,코스닥,인텍플러스,064290,주식등의대량보유상황보고서(약식),미래에셋자산운용
20260504000365,20260504,코스닥,리노공업,058470,주식등의대량보유상황보고서(약식),미래에셋자산운용
20260504000364,20260504,코스닥,엠케이전자,033160,주식등의대량보유상황보고서(약식),미래에셋자산운용
20260504000363,20260504,코스닥,동진쎄미켐,005290,주식등의대량보유상황보고서(약식),미래에셋자산운용
20260504000362,20260504,코스피,DB하이텍,000990,주식등의대량보유상황보고서(약식),미래에셋자산운용
20260504000340,20260504,코스피,DKME,015590,[기재정정]주식등의대량보유상황보고서(일반),에너진
20260504000336,20260504,코스피,씨에스윈드,112610,주식등의대량보유상황보고서(일반),김성권
20260504000329,20260504,코스닥,우리기술투자,041190,주식등의대량보유상황보고서(일반),이완근
20260504000328,20260504,코스닥,풍전약품,298060,주식등의대량보유상황보고서(약식),아리아 신기술조합 제95호
20260504000327,20260504,코스닥,선광,003100,주식등의대량보유상황보고서(일반),심충식
20260504000325,20260504,코스닥,에이엘티,172670,주식등의대량보유상황보고서(일반),천병태
20260504000318,20260504,코스닥,풍전약품,298060,주식등의대량보유상황보고서(일반),마르시아 신기술조합 제77호
20260504000305,20260504,코스닥,헬릭스미스,084990,주식등의대량보유상황보고서(일반),김선영
20260504000293,20260504,코스피,대성산업,128820,주식등의대량보유상황보고서(일반),김영대
20260504000291,20260504,코스닥,한스바이오메드,042520,주식등의대량보유상황보고서(약식),KB자산운용
20260504000289,20260504,코스닥,에스티아이,039440,주식등의대량보유상황보고서(약식),KB자산운용
20260504000285,20260504,코스닥,에스엠,041510,주식등의대량보유상황보고서(약식),"티로우프라이스어소시에이트,인크."
20260504000210,20260504,코스닥,신한제18호스팩,0129K0,주식등의대량보유상황보고서(일반),신한투자증권
20260504000114,20260504,코스피,지누스,013890,주식등의대량보유상황보고서(약식),노경열
20260504000103,20260504,코스피,호텔신라,008770,주식등의대량보유상황보고서(일반),삼성생명
20260504000092,20260504,코스닥,에스에스알,275630,주식등의대량보유상황보고서(일반),지란지교시큐리티
20260504000081,20260504,코스피,두올,016740,[기재정정]주식등의대량보유상황보고서(일반),프리미어성장전략엠앤에이사모투자
20260504000030,20260504,코스닥,스모트로닉,066590,[기재정정]주식등의대량보유상황보고서(일반),퓨트로닉
20260504000018,20260504,코스닥,에프앤가이드,064850,주식등의대량보유상황보고서(약식),BoxHoldingsLP
20260430001933,20260504,코스닥,삼영엠텍,054540,주식등의대량보유상황보고서(일반),전창옥
20260430001916,20260430,코스피,까뮤이앤씨,013700,주식등의대량보유상황보고서(일반),베이스
20260430001909,20260430,코스닥,쏘닉스,088280,주식등의대량보유상황보고서(약식),엘앤에스벤처캐피탈
20260430001900,20260430,코스피,STX,011810,주식등의대량보유상황보고서(일반),에이피씨머큐리
20260430001899,20260430,코스닥,스모트로닉,066590,주식등의대량보유상황보고서(일반),퓨트로닉
20260430001896,20260430,코스피,두올,016740,주식등의대량보유상황보고서(일반),프리미어성장전략엠앤에이사모투자
20260430001843,20260430,코스닥,엘앤씨바이오,290650,주식등의대량보유상황보고서(일반),이환철
20260430001810,20260430,코스닥,프로티나,468530,주식등의대량보유상황보고서(일반),윤태영
20260430001792,20260430,코스닥,AP시스템,265520,주식등의대량보유상황보고서(일반),APS
20260430001789,20260430,코스피,부국증권,001270,주식등의대량보유상황보고서(일반),김중건
20260430001779,20260430,코스닥,아틀라스링크,297570,주식등의대량보유상황보고서(일반),신정관
20260430001777,20260430,코스피,다우기술,023590,주식등의대량보유상황보고서(일반),다우데이타
20260430001773,20260430,코스닥,크리스에프앤씨,110790,주식등의대량보유상황보고서(일반),키움크리스제일호투자목적회사
20260430001766,20260430,코스피,코스맥스비티아이,044820,주식등의대량보유상황보고서(약식),리캐피탈
20260430001764,20260430,코스닥,큐브엔터,182360,주식등의대량보유상황보고서(일반),강승곤
20260430001758,20260430,코스피,에이플러스에셋,244920,주식등의대량보유상황보고서(일반),곽근호
20260430001745,20260430,코스닥,이노테크,469610,주식등의대량보유상황보고서(약식),미래에셋자산운용
20260430001740,20260430,코스닥,차이커뮤니케이션,351870,주식등의대량보유상황보고서(약식),수성자산운용
20260430001736,20260430,코스닥,SG&G,040610,주식등의대량보유상황보고서(일반),이의범
20260430001712,20260430,코스닥,이뮨온시아,424870,주식등의대량보유상황보고서(일반),유한양행
20260430001689,20260430,코스닥,고영,098460,주식등의대량보유상황보고서(일반),고영홀딩스
20260430001675,20260430,코스닥,헥토이노베이션,214180,주식등의대량보유상황보고서(일반),이경민
20260430001663,20260430,코스피,두올,016740,주식등의대량보유상황보고서(일반),IHC
20260430001619,20260430,코스피,제일파마홀딩스,002620,주식등의대량보유상황보고서(일반),한승수
20260430001618,20260430,코스피,에쓰씨엔지니어링,023960,주식등의대량보유상황보고서(일반),반도홀딩스
20260430001599,20260430,코스피,두올,016740,주식등의대량보유상황보고서(일반),모트렉스이에프엠
20260430001584,20260430,코스닥,와이랩,432430,주식등의대량보유상황보고서(일반),윤인완
20260430001578,20260430,코스피,비비안,002070,주식등의대량보유상황보고서(약식),다이나믹솔루션
20260430001577,20260430,코스닥,에스티팜,237690,주식등의대량보유상황보고서(일반),동아쏘시오홀딩스
20260430001575,20260430,코스피,제일약품,271980,주식등의대량보유상황보고서(일반),한승수
20260430001572,20260430,코스닥,삼표시멘트,038500,주식등의대량보유상황보고서(일반),삼표산업
20260430001567,20260430,코스닥,코스메카코리아,241710,주식등의대량보유상황보고서(일반),박은희
20260430001565,20260430,코스피,에이프로젠,007460,주식등의대량보유상황보고서(일반),지베이스
20260430001548,20260430,코스닥,디알텍,214680,주식등의대량보유상황보고서(일반),윤정기
20260430001522,20260430,코스피,HDC,012630,주식등의대량보유상황보고서(일반),정몽규
20260430001520,20260430,코스닥,엠케이전자,033160,주식등의대량보유상황보고서(일반),오션비홀딩스
20260430001489,20260430,코스닥,에이스테크,088800,주식등의대량보유상황보고서(일반),구관영
20260430001473,20260430,코스피,한국토지신탁,034830,주식등의대량보유상황보고서(일반),엠케이인베스트먼트
20260430001413,20260430,코스닥,와이제이링크,209640,주식등의대량보유상황보고서(일반),박순일
20260430001401,20260430,코스닥,코난테크놀로지,402030,주식등의대량보유상황보고서(일반),김영섬
20260430001389,20260430,코스닥,제이엘케이,322510,주식등의대량보유상황보고서(일반),김원태
20260430001361,20260430,코스닥,키움히어로제2호스팩,0131D0,주식등의대량보유상황보고서(약식),현대투자파트너스
20260430001304,20260430,코스피,에이프로젠바이오로직스,003060,주식등의대량보유상황보고서(일반),에이프로젠
20260430001234,20260430,코스피,종근당,185750,주식등의대량보유상황보고서(일반),이장한
20260430001224,20260430,코스닥,케이옥션,102370,주식등의대량보유상황보고서(일반),티에이어드바이저
20260430001183,20260430,코스피,비비안,002070,주식등의대량보유상황보고서(약식),광림
20260430001169,20260430,코스닥,인산가,277410,주식등의대량보유상황보고서(약식),오라이언자산운용
20260430001156,20260430,코스닥,캔버스엔,210120,주식등의대량보유상황보고서(약식),품에자산운용
20260430001118,20260430,코스닥,인지디스플레,037330,주식등의대량보유상황보고서(일반),인지컨트롤스
20260430001043,20260430,코스닥,유일로보틱스,388720,주식등의대량보유상황보고서(일반),김동헌
20260430000880,20260430,코스닥,에코프로,086520,주식등의대량보유상황보고서(일반),이동채
20260430000859,20260430,코스피,신라교역,004970,주식등의대량보유상황보고서(일반),신라홀딩스
20260430000858,20260430,코스닥,파이오링크,170790,주식등의대량보유상황보고서(일반),이글루
20260430000851,20260430,코스피,다스코,058730,주식등의대량보유상황보고서(일반),한상원
20260430000785,20260430,코스피,카프로,006380,주식등의대량보유상황보고서(일반),그린테크시스템
20260430000734,20260430,코스닥,파버나인,177830,주식등의대량보유상황보고서(일반),이제훈
20260430000717,20260430,코스피,다스코,058730,[기재정정]주식등의대량보유상황보고서(일반),한상원
20260430000713,20260430,코스닥,글로벌에스엠,900070,주식등의대량보유상황보고서(일반),서울메탈홀딩스
20260430000692,20260430,코스닥,오로스테크놀로지,322310,주식등의대량보유상황보고서(일반),에프에스티
20260430000535,20260430,코스닥,아스테라시스,450950,주식등의대량보유상황보고서(일반),서은택
20260430000495,20260430,코스닥,대성하이텍,129920,주식등의대량보유상황보고서(일반),최호형
20260430000475,20260430,코스닥,신한제18호스팩,0129K0,주식등의대량보유상황보고서(일반),에이씨피씨
20260430000404,20260430,코스닥,노바텍,285490,주식등의대량보유상황보고서(일반),오춘택
20260430000394,20260430,코스피,명문제약,017180,주식등의대량보유상황보고서(일반),우석민
20260430000314,20260430,코스닥,SV인베스트먼트,289080,주식등의대량보유상황보고서(약식),에이스투자금융
20260430000303,20260430,코스피,코스모신소재,005070,주식등의대량보유상황보고서(일반),코스모화학
20260430000252,20260430,코스닥,케이아이엔엑스,093320,주식등의대량보유상황보고서(약식),MiriCapitalManagementLLC
20260430000008,20260430,코스닥,핑거,163730,주식등의대량보유상황보고서(약식),몬타나41
20260429001165,20260430,코스닥,선진뷰티사이언스,086710,주식등의대량보유상황보고서(일반),이성호
20260429001110,20260429,코스닥,레이저옵텍,199550,주식등의대량보유상황보고서(일반),원익뉴그로쓰2018사모투자
20260429001087,20260429,코스닥,피아이이,452450,주식등의대량보유상황보고서(일반),최정일
20260429001084,20260429,코스닥,GRT,900290,주식등의대량보유상황보고서(일반),신루이샹홀딩리미티드
20260429001082,20260429,코스닥,피아이이,452450,[기재정정]주식등의대량보유상황보고서(일반),최정일
20260429001064,20260429,코스닥,크리스에프앤씨,110790,주식등의대량보유상황보고서(일반),윤정화
20260429001056,20260429,코스닥,GST,083450,주식등의대량보유상황보고서(약식),FILLIMITED
20260429000944,20260429,코스닥,넥사다이내믹스,351320,주식등의대량보유상황보고서(약식),김진만
20260429000937,20260429,코스닥,한주에이알티,058450,주식등의대량보유상황보고서(일반),알에프텍
20260429000924,20260429,코스닥,우리기술투자,041190,주식등의대량보유상황보고서(일반),이완근
20260429000895,20260429,코스닥,넥사다이내믹스,351320,주식등의대량보유상황보고서(약식),정철웅
20260429000886,20260429,코스닥,비투엔,307870,주식등의대량보유상황보고서(일반),엑스트윈스1호조합
20260429000885,20260429,코스피,이수스페셜티케미컬,457190,주식등의대량보유상황보고서(일반),이수
20260429000859,20260429,코스닥,FSN,214270,주식등의대량보유상황보고서(일반),제이투비
20260429000856,20260429,코스닥,LSK아이로봇,091970,주식등의대량보유상황보고서(일반),엘에스케이디비
20260429000810,20260429,코스닥,SG,255220,주식등의대량보유상황보고서(일반),박창호
20260429000805,20260429,코스닥,핑거,163730,주식등의대량보유상황보고서(일반),박민수
20260429000784,20260429,코스닥,메가터치,446540,주식등의대량보유상황보고서(일반),휘스턴재료과학
20260429000775,20260429,코스닥,씨젠,096530,주식등의대량보유상황보고서(일반),천종윤
20260429000753,20260429,코스닥,리메드,302550,주식등의대량보유상황보고서(일반),이근용
20260429000745,20260429,코스닥,삼륭물산,014970,[기재정정]주식등의대량보유상황보고서(일반),조홍로
20260429000734,20260429,코스닥,대성하이텍,129920,주식등의대량보유상황보고서(약식),펄프로젝트제1호사모투자
20260429000709,20260429,코스닥,파인엠텍,441270,주식등의대량보유상황보고서(일반),홍성천
20260429000708,20260429,코스닥,하이록코리아,013030,주식등의대량보유상황보고서(일반),문휴건
20260429000697,20260429,코스피,일진전기,103590,주식등의대량보유상황보고서(일반),일진홀딩스
20260429000660,20260429,코스닥,에이스테크,088800,[기재정정]주식등의대량보유상황보고서(일반),엔브이글로벌코리아메자닌사모투자
20260429000589,20260429,코스피,코오롱글로벌,003070,주식등의대량보유상황보고서(일반),코오롱
20260429000468,20260429,코스닥,티케이지애강,022220,주식등의대량보유상황보고서(일반),티케이지태광
20260429000368,20260429,코스피,동원수산,030720,주식등의대량보유상황보고서(일반),왕기철
20260429000304,20260429,코스닥,파수AI,150900,주식등의대량보유상황보고서(약식),HERALDINVESTMENTTRUSTPLC
20260429000266,20260429,코스닥,에이스테크,088800,[기재정정]주식등의대량보유상황보고서(일반),엔브이글로벌코리아메자닌사모투자
20260429000245,20260429,코스닥,핑거스토리,417180,주식등의대량보유상황보고서(일반),문양근
20260429000067,20260429,코스닥,메가터치,446540,주식등의대량보유상황보고서(일반),티에스이
20260429000060,20260429,코스닥,리드코프,012700,주식등의대량보유상황보고서(일반),디케이마린
20260429000055,20260429,코스닥,네오리진,094860,주식등의대량보유상황보고서(일반),JakotaAsiaStrategyLimited
20260429000007,20260429,코스닥,제이엠아이,033050,주식등의대량보유상황보고서(일반),제이엠티
20260429000006,20260429,코스닥,에이스테크,088800,주식등의대량보유상황보고서(일반),엔브이글로벌코리아메자닌사모투자
20260428000829,20260429,코스닥,GMI벤처,019570,주식등의대량보유상황보고서(약식),케이씨지아이대체투자운용
20260428000827,20260429,코스닥,엘케이켐,489500,주식등의대량보유상황보고서(일반),이창엽
20260428000815,20260428,코스닥,컨텍,451760,[기재정정]주식등의대량보유상황보고서(일반),이성희
20260428000762,20260428,코스피,콜마홀딩스,024720,주식등의대량보유상황보고서(일반),윤상현
20260428000759,20260428,코스피,한국콜마,161890,주식등의대량보유상황보고서(일반),콜마홀딩스
20260428000747,20260428,코스닥,한울앤제주,276730,[기재정정]주식등의대량보유상황보고서(일반),한울반도체
20260428000739,20260428,코스닥,아틀라스링크,297570,주식등의대량보유상황보고서(일반),로아앤코홀딩스
20260428000706,20260428,코스닥,하나머티리얼즈,166090,주식등의대량보유상황보고서(일반),하나마이크론
20260428000678,20260428,코스닥,폰드그룹,472850,주식등의대량보유상황보고서(일반),대명화학
20260428000647,20260428,코스닥,더핑크퐁컴퍼니,403850,[기재정정]주식등의대량보유상황보고서(일반),김민석
20260428000643,20260428,코스닥,오늘이엔엠,192410,주식등의대량보유상황보고서(약식),블루씨투자조합
20260428000642,20260428,코스피,TYM,002900,주식등의대량보유상황보고서(일반),김식
20260428000632,20260428,코스닥,다산디엠씨,208860,주식등의대량보유상황보고서(일반),다산네트웍스
20260428000625,20260428,코스닥,넥사다이내믹스,351320,주식등의대량보유상황보고서(약식),비에스유니버스
20260428000611,20260428,코스닥,키움히어로제2호스팩,0131D0,주식등의대량보유상황보고서(일반),키움증권
20260428000583,20260428,코스피,케이카,381970,주식등의대량보유상황보고서(일반),한앤코오토서비스홀딩스
20260428000580,20260428,코스피,애경케미칼,161000,주식등의대량보유상황보고서(일반),AK홀딩스
20260428000560,20260428,코스닥,대주전자재료,078600,주식등의대량보유상황보고서(일반),넥스트1호
20260428000551,20260428,코스피,대양금속,009190,주식등의대량보유상황보고서(약식),비비원조합
20260428000527,20260428,코스닥,한라IMS,092460,주식등의대량보유상황보고서(일반),지석준
20260428000502,20260428,코스닥,자람테크놀로지,389020,주식등의대량보유상황보고서(약식),티그리스인베스트먼트
20260428000489,20260428,코스닥,유비벨록스,089850,주식등의대량보유상황보고서(일반),이흥복
20260428000485,20260428,코스닥,인바디,041830,주식등의대량보유상황보고서(일반),차인준
20260428000475,20260428,코스피,한세예스24홀딩스,016450,주식등의대량보유상황보고서(일반),김동녕
20260428000473,20260428,코스피,경방,000050,주식등의대량보유상황보고서(일반),김담
20260428000471,20260428,코스피,케이카,381970,주식등의대량보유상황보고서(일반),KG스틸
20260428000428,20260428,코스닥,메디톡스,086900,주식등의대량보유상황보고서(일반),정현호
20260428000422,20260428,코스닥,블리츠웨이엔터테인먼트,369370,주식등의대량보유상황보고서(일반),배성웅
20260428000421,20260428,코스닥,메카로,241770,주식등의대량보유상황보고서(일반),이재정
20260428000367,20260428,코스닥,새빗켐,107600,주식등의대량보유상황보고서(일반),에스케이아이엘에코시너지밸류업1호
20260428000358,20260428,코스피,휴니드테크놀러지스,005870,주식등의대량보유상황보고서(일반),김유진
20260428000347,20260428,코스피,DN오토모티브,007340,주식등의대량보유상황보고서(일반),김상헌
20260428000346,20260428,코스피,금강공업,014280,주식등의대량보유상황보고서(일반),안영순
20260428000345,20260428,코스피,케이카,381970,주식등의대량보유상황보고서(일반),캑터스프라이빗에쿼티
20260428000336,20260428,코스닥,디와이씨,310870,주식등의대량보유상황보고서(약식),시알홀딩스
20260428000273,20260428,코스닥,비츠로셀,082920,주식등의대량보유상황보고서(약식),피델리티매니지먼트앤리서치컴퍼니엘엘씨
20260428000265,20260428,코스닥,네오팜,092730,주식등의대량보유상황보고서(약식),FILLIMITED
20260428000253,20260428,코스닥,인바디,041830,주식등의대량보유상황보고서(약식),FILLIMITED
20260428000248,20260428,코스닥,로젠,033290,주식등의대량보유상황보고서(일반),대명화학
20260428000245,20260428,코스닥,사람인,143240,주식등의대량보유상황보고서(약식),FILLIMITED
20260428000204,20260428,코스닥,GMI벤처,019570,주식등의대량보유상황보고서(약식),비피자산운용
20260428000170,20260428,코스닥,성호전자,043260,주식등의대량보유상황보고서(일반),서룡전자
20260428000133,20260428,코스닥,에프에스티,036810,주식등의대량보유상황보고서(일반),장명식
20260428000070,20260428,코스닥,디어유,376300,주식등의대량보유상황보고서(일반),안종오
20260428000066,20260428,코스닥,한국피아이엠,448900,[기재정정]주식등의대량보유상황보고서(일반),송준호
20260428000018,20260428,코스닥,유진테크,084370,주식등의대량보유상황보고서(약식),JPMorganAssetManagement(AsiaPacific)Limited
20260428000003,20260428,코스닥,이엠텍,091120,주식등의대량보유상황보고서(일반),정승규
20260427000766,20260428,코스닥,한국피아이엠,448900,주식등의대량보유상황보고서(일반),송준호
20260427000744,20260427,코스닥,초록뱀미디어,047820,주식등의대량보유상황보고서(일반),큐씨피미디어홀딩스
20260427000715,20260427,코스닥,덕산네오룩스,213420,주식등의대량보유상황보고서(일반),이수훈
20260427000707,20260427,코스피,티케이지휴켐스,069260,주식등의대량보유상황보고서(약식),제이앤알파
20260427000682,20260427,코스피,씨에스윈드,112610,주식등의대량보유상황보고서(일반),김성권
20260427000675,20260427,코스피,코스모화학,005420,주식등의대량보유상황보고서(일반),코스모앤컴퍼니
20260427000669,20260427,코스닥,실리콘투,257720,주식등의대량보유상황보고서(약식),실크투자목적회사
20260427000666,20260427,코스닥,우림피티에스,101170,주식등의대량보유상황보고서(일반),한규석
20260427000646,20260427,코스닥,인선이엔티,060150,주식등의대량보유상황보고서(일반),아이에스동서
20260427000645,20260427,코스닥,피엔에이치테크,239890,주식등의대량보유상황보고서(약식),미래에셋자산운용
20260427000643,20260427,코스피,코오롱인더,120110,주식등의대량보유상황보고서(약식),미래에셋자산운용
20260427000642,20260427,코스닥,인텍플러스,064290,주식등의대량보유상황보고서(약식),미래에셋자산운용
20260427000640,20260427,코스피,디와이파워,210540,주식등의대량보유상황보고서(일반),디와이
20260427000639,20260427,코스피,AJ네트웍스,095570,주식등의대량보유상황보고서(일반),문덕영
20260427000631,20260427,코스닥,마크로젠,038290,주식등의대량보유상황보고서(일반),서정선
20260427000627,20260427,코스닥,실리콘투,257720,주식등의대량보유상황보고서(일반),김성운
20260427000616,20260427,코스닥,이오플로우,294090,주식등의대량보유상황보고서(일반),KIMJESSEJAEJIN
20260427000586,20260427,코스피,부국증권,001270,주식등의대량보유상황보고서(일반),김중건
20260427000568,20260427,코스닥,씨앤지하이테크,264660,주식등의대량보유상황보고서(일반),홍사문
20260427000550,20260427,코스닥,판타지오,032800,주식등의대량보유상황보고서(일반),아티스트
20260427000549,20260427,코스피,비비안,002070,주식등의대량보유상황보고서(일반),쌍방울
20260427000542,20260427,코스닥,한주라이트메탈,198940,주식등의대량보유상황보고서(일반),이용진
20260427000535,20260427,코스닥,에코볼트,097780,주식등의대량보유상황보고서(일반),오성첨단소재
20260427000521,20260427,코스닥,한주라이트메탈,198940,[기재정정]주식등의대량보유상황보고서(일반),이용진
20260427000514,20260427,코스피,DKME,015590,주식등의대량보유상황보고서(일반),덕양에너젠
20260427000495,20260427,코스닥,큐캐피탈,016600,주식등의대량보유상황보고서(일반),지엔코
20260427000482,20260427,코스닥,씨앤투스,352700,주식등의대량보유상황보고서(일반),하춘욱
20260427000468,20260427,코스닥,에스에스알,275630,주식등의대량보유상황보고서(일반),지란지교시큐리티
20260427000454,20260427,코스닥,미래나노텍,095500,주식등의대량보유상황보고서(일반),김철영
20260427000383,20260427,코스피,롯데에너지머티리얼즈,020150,주식등의대량보유상황보고서(일반),스틱스페셜시츄에이션윈
20260427000381,20260427,코스닥,모다이노칩,080420,주식등의대량보유상황보고서(일반),대명화학
20260427000246,20260427,코스닥,펌텍코리아,251970,주식등의대량보유상황보고서(약식),FILLIMITED
20260427000244,20260427,코스피,NICE평가정보,030190,주식등의대량보유상황보고서(약식),피델리티인스티튜셔널에셋매니지먼트트러스트컴퍼니
20260427000241,20260427,코스피,SNT홀딩스,036530,주식등의대량보유상황보고서(약식),피델리티매니지먼트앤리서치컴퍼니엘엘씨
20260427000225,20260427,코스피,달바글로벌,483650,주식등의대량보유상황보고서(일반),반성연
20260427000224,20260427,코스닥,브이원텍,251630,주식등의대량보유상황보고서(일반),김선중
20260427000176,20260427,코스피,신성이엔지,011930,주식등의대량보유상황보고서(일반),이완근
20260427000169,20260427,코스닥,보원케미칼,0010F0,주식등의대량보유상황보고서(약식),BNK투자증권
20260427000157,20260427,코스닥,라이콤,388790,주식등의대량보유상황보고서(일반),김성준
20260427000141,20260427,코스닥,핑거,163730,주식등의대량보유상황보고서(약식),몬타나40
20260427000036,20260427,코스닥,휴메딕스,200670,주식등의대량보유상황보고서(일반),휴온스글로벌
20260424000812,20260424,코스닥,씨엠티엑스,388210,주식등의대량보유상황보고서(일반),박성훈
20260424000796,20260424,코스피,롯데관광개발,032350,주식등의대량보유상황보고서(일반),김기병
20260424000785,20260424,코스닥,HC보광산업,225530,주식등의대량보유상황보고서(일반),HC홈센타
20260424000784,20260424,코스피,삼성생명,032830,주식등의대량보유상황보고서(일반),삼성물산
20260424000783,20260424,코스피,코웨이,021240,주식등의대량보유상황보고서(일반),얼라인파트너스자산운용
20260424000776,20260424,코스피,동원산업,006040,주식등의대량보유상황보고서(일반),김남정
20260424000758,20260424,코스피,삼성전자,005930,주식등의대량보유상황보고서(일반),삼성물산
20260424000755,20260424,코스닥,와이엠티,251370,주식등의대량보유상황보고서(일반),전성욱
20260424000751,20260424,코스닥,케이엔더블유,105330,주식등의대량보유상황보고서(일반),BGF에코머티리얼즈
20260424000750,20260424,코스닥,컨텍,451760,주식등의대량보유상황보고서(일반),이성희
20260424000743,20260424,코스닥,빛과전자,069540,주식등의대량보유상황보고서(약식),에스디비조합
20260424000739,20260424,코스피,현대엘리베이터,017800,주식등의대량보유상황보고서(일반),현대홀딩스컴퍼니
20260424000731,20260424,코스닥,심텍,222800,주식등의대량보유상황보고서(일반),심텍홀딩스
20260424000730,20260424,코스피,엘브이엠씨,900140,주식등의대량보유상황보고서(일반),오세영
20260424000729,20260424,코스닥,인산가,277410,주식등의대량보유상황보고서(일반),김윤세
20260424000712,20260424,코스닥,버킷스튜디오,066410,주식등의대량보유상황보고서(일반),이니셜 1호 투자조합
20260424000707,20260424,코스닥,트윔,290090,주식등의대량보유상황보고서(일반),정한섭
20260424000700,20260424,코스닥,윈스테크넷,136540,주식등의대량보유상황보고서(일반),금양통신
20260424000694,20260424,코스닥,케이피엠테크,042040,주식등의대량보유상황보고서(일반),텔콘RF제약
20260424000693,20260424,코스닥,빛과전자,069540,주식등의대량보유상황보고서(약식),피엘오조합
20260424000691,20260424,코스닥,저스템,417840,주식등의대량보유상황보고서(일반),임영진
20260424000683,20260424,코스피,대신증권,003540,주식등의대량보유상황보고서(일반),양홍석
20260424000681,20260424,코스닥,동화기업,025900,주식등의대량보유상황보고서(일반),"DONGWHAINTERNATIONALCO.,LTD"
20260424000672,20260424,코스닥,꿈비,407400,주식등의대량보유상황보고서(일반),박영건
20260424000663,20260424,코스닥,이지홀딩스,035810,주식등의대량보유상황보고서(일반),지현욱
20260424000651,20260424,코스피,솔루엠,248070,주식등의대량보유상황보고서(일반),얼라인파트너스자산운용
20260424000644,20260424,코스피,크래프톤,259960,주식등의대량보유상황보고서(일반),장병규
20260424000639,20260424,코스닥,에스와이,109610,주식등의대량보유상황보고서(일반),홍영돈
20260424000637,20260424,코스닥,사토시홀딩스,223310,주식등의대량보유상황보고서(약식),빌리언스
20260424000627,20260424,코스닥,하이드로리튬,101670,주식등의대량보유상황보고서(일반),전웅
20260424000619,20260424,코스피,에이프로젠,007460,주식등의대량보유상황보고서(일반),지베이스
20260424000618,20260424,코스닥,에이치시티,072990,주식등의대량보유상황보고서(일반),이수찬
20260424000612,20260424,코스닥,오픈엣지테크놀로지,394280,주식등의대량보유상황보고서(약식),에이티넘인베스트
20260424000609,20260424,코스닥,티움바이오,321550,주식등의대량보유상황보고서(일반),김훈택
20260424000604,20260424,코스닥,인텔리안테크,189300,주식등의대량보유상황보고서(일반),성상엽
20260424000595,20260424,코스닥,한일사료,005860,주식등의대량보유상황보고서(일반),차상협
20260424000594,20260424,코스피,세아홀딩스,058650,주식등의대량보유상황보고서(일반),이태성
20260424000586,20260424,코스피,미스토홀딩스,081660,주식등의대량보유상황보고서(일반),피에몬테
20260424000579,20260424,코스닥,오가닉티코스메틱,900300,주식등의대량보유상황보고서(약식),임국강
20260424000565,20260424,코스닥,매일홀딩스,005990,주식등의대량보유상황보고서(일반),김정완
20260424000558,20260424,코스닥,에브리봇,270660,주식등의대량보유상황보고서(일반),정우철
20260424000543,20260424,코스피,대원강업,000430,주식등의대량보유상황보고서(일반),현대지에프홀딩스
20260424000536,20260424,코스닥,매일유업,267980,주식등의대량보유상황보고서(일반),매일홀딩스
20260424000518,20260424,코스닥,인성정보,033230,주식등의대량보유상황보고서(일반),에스넷
20260424000512,20260424,코스닥,이노스페이스,462350,주식등의대량보유상황보고서(약식),아이엠엠인베스트먼트
20260424000502,20260424,코스피,엔케이,085310,주식등의대량보유상황보고서(일반),박윤소
20260424000491,20260424,코스닥,디바이스,187870,주식등의대량보유상황보고서(일반),최봉진
20260424000464,20260424,코스피,한국타이어앤테크놀로지,161390,주식등의대량보유상황보고서(일반),한국앤컴퍼니
20260424000459,20260424,코스피,티엠씨,217590,주식등의대량보유상황보고서(일반),케이피에프
20260424000408,20260424,코스닥,비투엔,307870,주식등의대량보유상황보고서(일반),스트레지 1호 조합
20260424000366,20260424,코스피,빙그레,005180,주식등의대량보유상황보고서(일반),김호연
20260424000365,20260424,코스닥,피플바이오,304840,주식등의대량보유상황보고서(일반),휴먼데이타
20260424000325,20260424,코스닥,케어젠,214370,주식등의대량보유상황보고서(일반),정용지
20260424000245,20260424,코스닥,티케이케미칼,104480,주식등의대량보유상황보고서(일반),에스엠인더스트리
20260424000234,20260424,코스닥,신스틸,162300,주식등의대량보유상황보고서(일반),신승곤
20260424000178,20260424,코스닥,와이랩,432430,주식등의대량보유상황보고서(일반),윤인완
20260424000043,20260424,코스닥,라이콤,388790,주식등의대량보유상황보고서(일반),김성준
20260423000768,20260424,코스닥,이노스페이스,462350,[기재정정]주식등의대량보유상황보고서(약식),아이엠엠인베스트먼트
20260423000764,20260424,코스닥,아스트,067390,주식등의대량보유상황보고서(일반),신한에스케이에스기업재무안정사모투자
20260423000760,20260423,코스닥,이상네트웍스,080010,주식등의대량보유상황보고서(약식),하성일
20260423000743,20260423,코스닥,오가닉티코스메틱,900300,주식등의대량보유상황보고서(일반),SUN YANE
20260423000725,20260423,코스피,애경케미칼,161000,주식등의대량보유상황보고서(일반),AK홀딩스
20260423000707,20260423,코스닥,빌리언스,044480,주식등의대량보유상황보고서(일반),휴마시스
20260423000702,20260423,코스피,삼일제약,000520,주식등의대량보유상황보고서(일반),허승범
20260423000697,20260423,코스닥,백금T&A,046310,주식등의대량보유상황보고서(일반),차파트너스자산운용
20260423000669,20260423,코스닥,엔비알모션,0004V0,주식등의대량보유상황보고서(약식),아이비케이스톤브릿지혁신성장사모투자
20260423000668,20260423,코스닥,액트로,290740,주식등의대량보유상황보고서(일반),하동길
20260423000661,20260423,코스피,KSS해운,044450,주식등의대량보유상황보고서(일반),케이에스에스해운사내근로복지기금
20260423000660,20260423,코스닥,비투엔,307870,주식등의대량보유상황보고서(일반),엑스트윈스1호조합
20260423000648,20260423,코스피,KSS해운,044450,주식등의대량보유상황보고서(일반),박종규
20260423000640,20260423,코스닥,팅크웨어,084730,주식등의대량보유상황보고서(일반),유비벨록스
20260423000629,20260423,코스닥,웨이비스,289930,주식등의대량보유상황보고서(약식),MORGANSTANLEY&COINTLPLC
20260423000618,20260423,코스닥,아이티켐,309710,주식등의대량보유상황보고서(약식),타임폴리오자산운용
20260423000607,20260423,코스닥,HC홈센타,060560,주식등의대량보유상황보고서(일반),에이치씨파트너스
20260423000602,20260423,코스피,이수페타시스,007660,주식등의대량보유상황보고서(일반),이수
20260423000581,20260423,코스닥,경남제약,053950,주식등의대량보유상황보고서(일반),빌리언스
20260423000569,20260423,코스닥,HLB제약,047920,주식등의대량보유상황보고서(일반),HLB생명과학
20260423000551,20260423,코스닥,RF머트리얼즈,327260,주식등의대량보유상황보고서(일반),한기우
20260423000535,20260423,코스닥,휴마시스,205470,주식등의대량보유상황보고서(일반),아티스트
20260423000518,20260423,코스피,부국철강,026940,주식등의대량보유상황보고서(일반),남상규
20260423000516,20260423,코스닥,케이바이오랩스,038530,주식등의대량보유상황보고서(일반),미래아이앤지
20260423000515,20260423,코스닥,나인테크,267320,주식등의대량보유상황보고서(일반),박근노
20260423000484,20260423,코스닥,크레오에스지,040350,주식등의대량보유상황보고서(일반),큐로홀딩스
20260423000483,20260423,코스닥,인콘,083640,주식등의대량보유상황보고서(일반),케이바이오랩스
20260423000481,20260423,코스닥,카페24,042000,주식등의대량보유상황보고서(일반),우창균
20260423000476,20260423,코스닥,현대바이오,048410,주식등의대량보유상황보고서(일반),씨앤팜
20260423000457,20260423,코스피,키다리스튜디오,020120,주식등의대량보유상황보고서(일반),다우데이타
20260423000440,20260423,코스닥,카나프테라퓨틱스,0082N0,주식등의대량보유상황보고서(약식),프리미어파트너스
20260423000423,20260423,코스피,엘앤에프,066970,주식등의대량보유상황보고서(일반),새로닉스
20260423000412,20260423,코스닥,모두투어,080160,주식등의대량보유상황보고서(일반),우종웅
20260423000328,20260423,코스닥,코디,080530,주식등의대량보유상황보고서(일반),지피클럽
20260423000320,20260423,코스닥,레이저옵텍,199550,주식등의대량보유상황보고서(일반),주홍
20260423000307,20260423,코스닥,에프알텍,073540,주식등의대량보유상황보고서(약식),김대용
20260423000250,20260423,코스닥,에코프로,086520,주식등의대량보유상황보고서(일반),이동채
20260423000187,20260423,코스닥,성호전자,043260,주식등의대량보유상황보고서(일반),서룡전자
20260423000161,20260423,코스닥,모아데이타,288980,주식등의대량보유상황보고서(약식),아트마투자조합
20260422000700,20260422,코스닥,HK이노엔,195940,주식등의대량보유상황보고서(일반),한국콜마
20260422000699,20260422,코스닥,엔케이젠바이오텍코리아,182400,주식등의대량보유상황보고서(일반),"NKGenBiotech,Inc."
20260422000698,20260422,코스닥,알에프텍,061040,주식등의대량보유상황보고서(일반),오성첨단소재
20260422000690,20260422,코스닥,핑거,163730,주식등의대량보유상황보고서(일반),서룡전자
20260422000682,20260422,코스닥,세종텔레콤,036630,주식등의대량보유상황보고서(일반),세종
20260422000678,20260422,코스닥,드림시큐리티,203650,주식등의대량보유상황보고서(일반),범진규
20260422000671,20260422,코스닥,압타머사이언스,291650,주식등의대량보유상황보고서(약식),에이치엔제이인베스트먼트
20260422000670,20260422,코스피,솔루엠,248070,주식등의대량보유상황보고서(일반),전성호
20260422000665,20260422,코스닥,코아시아,045970,주식등의대량보유상황보고서(일반),이희준
20260422000659,20260422,코스피,광명전기,017040,[기재정정]주식등의대량보유상황보고서(일반),에이치케이홀딩스
20260422000654,20260422,코스피,한진칼,180640,주식등의대량보유상황보고서(일반),조원태
20260422000646,20260422,코스닥,빌리언스,044480,주식등의대량보유상황보고서(약식),제브라자산운용
20260422000643,20260422,코스피,광명전기,017040,주식등의대량보유상황보고서(일반),나반홀딩스
20260422000632,20260422,코스닥,현대힘스,460930,주식등의대량보유상황보고서(일반),허큘리스홀딩스
20260422000601,20260422,코스닥,빌리언스,044480,주식등의대량보유상황보고서(약식),제이케이(JK)신기술투자조합제5호
20260422000597,20260422,코스피,셀트리온,068270,주식등의대량보유상황보고서(일반),셀트리온홀딩스
20260422000596,20260422,코스닥,스맥,099440,주식등의대량보유상황보고서(일반),SNT홀딩스
20260422000593,20260422,코스피,광명전기,017040,주식등의대량보유상황보고서(일반),에이치케이홀딩스
20260422000553,20260422,코스닥,나이스정보통신,036800,주식등의대량보유상황보고서(일반),NICE
20260422000548,20260422,코스닥,엠아이큐브솔루션,373170,주식등의대량보유상황보고서(일반),에스피시스템스
20260422000519,20260422,코스피,달바글로벌,483650,주식등의대량보유상황보고서(약식),우리벤처파트너스
20260422000514,20260422,코스피,광명전기,017040,주식등의대량보유상황보고서(일반),피앤씨테크
20260422000512,20260422,코스닥,메카로,241770,주식등의대량보유상황보고서(일반),이재정
20260422000497,20260422,코스닥,한국피아이엠,448900,주식등의대량보유상황보고서(약식),아이비케이에스 혁신 소부장 신기술투자조합 제3호
20260422000485,20260422,코스닥,나노실리칸첨단소재,286750,주식등의대량보유상황보고서(약식),글루온채권투자일임
20260422000466,20260422,코스닥,대동기어,008830,주식등의대량보유상황보고서(일반),대동
20260422000462,20260422,코스닥,상보,027580,주식등의대량보유상황보고서(일반),김상근
20260422000428,20260422,코스닥,에스바이오메딕스,304360,주식등의대량보유상황보고서(약식),타이거자산운용투자일임
20260422000426,20260422,코스닥,링네트,042500,주식등의대량보유상황보고서(일반),이주석
20260422000364,20260422,코스닥,야스,255440,주식등의대량보유상황보고서(일반),정광호
20260422000341,20260422,코스닥,EDGC,245620,주식등의대량보유상황보고서(일반),한투한화디지털헬스케어제1호사모투자
20260422000338,20260422,코스닥,파인테크닉스,106240,주식등의대량보유상황보고서(일반),오르비텍
20260422000317,20260422,코스닥,케어젠,214370,주식등의대량보유상황보고서(일반),정용지
20260422000310,20260422,코스닥,아이퀘스트,262840,주식등의대량보유상황보고서(일반),김순모
20260422000298,20260422,코스피,남양유업,003920,주식등의대량보유상황보고서(일반),한앤코유업홀딩스
20260422000292,20260422,코스닥,아이엠티,451220,주식등의대량보유상황보고서(약식),에프에스티
20260422000255,20260422,코스피,JW홀딩스,096760,주식등의대량보유상황보고서(일반),이경하
20260422000191,20260422,코스피,INVENI,015360,주식등의대량보유상황보고서(일반),구자은
20260422000164,20260422,코스닥,머큐리,100590,주식등의대량보유상황보고서(약식),포커스자산운용
20260422000127,20260422,코스피,에코프로머티,450080,[기재정정]주식등의대량보유상황보고서(일반),에코프로
20260422000105,20260422,코스닥,한국알콜,017890,주식등의대량보유상황보고서(약식),MiriCapitalManagementLLC
20260422000017,20260422,코스닥,서진시스템,178320,주식등의대량보유상황보고서(약식),네오솔루션즈
20260421000524,20260422,코스닥,디아이티,110990,주식등의대량보유상황보고서(일반),박종철
20260421000506,20260421,코스닥,푸드나무,290720,주식등의대량보유상황보고서(약식),최석주
20260421000501,20260421,코스닥,LSK아이로봇,091970,주식등의대량보유상황보고서(일반),엘에스케이디비
20260421000493,20260421,코스피,고려아연,010130,[기재정정]주식등의대량보유상황보고서(일반),최윤범
20260421000486,20260421,코스닥,파버나인,177830,[기재정정]주식등의대량보유상황보고서(약식),오라이언자산운용
20260421000475,20260421,코스피,엔피씨,004250,주식등의대량보유상황보고서(일반),임익성
20260421000472,20260421,코스닥,LS티라유텍,322180,주식등의대량보유상황보고서(일반),엘에스일렉트릭
20260421000467,20260421,코스닥,폰드그룹,472850,주식등의대량보유상황보고서(일반),대명화학
20260421000463,20260421,코스피,대덕전자,353200,주식등의대량보유상황보고서(일반),대덕
20260421000461,20260421,코스닥,우듬지팜,403490,주식등의대량보유상황보고서(약식),오라이언자산운용
20260421000453,20260421,코스닥,해성에어로보틱스,059270,주식등의대량보유상황보고서(일반),케이로봇 밸류체인 신기술 코어펀드1호
20260421000452,20260421,코스닥,해성에어로보틱스,059270,주식등의대량보유상황보고서(일반),케이로봇 밸류체인 신기술 코어펀드1호
20260421000449,20260421,코스닥,파버나인,177830,주식등의대량보유상황보고서(약식),오라이언자산운용
20260421000448,20260421,코스피,유유제약,000220,주식등의대량보유상황보고서(일반),유원상
20260421000447,20260421,코스닥,오비고,352910,주식등의대량보유상황보고서(약식),키움오디세이사모투자
20260421000446,20260421,코스닥,해성에어로보틱스,059270,주식등의대량보유상황보고서(일반),케이로봇 밸류체인 신기술 코어펀드1호
20260421000442,20260421,코스피,한솔케미칼,014680,주식등의대량보유상황보고서(일반),조동혁
20260421000440,20260421,코스닥,HLB테라퓨틱스,115450,주식등의대량보유상황보고서(일반),HLB
20260421000424,20260421,코스닥,디엔에프,092070,주식등의대량보유상황보고서(일반),솔브레인
20260421000418,20260421,코스닥,HLB,028300,주식등의대량보유상황보고서(일반),진양곤
20260421000416,20260421,코스피,금양,001570,주식등의대량보유상황보고서(일반),류광지
20260421000410,20260421,코스닥,성호전자,043260,주식등의대량보유상황보고서(일반),서룡전자
20260421000407,20260421,코스피,바이오노트,377740,주식등의대량보유상황보고서(일반),조영식
20260421000405,20260421,코스닥,캔버스엔,210120,주식등의대량보유상황보고서(일반),디비투자조합
20260421000403,20260421,코스닥,휴네시온,290270,주식등의대량보유상황보고서(약식),모비스
20260421000399,20260421,코스닥,와이지엔터테인먼트,122870,주식등의대량보유상황보고서(일반),양현석
20260421000396,20260421,코스피,현대로템,064350,주식등의대량보유상황보고서(약식),BlackRockFundAdvisors
20260421000395,20260421,코스닥,옵트론텍,082210,주식등의대량보유상황보고서(일반),그린이에스지성장제1호사모투자
20260421000392,20260421,코스닥,하나머티리얼즈,166090,주식등의대량보유상황보고서(일반),하나마이크론
20260421000387,20260421,코스닥,ES큐브,050120,주식등의대량보유상황보고서(일반),지에프금융산업제1호
20260421000377,20260421,코스닥,수성웹툰,084180,주식등의대량보유상황보고서(일반),투믹스홀딩스
20260421000374,20260421,코스닥,엔비알모션,0004V0,주식등의대량보유상황보고서(약식),액시스인베스트먼트
20260421000368,20260421,코스닥,코칩,126730,주식등의대량보유상황보고서(일반),손진형
20260421000365,20260421,코스닥,오로라,039830,주식등의대량보유상황보고서(약식),브이아이피자산운용
20260421000354,20260421,코스닥,지엔코,065060,주식등의대량보유상황보고서(일반),크레오에스지
20260421000351,20260421,코스닥,태웅로직스,124560,주식등의대량보유상황보고서(일반),한재동
20260421000334,20260421,코스피,종근당,185750,주식등의대량보유상황보고서(일반),이장한
20260421000290,20260421,코스닥,우림피티에스,101170,주식등의대량보유상황보고서(일반),한규석
20260421000286,20260421,코스닥,제노레이,122310,주식등의대량보유상황보고서(일반),박병욱
20260421000248,20260421,코스닥,티쓰리,204610,주식등의대량보유상황보고서(일반),김기영
20260421000240,20260421,코스닥,케이엠제약,225430,주식등의대량보유상황보고서(일반),강일모
20260421000233,20260421,코스닥,포인트엔지니어링,256630,주식등의대량보유상황보고서(일반),안범모
20260421000218,20260421,코스닥,모아데이타,288980,주식등의대량보유상황보고서(약식),리츠나인투자조합1호
20260421000193,20260421,코스닥,안트로젠,065660,주식등의대량보유상황보고서(약식),이엠텍
20260421000140,20260421,코스닥,에스엠,041510,[기재정정]주식등의대량보유상황보고서(약식),"티로우프라이스어소시에이트,인크."
20260421000134,20260421,코스피,경인양행,012610,주식등의대량보유상황보고서(일반),김흥준
20260421000119,20260421,코스피,달바글로벌,483650,주식등의대량보유상황보고서(일반),반성연
20260421000005,20260421,코스닥,HLB제넥스,187420,주식등의대량보유상황보고서(일반),HLB
20260420000534,20260420,코스닥,서진시스템,178320,주식등의대량보유상황보고서(일반),전동규
20260420000533,20260420,코스피,한국콜마,161890,주식등의대량보유상황보고서(일반),콜마홀딩스
20260420000532,20260420,코스닥,콜마비앤에이치,200130,주식등의대량보유상황보고서(일반),콜마홀딩스
20260420000529,20260420,코스닥,알엔티엑스,123010,주식등의대량보유상황보고서(일반),위드윈투자조합91호
20260420000523,20260420,코스닥,엠투엔,033310,주식등의대량보유상황보고서(일반),디케이마린
20260420000520,20260420,코스피,성문전자,014910,주식등의대량보유상황보고서(일반),신준섭
20260420000518,20260420,코스닥,TS트릴리온,317240,주식등의대량보유상황보고서(일반),장기영
20260420000516,20260420,코스닥,제노코,361390,주식등의대량보유상황보고서(일반),앤로보틱스
20260420000515,20260420,코스닥,한울앤제주,276730,주식등의대량보유상황보고서(일반),한울반도체
20260420000512,20260420,코스닥,제이아이테크,417500,주식등의대량보유상황보고서(일반),함석헌
20260420000511,20260420,코스닥,지아이이노베이션,358570,주식등의대량보유상황보고서(일반),장명호
20260420000510,20260420,코스닥,KG에코솔루션,151860,주식등의대량보유상황보고서(일반),KG케미칼
20260420000505,20260420,코스닥,한울앤제주,276730,주식등의대량보유상황보고서(약식),제이케이(JK)신기술투자조합 제2호
20260420000502,20260420,코스닥,스맥,099440,주식등의대량보유상황보고서(일반),최영섭
20260420000492,20260420,코스닥,KG이니시스,035600,주식등의대량보유상황보고서(일반),KG케미칼
20260420000485,20260420,코스닥,엔지켐생명과학,183490,주식등의대량보유상황보고서(일반),브리짓라이프사이언스
20260420000460,20260420,코스피,세아홀딩스,058650,주식등의대량보유상황보고서(일반),이태성
20260420000446,20260420,코스닥,아톤,158430,주식등의대량보유상황보고서(일반),김종서
20260420000444,20260420,코스닥,서남,294630,주식등의대량보유상황보고서(일반),문승현
20260420000431,20260420,코스피,씨에스윈드,112610,주식등의대량보유상황보고서(일반),김성권
20260420000430,20260420,코스피,신성이엔지,011930,주식등의대량보유상황보고서(약식),J.P.MORGANSECURITIESPLC
20260420000426,20260420,코스닥,젬백스,082270,주식등의대량보유상황보고서(일반),젬앤컴퍼니
20260420000424,20260420,코스피,일진디스플,020760,주식등의대량보유상황보고서(일반),허진규
20260420000414,20260420,코스닥,디와이디,219550,주식등의대량보유상황보고서(약식),디에이치조합
20260420000396,20260420,코스닥,국전,307750,주식등의대량보유상황보고서(일반),홍종호
20260420000390,20260420,코스닥,위메이드,112040,주식등의대량보유상황보고서(일반),박관호
20260420000379,20260420,코스닥,에스와이스틸텍,365330,주식등의대량보유상황보고서(일반),에스와이
20260420000374,20260420,코스닥,오텍,067170,주식등의대량보유상황보고서(일반),강성희
20260420000363,20260420,코스닥,에스에스알,275630,주식등의대량보유상황보고서(일반),지란지교시큐리티
20260420000349,20260420,코스닥,위세아이텍,065370,주식등의대량보유상황보고서(일반),김다산
20260420000342,20260420,코스닥,메가스터디교육,215200,주식등의대량보유상황보고서(일반),손주은
20260420000340,20260420,코스닥,성호전자,043260,주식등의대량보유상황보고서(일반),서룡전자
20260420000327,20260420,코스닥,세원물산,024830,주식등의대량보유상황보고서(약식),한세희
20260420000324,20260420,코스닥,GC메디아이,032620,주식등의대량보유상황보고서(일반),GC케어
20260420000281,20260420,코스닥,센코,347000,주식등의대량보유상황보고서(일반),티에스 2024-16 M&A 성장조합
20260420000252,20260420,코스닥,에스엠,041510,주식등의대량보유상황보고서(약식),"티로우프라이스어소시에이트,인크."
20260420000245,20260420,코스닥,서플러스글로벌,140070,주식등의대량보유상황보고서(일반),김정웅
20260420000222,20260420,코스피,솔루엠,248070,주식등의대량보유상황보고서(일반),전성호
20260420000220,20260420,코스피,미원화학,134380,주식등의대량보유상황보고서(일반),김정돈
20260420000210,20260420,코스닥,대성하이텍,129920,주식등의대량보유상황보고서(일반),최호형
20260420000207,20260420,코스닥,재영솔루텍,049630,주식등의대량보유상황보고서(일반),재영아이텍
20260420000184,20260420,코스닥,유디엠텍,389680,주식등의대량보유상황보고서(일반),왕지남
20260420000169,20260420,코스피,휴니드테크놀러지스,005870,주식등의대량보유상황보고서(일반),김유진
20260420000152,20260420,코스닥,케이엔제이,272110,주식등의대량보유상황보고서(일반),심호섭
20260420000124,20260420,코스닥,이노스페이스,462350,주식등의대량보유상황보고서(일반),김수종
20260420000119,20260420,코스닥,알엔티엑스,123010,주식등의대량보유상황보고서(일반),알엔투테크놀로지
20260420000094,20260420,코스피,대구백화점,006370,주식등의대량보유상황보고서(일반),구정모
20260420000015,20260420,코스닥,에브리봇,270660,주식등의대량보유상황보고서(일반),정우철
20260417000721,20260420,코스피,DKME,015590,주식등의대량보유상황보고서(일반),에너진
20260417000715,20260420,코스닥,에스엠씨지,460870,주식등의대량보유상황보고서(일반),최승호
20260417000699,20260417,코스닥,웨이비스,289930,주식등의대량보유상황보고서(약식),제이앤프라이빗에쿼티
20260417000696,20260417,코스닥,컨텍,451760,주식등의대량보유상황보고서(약식),힐스프링인베스트먼트
20260417000686,20260417,코스피,SK디스커버리,006120,주식등의대량보유상황보고서(일반),최창원
20260417000682,20260417,코스피,삼성전자,005930,주식등의대량보유상황보고서(일반),삼성물산
20260417000681,20260417,코스닥,빛과전자,069540,주식등의대량보유상황보고서(약식),CSA 코스믹
20260417000675,20260417,코스피,이리츠코크렙,088260,주식등의대량보유상황보고서(일반),이랜드리테일
20260417000669,20260417,코스닥,현대무벡스,319400,주식등의대량보유상황보고서(일반),현대엘리베이터
20260417000668,20260417,코스피,아이에스동서,010780,주식등의대량보유상황보고서(일반),권혁운
20260417000665,20260417,코스피,케이씨텍,281820,주식등의대량보유상황보고서(일반),삼성전자
20260417000658,20260417,코스닥,파인텍,131760,주식등의대량보유상황보고서(일반),강원일
20260417000650,20260417,코스닥,TJ미디어,032540,주식등의대량보유상황보고서(일반),윤재환
20260417000647,20260417,코스닥,텔콘RF제약,200230,주식등의대량보유상황보고서(일반),뉴온
20260417000630,20260417,코스닥,오픈엣지테크놀로지,394280,주식등의대량보유상황보고서(일반),이성현
20260417000627,20260417,코스닥,에이루트,096690,주식등의대량보유상황보고서(일반),최정임
20260417000626,20260417,코스닥,도이치모터스,067990,주식등의대량보유상황보고서(일반),권오수
20260417000623,20260417,코스닥,티앤알바이오팹,246710,주식등의대량보유상황보고서(일반),윤원수
20260417000618,20260417,코스닥,엑스게이트,356680,주식등의대량보유상황보고서(일반),주갑수
20260417000606,20260417,코스닥,일진파워,094820,주식등의대량보유상황보고서(일반),이광섭
20260417000605,20260417,코스닥,큐리옥스바이오시스템즈,445680,주식등의대량보유상황보고서(일반),김남용
20260417000604,20260417,코스닥,한울반도체,320000,주식등의대량보유상황보고서(일반),한울소재과학
20260417000587,20260417,코스닥,퀄리타스반도체,432720,주식등의대량보유상황보고서(일반),김두호
20260417000582,20260417,코스닥,안국약품,001540,주식등의대량보유상황보고서(일반),어진
20260417000572,20260417,코스피,한솔홀딩스,004150,주식등의대량보유상황보고서(일반),조동길
20260417000564,20260417,코스피,백산,035150,주식등의대량보유상황보고서(일반),김한준
20260417000551,20260417,코스닥,성호전자,043260,주식등의대량보유상황보고서(일반),서룡전자
20260417000545,20260417,코스피,iM금융지주,139130,주식등의대량보유상황보고서(약식),오케이캐피탈
20260417000536,20260417,코스닥,엠케이전자,033160,주식등의대량보유상황보고서(일반),오션비홀딩스
20260417000530,20260417,코스피,에이프로젠,007460,주식등의대량보유상황보고서(일반),지베이스
20260417000516,20260417,코스닥,엑스큐어,070300,주식등의대량보유상황보고서(약식),공경덕
20260417000506,20260417,코스닥,에이스침대,003800,주식등의대량보유상황보고서(일반),안성호
20260417000491,20260417,코스닥,시지트로닉스,429270,주식등의대량보유상황보고서(일반),심규환
20260417000489,20260417,코스피,이노션,214320,주식등의대량보유상황보고서(일반),NHPEAIVHighlightHoldingsAB
20260417000479,20260417,코스피,성창기업지주,000180,주식등의대량보유상황보고서(일반),정해린
20260417000478,20260417,코스피,콜마홀딩스,024720,주식등의대량보유상황보고서(일반),윤상현
20260417000466,20260417,코스피,이월드,084680,주식등의대량보유상황보고서(일반),이랜드월드
20260417000464,20260417,코스피,교촌에프앤비,339770,주식등의대량보유상황보고서(일반),권원강
20260417000459,20260417,코스닥,큐로홀딩스,051780,주식등의대량보유상황보고서(일반),케이파트너스
20260417000453,20260417,코스닥,판타지오,032800,주식등의대량보유상황보고서(일반),아티스트
20260417000444,20260417,코스닥,엘앤케이바이오,156100,주식등의대량보유상황보고서(일반),강국진
20260417000380,20260417,코스닥,압타머사이언스,291650,주식등의대량보유상황보고서(약식),Wellnew&Co.
20260417000307,20260417,코스닥,엑시온그룹,069920,주식등의대량보유상황보고서(약식),초이스엔
20260417000270,20260417,코스닥,와이엠티,251370,주식등의대량보유상황보고서(일반),전성욱
20260417000239,20260417,코스피,신라교역,004970,주식등의대량보유상황보고서(일반),신라홀딩스
20260417000234,20260417,코스피,대양금속,009190,주식등의대량보유상황보고서(일반),디와이엠파트너스
20260417000220,20260417,코스피,금호건설,002990,주식등의대량보유상황보고서(일반),금호고속
20260417000198,20260417,코스닥,파인디앤씨,049120,주식등의대량보유상황보고서(일반),홍성천
20260417000169,20260417,코스피,대한해운,005880,주식등의대량보유상황보고서(일반),에스엠상선
20260417000163,20260417,코스닥,대진첨단소재,393970,주식등의대량보유상황보고서(일반),유성준
20260417000112,20260417,코스닥,에코심플렉스,038870,주식등의대량보유상황보고서(일반),송효순
20260417000053,20260417,코스닥,수성웹툰,084180,주식등의대량보유상황보고서(일반),투믹스홀딩스
20260416000553,20260416,코스피,에이프로젠바이오로직스,003060,주식등의대량보유상황보고서(일반),에이프로젠
20260416000548,20260416,코스닥,엔비알모션,0004V0,주식등의대량보유상황보고서(약식),SBI인베스트먼트
20260416000508,20260416,코스피,삼성E&A,028050,주식등의대량보유상황보고서(약식),인베스코에셋매니지먼트리미티드
20260416000506,20260416,코스닥,남화토건,091590,주식등의대량보유상황보고서(일반),최재훈
20260416000504,20260416,코스닥,민테크,452200,주식등의대량보유상황보고서(일반),홍영진
20260416000498,20260416,코스닥,헥토이노베이션,214180,주식등의대량보유상황보고서(일반),이경민
20260416000494,20260416,코스닥,로젠,033290,주식등의대량보유상황보고서(일반),대명화학
20260416000481,20260416,코스닥,엘앤씨바이오,290650,주식등의대량보유상황보고서(일반),이환철
20260416000473,20260416,코스피,블루산업개발,006740,주식등의대량보유상황보고서(일반),피엠에이조합
20260416000465,20260416,코스피,대원강업,000430,주식등의대량보유상황보고서(일반),현대지에프홀딩스
20260416000463,20260416,코스피,BGF,027410,주식등의대량보유상황보고서(일반),홍석조
20260416000451,20260416,코스닥,와이바이오로직스,338840,주식등의대량보유상황보고서(일반),박영우
20260416000450,20260416,코스닥,삼기에너지솔루션즈,419050,주식등의대량보유상황보고서(약식),지브이에이자산운용
20260416000446,20260416,코스피,대신증권,003540,주식등의대량보유상황보고서(일반),양홍석
20260416000443,20260416,코스닥,화일약품,061250,주식등의대량보유상황보고서(일반),오성첨단소재
20260416000404,20260416,코스닥,대동금속,020400,주식등의대량보유상황보고서(일반),대동
20260416000402,20260416,코스닥,오상자이엘,053980,주식등의대량보유상황보고서(일반),오상
20260416000400,20260416,코스피,현대비앤지스틸,004560,주식등의대량보유상황보고서(일반),현대제철
20260416000395,20260416,코스닥,유티아이,179900,[기재정정]주식등의대량보유상황보고서(일반),박덕영
20260416000384,20260416,코스닥,싸이맥스,160980,주식등의대량보유상황보고서(일반),인지컨트롤스
20260416000371,20260416,코스피,한화,000880,주식등의대량보유상황보고서(일반),김승연
20260416000341,20260416,코스닥,아리바이오홀딩스,290690,주식등의대량보유상황보고서(일반),정재준
20260416000283,20260416,코스닥,제이앤티씨,204270,주식등의대량보유상황보고서(일반),진우엔지니어링
20260416000256,20260416,코스피,DN오토모티브,007340,주식등의대량보유상황보고서(일반),김상헌
20260416000188,20260416,코스피,금호에이치티,214330,주식등의대량보유상황보고서(일반),에코볼트
20260416000156,20260416,코스닥,HLB제넥스,187420,주식등의대량보유상황보고서(일반),HLB
20260416000154,20260416,코스닥,THE E&M,089230,주식등의대량보유상황보고서(약식),선대인경제연구소
20260416000148,20260416,코스닥,남화토건,091590,[기재정정]주식등의대량보유상황보고서(일반),최재훈
20260416000098,20260416,코스닥,파이버프로,368770,주식등의대량보유상황보고서(일반),고연완
20260416000070,20260416,코스피,신성이엔지,011930,주식등의대량보유상황보고서(약식),J.P.MORGANSECURITIESPLC
20260416000051,20260416,코스닥,에프앤가이드,064850,주식등의대량보유상황보고서(약식),BoxHoldingsLP
20260416000047,20260416,코스닥,성우,458650,주식등의대량보유상황보고서(일반),박종헌
20260416000002,20260416,코스닥,HLB펩,196300,주식등의대량보유상황보고서(일반),HLB제넥스
20260415000705,20260416,코스피,삼익THK,004380,주식등의대량보유상황보고서(일반),진영환
20260415000696,20260416,코스피,삼익THK,004380,주식등의대량보유상황보고서(일반),진영환
20260415000680,20260415,코스닥,파인테크닉스,106240,주식등의대량보유상황보고서(일반),성진홀딩스
20260415000659,20260415,코스피,GS건설,006360,주식등의대량보유상황보고서(일반),허창수
20260415000645,20260415,코스닥,모아라이프플러스,142760,주식등의대량보유상황보고서(일반),모아데이타
20260415000623,20260415,코스닥,오비고,352910,주식등의대량보유상황보고서(약식),한국투자파트너스
20260415000605,20260415,코스피,GS건설,006360,[기재정정]주식등의대량보유상황보고서(일반),허창수
20260415000593,20260415,코스닥,디에이치엑스컴퍼니,031860,주식등의대량보유상황보고서(약식),프라임코어
20260415000557,20260415,코스닥,ISC,095340,주식등의대량보유상황보고서(약식),미래에셋자산운용
20260415000547,20260415,코스닥,금양그린파워,282720,주식등의대량보유상황보고서(일반),이윤철
20260415000535,20260415,코스닥,엔켐,348370,주식등의대량보유상황보고서(일반),와이어트그룹
20260415000532,20260415,코스닥,와이지-원,019210,주식등의대량보유상황보고서(일반),송호근
20260415000529,20260415,코스피,신원,009270,주식등의대량보유상황보고서(일반),티앤엠커뮤니케이션즈
20260415000524,20260415,코스닥,사람인,143240,주식등의대량보유상황보고서(일반),다우기술
20260415000509,20260415,코스닥,핀텔,291810,주식등의대량보유상황보고서(일반),김동기
20260415000506,20260415,코스닥,보로노이,310210,주식등의대량보유상황보고서(일반),김현태
20260415000504,20260415,코스닥,푸드나무,290720,주식등의대량보유상황보고서(약식),케이비인베스트먼트
20260415000498,20260415,코스닥,시지트로닉스,429270,주식등의대량보유상황보고서(일반),심규환
20260415000468,20260415,코스피,동방아그로,007590,주식등의대량보유상황보고서(일반),염병만
20260415000458,20260415,코스피,한세실업,105630,주식등의대량보유상황보고서(일반),한세예스24홀딩스
20260415000441,20260415,코스닥,캔버스엔,210120,주식등의대량보유상황보고서(일반),디비투자조합
20260415000438,20260415,코스피,파미셀,005690,주식등의대량보유상황보고서(일반),김현수
20260415000437,20260415,코스닥,이엔셀,456070,주식등의대량보유상황보고서(약식),NH투자증권
20260415000427,20260415,코스닥,쏘닉스,088280,주식등의대량보유상황보고서(약식),우리벤처파트너스
20260415000405,20260415,코스피,전진건설로봇,079900,주식등의대량보유상황보고서(일반),모트렉스
20260415000397,20260415,코스피,프리티,006490,주식등의대량보유상황보고서(일반),KS인더스트리
20260415000384,20260415,코스닥,레이저쎌,412350,주식등의대량보유상황보고서(약식),타이거자산운용투자일임
20260415000383,20260415,코스피,사조대림,003960,주식등의대량보유상황보고서(일반),사조산업
20260415000369,20260415,코스피,사조산업,007160,주식등의대량보유상황보고서(일반),주진우
20260415000368,20260415,코스피,우신시스템,017370,주식등의대량보유상황보고서(일반),허우영
20260415000259,20260415,코스닥,모다이노칩,080420,주식등의대량보유상황보고서(일반),대명화학
20260415000217,20260415,코스닥,에이치엔에스하이텍,044990,주식등의대량보유상황보고서(일반),김정희
20260415000187,20260415,코스닥,피에스케이홀딩스,031980,주식등의대량보유상황보고서(일반),박경수
20260415000186,20260415,코스닥,미코,059090,주식등의대량보유상황보고서(약식),MiriCapitalManagementLLC
20260415000182,20260415,코스닥,아나패스,123860,주식등의대량보유상황보고서(일반),이경호
20260415000158,20260415,코스피,INVENI,015360,주식등의대량보유상황보고서(일반),구자은
20260415000133,20260415,코스피,동성제약,002210,주식등의대량보유상황보고서(일반),유암코제약산업제1호기업재무안정사모투자
20260415000106,20260415,코스닥,아이티아이즈,372800,주식등의대량보유상황보고서(일반),이성남
20260415000046,20260415,코스피,SG세계물산,004060,주식등의대량보유상황보고서(일반),에스지고려
20260415000024,20260415,코스닥,앱코,129890,주식등의대량보유상황보고서(일반),오광근
20260414002731,20260414,코스닥,티로보틱스,117730,주식등의대량보유상황보고서(일반),안승욱
20260414002718,20260414,코스닥,씨티케이,260930,주식등의대량보유상황보고서(일반),정인용
20260414002670,20260414,코스피,에이플러스에셋,244920,주식등의대량보유상황보고서(일반),곽근호
20260414002646,20260414,코스닥,폴라리스세원,234100,주식등의대량보유상황보고서(일반),폴라리스오피스
20260414002619,20260414,코스닥,에이스테크,088800,주식등의대량보유상황보고서(일반),구관영
20260414002599,20260414,코스닥,진영,285800,주식등의대량보유상황보고서(약식),수성자산운용
20260414002594,20260414,코스닥,한울앤제주,276730,주식등의대량보유상황보고서(일반),한울반도체
20260414002573,20260414,코스피,대림바스,005750,주식등의대량보유상황보고서(일반),이해영
20260414002572,20260414,코스닥,SGA솔루션즈,184230,주식등의대량보유상황보고서(일반),에스지에이홀딩스
20260414002549,20260414,코스피,에스엠벡셀,010580,주식등의대량보유상황보고서(일반),에스엠하이플러스
20260414002527,20260414,코스피,SK디스커버리,006120,주식등의대량보유상황보고서(일반),최창원
20260414002502,20260414,코스닥,알엔투테크놀로지,148250,주식등의대량보유상황보고서(약식),티에스1호조합
20260414002497,20260414,코스닥,오상헬스케어,036220,[기재정정]주식등의대량보유상황보고서(일반),오상
20260414002496,20260414,코스피,광동제약,009290,주식등의대량보유상황보고서(일반),최성원
20260414002494,20260414,코스닥,큐브엔터,182360,주식등의대량보유상황보고서(일반),강승곤
20260414002486,20260414,코스닥,파이버프로,368770,주식등의대량보유상황보고서(약식),인터베스트
20260414002442,20260414,코스닥,디엔에프,092070,주식등의대량보유상황보고서(일반),솔브레인
20260414002284,20260414,코스닥,와이즈넛,096250,주식등의대량보유상황보고서(일반),윤여걸
20260414002257,20260414,코스닥,바이넥스,053030,주식등의대량보유상황보고서(일반),더에이블
20260414002243,20260414,코스닥,자이언트스텝,289220,주식등의대량보유상황보고서(일반),하승봉
20260414002136,20260414,코스닥,한주라이트메탈,198940,주식등의대량보유상황보고서(일반),이용진
20260414002134,20260414,코스닥,엘앤케이바이오,156100,주식등의대량보유상황보고서(일반),강국진
20260414002104,20260414,코스피,HS화성,002460,주식등의대량보유상황보고서(약식),경산건설
20260414002102,20260414,코스닥,남화산업,111710,주식등의대량보유상황보고서(일반),최재훈
20260414002074,20260414,코스닥,엠게임,058630,주식등의대량보유상황보고서(일반),손승철
20260414001999,20260414,코스피,고려아연,010130,주식등의대량보유상황보고서(일반),최윤범
20260414001985,20260414,코스닥,제이아이테크,417500,주식등의대량보유상황보고서(일반),함석헌
20260414001982,20260414,코스닥,한라IMS,092460,주식등의대량보유상황보고서(일반),지석준
20260414001962,20260414,코스피,우진,105840,주식등의대량보유상황보고서(일반),이재원
20260414001902,20260414,코스피,화승코퍼레이션,013520,주식등의대량보유상황보고서(일반),현지호
20260414001749,20260414,코스닥,비씨월드제약,200780,[기재정정]주식등의대량보유상황보고서(일반),홍성한
20260414001572,20260414,코스닥,케이엔제이,272110,주식등의대량보유상황보고서(일반),심호섭
20260414001473,20260414,코스닥,모다이노칩,080420,주식등의대량보유상황보고서(일반),대명화학
20260414001434,20260414,코스닥,LSK아이로봇,091970,주식등의대량보유상황보고서(일반),엘에스케이디비
20260414000825,20260414,코스닥,이원컴포텍,088290,주식등의대량보유상황보고서(일반),래인파트너스
20260414000382,20260414,코스피,SG글로벌,001380,주식등의대량보유상황보고서(일반),에스지고려
20260414000334,20260414,코스닥,오르비텍,046120,주식등의대량보유상황보고서(일반),비앤피주성
20260414000244,20260414,코스피,에코프로머티,450080,주식등의대량보유상황보고서(일반),에코프로
20260414000089,20260414,코스닥,앱코,129890,주식등의대량보유상황보고서(일반),오광근
20260414000059,20260414,코스닥,풍원정밀,371950,주식등의대량보유상황보고서(약식),에이오에이-하이 달타냥 투자조합 1호
20260413003222,20260414,코스피,HDC,012630,주식등의대량보유상황보고서(일반),정몽규
20260413003213,20260414,코스닥,스코넥,276040,주식등의대량보유상황보고서(약식),김준수
20260413003187,20260414,코스닥,파버나인,177830,주식등의대량보유상황보고서(약식),수성자산운용
20260413003151,20260413,코스닥,우리넷,115440,주식등의대량보유상황보고서(일반),넷솔루션즈홀딩스
20260413003044,20260413,코스닥,모비릭스,348030,주식등의대량보유상황보고서(약식),네오위즈
20260413002979,20260413,코스닥,인벤티지랩,389470,주식등의대량보유상황보고서(일반),김주희
20260413002966,20260413,코스닥,오비고,352910,주식등의대량보유상황보고서(일반),장영준
20260413002952,20260413,코스피,SK,034730,주식등의대량보유상황보고서(일반),최태원
20260413002934,20260413,코스피,삼성전자,005930,주식등의대량보유상황보고서(일반),삼성물산
20260413002920,20260413,코스피,솔루엠,248070,주식등의대량보유상황보고서(일반),전성호
20260413002796,20260413,코스피,엘에스일렉트릭,010120,주식등의대량보유상황보고서(일반),LS
20260413002775,20260413,코스닥,위메이드,112040,주식등의대량보유상황보고서(일반),박관호
20260413002753,20260413,코스닥,서진시스템,178320,주식등의대량보유상황보고서(일반),전동규
20260413002729,20260413,코스피,솔루엠,248070,주식등의대량보유상황보고서(일반),얼라인파트너스자산운용
20260413002697,20260413,코스피,한솔케미칼,014680,주식등의대량보유상황보고서(일반),조동혁
20260413002674,20260413,코스닥,디와이디,219550,주식등의대량보유상황보고서(일반),OULANGETRADELIMITED
20260413002662,20260413,코스피,에이플러스에셋,244920,주식등의대량보유상황보고서(일반),얼라인파트너스자산운용
20260413002586,20260413,코스닥,디와이디,219550,주식등의대량보유상황보고서(약식),에스비원 1호조합
20260413002548,20260413,코스닥,아이엠티,451220,주식등의대량보유상황보고서(약식),에이원자산운용
20260413002456,20260413,코스피,SK이터닉스,475150,[기재정정]주식등의대량보유상황보고서(일반),SK디스커버리
20260413002412,20260413,코스닥,레이저옵텍,199550,주식등의대량보유상황보고서(일반),주홍
20260413002362,20260413,코스피,대덕전자,353200,주식등의대량보유상황보고서(일반),대덕
20260413002361,20260413,코스닥,인산가,277410,주식등의대량보유상황보고서(일반),김윤세
20260413002283,20260413,코스피,참엔지니어링,009310,주식등의대량보유상황보고서(일반),에이치비홀딩스그룹
20260413002260,20260413,코스닥,대성하이텍,129920,주식등의대량보유상황보고서(일반),최호형
20260413002156,20260413,코스닥,에스에스알,275630,주식등의대량보유상황보고서(일반),지란지교시큐리티
20260413002023,20260413,코스닥,모아데이타,288980,주식등의대량보유상황보고서(약식),브룩필드1호투자조합
20260413001924,20260413,코스피,TYM,002900,주식등의대량보유상황보고서(일반),김식
20260413001839,20260413,코스닥,웨이비스,289930,주식등의대량보유상황보고서(약식),MORGANSTANLEY&COINTLPLC
20260413001812,20260413,코스닥,아시아경제,127710,주식등의대량보유상황보고서(일반),올인이룸
20260413001698,20260413,코스닥,코어라인소프트,384470,주식등의대량보유상황보고서(일반),김진국
20260413001384,20260413,코스피,남성,004270,주식등의대량보유상황보고서(일반),윤성호
20260413001339,20260413,코스피,남성,004270,주식등의대량보유상황보고서(일반),윤남철
20260413001147,20260413,코스피,신라교역,004970,주식등의대량보유상황보고서(일반),신라홀딩스
20260413001104,20260413,코스닥,에이팩트,200470,주식등의대량보유상황보고서(일반),뮤츄얼그로우쓰
20260413000876,20260413,코스닥,큐로셀,372320,주식등의대량보유상황보고서(일반),김건수
20260413000557,20260413,코스닥,에이직랜드,445090,주식등의대량보유상황보고서(약식),장성식
20260413000517,20260413,코스닥,파버나인,177830,주식등의대량보유상황보고서(약식),에스피자산운용
20260413000158,20260413,코스닥,루닛,328130,주식등의대량보유상황보고서(일반),백승욱
20260413000123,20260413,코스닥,아이엠티,451220,주식등의대량보유상황보고서(약식),씨스퀘어자산운용
20260410003735,20260413,코스닥,에이팩트,200470,주식등의대량보유상황보고서(일반),다이내믹그로우쓰
20260410003683,20260410,코스피,신성이엔지,011930,주식등의대량보유상황보고서(약식),J.P.MORGANSECURITIESPLC
20260410003670,20260410,코스피,한솔홈데코,025750,주식등의대량보유상황보고서(일반),한솔홀딩스
20260410003664,20260410,코스피,롯데관광개발,032350,주식등의대량보유상황보고서(일반),김기병
20260410003658,20260410,코스닥,알지노믹스,476830,주식등의대량보유상황보고서(일반),이성욱
20260410003652,20260410,코스닥,KG이니시스,035600,주식등의대량보유상황보고서(일반),KG케미칼
20260410003592,20260410,코스닥,화일약품,061250,주식등의대량보유상황보고서(일반),오성첨단소재
20260410003590,20260410,코스닥,디와이디,219550,주식등의대량보유상황보고서(약식),디에이치조합
20260410003583,20260410,코스닥,지에프아이,493330,주식등의대량보유상황보고서(약식),비엔케이 안전 신기술투자조합 제2호
20260410003563,20260410,코스닥,한텍,098070,주식등의대량보유상황보고서(약식),대신-헤임달 신기술투자조합 제1호
20260410003534,20260410,코스닥,메쥬,0088M0,주식등의대량보유상황보고서(일반),박정환
20260410003530,20260410,코스닥,애드바이오텍,179530,주식등의대량보유상황보고서(약식),에스파시오조합
20260410003522,20260410,코스피,풍산홀딩스,005810,주식등의대량보유상황보고서(약식),브이아이피자산운용
20260410003521,20260410,코스닥,한울소재과학,091440,주식등의대량보유상황보고서(약식),해리슨투자조합1호
20260410003485,20260410,코스닥,오늘이엔엠,192410,주식등의대량보유상황보고서(약식),휴림로봇
20260410003480,20260410,코스닥,한울반도체,320000,주식등의대량보유상황보고서(일반),한울소재과학
20260410003445,20260410,코스피,KB스타리츠,432320,주식등의대량보유상황보고서(약식),케이비증권
20260410003426,20260410,코스닥,한선엔지니어링,452280,주식등의대량보유상황보고서(약식),대신증권
20260410003345,20260410,코스닥,오늘이엔엠,192410,주식등의대량보유상황보고서(일반),오늘바이오
20260410003331,20260410,코스피,유나이티드,033270,주식등의대량보유상황보고서(일반),강덕영
20260410003326,20260410,코스닥,DXVX,180400,주식등의대량보유상황보고서(일반),임종윤
20260410003284,20260410,코스피,코리안리,003690,주식등의대량보유상황보고서(약식),신영증권
20260410003228,20260410,코스닥,기가레인,049080,주식등의대량보유상황보고서(일반),에스지에이스
20260410003225,20260410,코스닥,셀트리온제약,068760,주식등의대량보유상황보고서(일반),셀트리온
20260410003224,20260410,코스닥,도이치모터스,067990,주식등의대량보유상황보고서(일반),권오수
20260410003205,20260410,코스닥,원텍,336570,주식등의대량보유상황보고서(일반),김종원
20260410003136,20260410,코스닥,APS,054620,주식등의대량보유상황보고서(약식),네오솔루션즈
20260410003083,20260410,코스닥,엑스큐어,070300,주식등의대량보유상황보고서(약식),하이츠투자조합
20260410003062,20260410,코스닥,케이이엠텍,106080,주식등의대량보유상황보고서(약식),상상인저축은행
20260410003042,20260410,코스닥,우리기술투자,041190,주식등의대량보유상황보고서(일반),이완근
20260410003026,20260410,코스닥,동화기업,025900,주식등의대량보유상황보고서(일반),"DONGWHAINTERNATIONALCO.,LTD"
20260410003004,20260410,코스피,동성제약,002210,주식등의대량보유상황보고서(약식),상상인저축은행
20260410002997,20260410,코스피,대호에이엘,069460,주식등의대량보유상황보고서(약식),상상인저축은행
20260410002970,20260410,코스닥,유니테스트,086390,주식등의대량보유상황보고서(약식),브이아이피자산운용
20260410002967,20260410,코스피,우성머티리얼스,011300,주식등의대량보유상황보고서(약식),상상인저축은행
20260410002955,20260410,코스닥,에코글로우,159910,주식등의대량보유상황보고서(일반),더편한
20260410002953,20260410,코스닥,글로벌텍스프리,204620,주식등의대량보유상황보고서(약식),브이아이피자산운용
20260410002950,20260410,코스닥,수성웹툰,084180,주식등의대량보유상황보고서(일반),투믹스홀딩스
20260410002929,20260410,코스닥,티쓰리,204610,주식등의대량보유상황보고서(약식),브이아이피자산운용
20260410002918,20260410,코스닥,마이크로컨텍솔,098120,주식등의대량보유상황보고서(약식),에셋플러스자산운용
20260410002894,20260410,코스닥,청보,013720,주식등의대량보유상황보고서(약식),이니텍
20260410002887,20260410,코스닥,메카로,241770,주식등의대량보유상황보고서(일반),이재정
20260410002876,20260410,코스닥,아시아경제,127710,주식등의대량보유상황보고서(약식),에스티 41호 신기술투자조합
20260410002830,20260410,코스닥,에코프로,086520,주식등의대량보유상황보고서(일반),이동채
20260410002794,20260410,코스피,교촌에프앤비,339770,주식등의대량보유상황보고서(일반),권원강
20260410002781,20260410,코스닥,케이엔제이,272110,주식등의대량보유상황보고서(약식),에셋플러스자산운용
20260410002747,20260410,코스피,효성티앤씨,298020,주식등의대량보유상황보고서(일반),효성
20260410002741,20260410,코스닥,링네트,042500,주식등의대량보유상황보고서(일반),이주석
20260410002735,20260410,코스피,LX인터내셔널,001120,주식등의대량보유상황보고서(약식),한화자산운용
20260410002655,20260410,코스닥,엑스플러스,373200,주식등의대량보유상황보고서(일반),엑스페릭스
20260410002601,20260410,코스피,디아이동일,001530,주식등의대량보유상황보고서(일반),정헌재단
20260410002307,20260410,코스닥,아이텍,119830,주식등의대량보유상황보고서(약식),컴파-키움 OSAT 신기술사업투자조합
20260410002238,20260410,코스피,코스모신소재,005070,주식등의대량보유상황보고서(일반),코스모화학
20260410002224,20260410,코스닥,리메드,302550,주식등의대량보유상황보고서(일반),이근용
20260410002196,20260410,코스닥,라온텍,418420,주식등의대량보유상황보고서(일반),김보은
20260410002110,20260410,코스피,솔루엠,248070,주식등의대량보유상황보고서(일반),전성호
20260410002032,20260410,코스닥,알파AI,043100,주식등의대량보유상황보고서(약식),김일
20260410001739,20260410,코스닥,지에프씨생명과학,388610,주식등의대량보유상황보고서(일반),강희철
20260410001636,20260410,코스닥,케어젠,214370,주식등의대량보유상황보고서(일반),정용지
20260410001198,20260410,코스닥,세니젠,188260,주식등의대량보유상황보고서(약식),디티앤인베스트먼트
20260410001071,20260410,코스닥,아이디피,332370,주식등의대량보유상황보고서(일반),아이디스홀딩스
20260410001069,20260410,코스닥,아이디스,143160,주식등의대량보유상황보고서(일반),아이디스홀딩스
20260410000913,20260410,코스닥,미트박스,475460,주식등의대량보유상황보고서(약식),박진호
20260410000873,20260410,코스피,LIG디펜스앤에어로스페이스,079550,주식등의대량보유상황보고서(약식),ArtisanPartnersLimitedPartnership
20260410000517,20260410,코스피,DS단석,017860,주식등의대량보유상황보고서(일반),한승욱
20260410000286,20260410,코스닥,보원케미칼,0010F0,주식등의대량보유상황보고서(약식),카이케이빅(KAI-KVIC) 점프업투자조합
20260410000129,20260410,코스닥,피노,033790,주식등의대량보유상황보고서(일반),EarnWideInternationalLimited
20260410000080,20260410,코스닥,앱코,129890,주식등의대량보유상황보고서(일반),오광근
20260410000074,20260410,코스닥,보원케미칼,0010F0,주식등의대량보유상황보고서(약식),BNK투자증권
20260409003171,20260410,코스피,KSS해운,044450,주식등의대량보유상황보고서(약식),한국투자신탁운용
20260409003162,20260410,코스피,세아제강지주,003030,주식등의대량보유상황보고서(약식),한국투자신탁운용
20260409003153,20260409,코스닥,위메이드플레이,123420,주식등의대량보유상황보고서(일반),위메이드
20260409003143,20260409,코스닥,위메이드플레이,123420,주식등의대량보유상황보고서(일반),위믹스코리아
20260409003119,20260409,코스닥,모아라이프플러스,142760,주식등의대량보유상황보고서(일반),모아데이타
20260409003107,20260409,코스닥,엠젠솔루션,032790,주식등의대량보유상황보고서(약식),그라쎈신소재
20260409003098,20260409,코스닥,대명에너지,389260,주식등의대량보유상황보고서(약식),에코그린
20260409003082,20260409,코스피,GS건설,006360,주식등의대량보유상황보고서(일반),허창수
20260409003075,20260409,코스닥,엠젠솔루션,032790,주식등의대량보유상황보고서(약식),최은경
20260409003004,20260409,코스피,STX그린로지스,465770,주식등의대량보유상황보고서(일반),에이피씨머큐리
20260409002979,20260409,코스닥,성호전자,043260,주식등의대량보유상황보고서(일반),서룡전자
20260409002954,20260409,코스닥,유아이엘,049520,주식등의대량보유상황보고서(일반),유아이엘홀딩스
20260409002937,20260409,코스닥,비보존 제약,082800,주식등의대량보유상황보고서(일반),비보존홀딩스
20260409002936,20260409,코스닥,보원케미칼,0010F0,주식등의대량보유상황보고서(약식),DSC인베스트먼트
20260409002899,20260409,코스피,다올투자증권,030210,주식등의대량보유상황보고서(일반),이병철
20260409002889,20260409,코스피,유니드비티플러스,446070,주식등의대량보유상황보고서(일반),유니드글로벌상사
20260409002883,20260409,코스피,미래에셋생명,085620,주식등의대량보유상황보고서(일반),미래에셋증권
20260409002814,20260409,코스닥,세종텔레콤,036630,주식등의대량보유상황보고서(일반),세종
20260409002803,20260409,코스닥,흥구석유,024060,주식등의대량보유상황보고서(약식),한국증권금융
20260409002799,20260409,코스닥,KBI메탈,024840,주식등의대량보유상황보고서(약식),한국증권금융
20260409002798,20260409,코스닥,지투파워,388050,주식등의대량보유상황보고서(약식),한국증권금융
20260409002797,20260409,코스닥,퓨런티어,370090,주식등의대량보유상황보고서(약식),한국증권금융
20260409002795,20260409,코스닥,에이프릴바이오,397030,주식등의대량보유상황보고서(약식),한국증권금융
20260409002793,20260409,코스닥,와이제이링크,209640,주식등의대량보유상황보고서(약식),한국증권금융
20260409002789,20260409,코스닥,엘티씨,170920,주식등의대량보유상황보고서(약식),한국증권금융
20260409002783,20260409,코스닥,에스와이스틸텍,365330,주식등의대량보유상황보고서(약식),한국증권금융
20260409002782,20260409,코스닥,아이텍,119830,주식등의대량보유상황보고서(약식),한국증권금융
20260409002779,20260409,코스닥,세명전기,017510,주식등의대량보유상황보고서(약식),한국증권금융
20260409002776,20260409,코스닥,보성파워텍,006910,주식등의대량보유상황보고서(약식),한국증권금융
20260409002773,20260409,코스닥,대모,317850,주식등의대량보유상황보고서(약식),한국증권금융
20260409002769,20260409,코스닥,핑거,163730,주식등의대량보유상황보고서(약식),한국증권금융
20260409002767,20260409,코스닥,제주반도체,080220,주식등의대량보유상황보고서(약식),한국증권금융
20260409002762,20260409,코스닥,일진파워,094820,주식등의대량보유상황보고서(약식),한국증권금융
20260409002759,20260409,코스닥,M83,476080,주식등의대량보유상황보고서(약식),한국증권금융
20260409002758,20260409,코스닥,쎄크,081180,주식등의대량보유상황보고서(약식),한국증권금융
20260409002757,20260409,코스닥,셀바스헬스케어,208370,주식등의대량보유상황보고서(약식),한국증권금융
20260409002753,20260409,코스닥,바이오스마트,038460,주식등의대량보유상황보고서(약식),한국증권금융
20260409002750,20260409,코스닥,미투온,201490,주식등의대량보유상황보고서(약식),한국증권금융
20260409002748,20260409,코스닥,동운아나텍,094170,주식등의대량보유상황보고서(약식),한국증권금융
20260409002736,20260409,코스피,미래산업,025560,주식등의대량보유상황보고서(일반),넥스턴앤롤코리아
20260409002713,20260409,코스닥,와이지-원,019210,주식등의대량보유상황보고서(일반),송호근
20260409002704,20260409,코스닥,원풍,008370,주식등의대량보유상황보고서(약식),김용재
20260409002665,20260409,코스피,SK디스커버리,006120,주식등의대량보유상황보고서(일반),최창원
20260409002655,20260409,코스닥,보원케미칼,0010F0,주식등의대량보유상황보고서(일반),허찬회
20260409002608,20260409,코스닥,더블유에스아이,299170,주식등의대량보유상황보고서(약식),한국증권금융
20260409002606,20260409,코스닥,에이직랜드,445090,주식등의대량보유상황보고서(일반),이종민
20260409002603,20260409,코스닥,다날,064260,주식등의대량보유상황보고서(약식),한국증권금융
20260409002588,20260409,코스피,부국증권,001270,주식등의대량보유상황보고서(일반),김중건
20260409002584,20260409,코스피,DL이앤씨,375500,주식등의대량보유상황보고서(약식),"KopernikGlobalInvestors,LLC"
20260409002583,20260409,코스피,한국전자홀딩스,006200,주식등의대량보유상황보고서(약식),시너지투자자문
20260409002575,20260409,코스피,KB스타리츠,432320,주식등의대량보유상황보고서(약식),지브이에이자산운용
20260409002568,20260409,코스닥,젠큐릭스,229000,주식등의대량보유상황보고서(일반),조상래
20260409002494,20260409,코스닥,한스바이오메드,042520,주식등의대량보유상황보고서(약식),네오영
20260409002467,20260409,코스닥,다보링크,340360,주식등의대량보유상황보고서(일반),테라사이언스
20260409002405,20260409,코스피,비에이치,090460,주식등의대량보유상황보고서(약식),MORGANSTANLEY&COINTLPLC
20260409002392,20260409,코스피,미스토홀딩스,081660,주식등의대량보유상황보고서(약식),MORGANSTANLEY&COINTLPLC
20260409002371,20260409,코스피,서흥,008490,주식등의대량보유상황보고서(약식),우승환
20260409002368,20260409,코스닥,지구홀딩스,221800,주식등의대량보유상황보고서(일반),이재웅
20260409002316,20260409,코스닥,인벤테라,0007J0,주식등의대량보유상황보고서(일반),신태현
20260409002313,20260409,코스피,미스토홀딩스,081660,주식등의대량보유상황보고서(일반),피에몬테
20260409002300,20260409,코스닥,녹십자웰빙,234690,주식등의대량보유상황보고서(일반),포휴먼라이프웰빙1호사모투자
20260409002278,20260409,코스피,한솔제지,213500,주식등의대량보유상황보고서(일반),한솔홀딩스
20260409002253,20260409,코스닥,루닛,328130,주식등의대량보유상황보고서(약식),삼성자산운용
20260409002234,20260409,코스피,LX세미콘,108320,주식등의대량보유상황보고서(약식),삼성자산운용
20260409002215,20260409,코스닥,노머스,473980,주식등의대량보유상황보고서(약식),타이거자산운용투자일임
20260409002206,20260409,코스피,한샘,009240,주식등의대량보유상황보고서(약식),"TetonCapitalPartners,L.P."
20260409002205,20260409,코스피,DB하이텍,000990,주식등의대량보유상황보고서(약식),삼성자산운용
20260409002195,20260409,코스닥,오스코텍,039200,주식등의대량보유상황보고서(약식),타이거자산운용투자일임
20260409002183,20260409,코스피,한신공영,004960,주식등의대량보유상황보고서(약식),타이거자산운용투자일임
20260409002178,20260409,코스닥,알지노믹스,476830,주식등의대량보유상황보고서(약식),한국산업은행
20260409002062,20260409,코스닥,위세아이텍,065370,주식등의대량보유상황보고서(일반),김다산
20260409002030,20260409,코스닥,에프알텍,073540,주식등의대량보유상황보고서(약식),김대용
20260409002021,20260409,코스닥,케이엠제약,225430,주식등의대량보유상황보고서(일반),강일모
20260409002017,20260409,코스피,동국씨엠,460850,주식등의대량보유상황보고서(일반),동국홀딩스
20260409001973,20260409,코스피,유니드,014830,주식등의대량보유상황보고서(일반),유니드글로벌상사
20260409001931,20260409,코스닥,포메탈,119500,주식등의대량보유상황보고서(일반),오세원
20260409001881,20260409,코스피,동국제강,460860,주식등의대량보유상황보고서(일반),동국홀딩스
20260409001776,20260409,코스닥,티에스이,131290,주식등의대량보유상황보고서(일반),권상준
20260409001683,20260409,코스닥,누리플렉스,040160,주식등의대량보유상황보고서(일반),NuriFlexHoldingsINC
20260409001501,20260409,코스닥,보원케미칼,0010F0,주식등의대량보유상황보고서(약식),한국벤처투자
20260409001474,20260409,코스피,미래아이앤지,007120,주식등의대량보유상황보고서(일반),스텔라이노베이션투자목적회사
20260409001280,20260409,코스피,코람코라이프인프라리츠,357120,주식등의대량보유상황보고서(약식),이지스자산운용
20260409001274,20260409,코스피,금호에이치티,214330,주식등의대량보유상황보고서(일반),에코볼트
20260409001261,20260409,코스피,SK리츠,395400,주식등의대량보유상황보고서(약식),이지스자산운용
20260409001243,20260409,코스피,NH프라임리츠,338100,주식등의대량보유상황보고서(약식),이지스자산운용
20260409001177,20260409,코스피,코람코라이프인프라리츠,357120,주식등의대량보유상황보고서(약식),코람코자산운용
20260409001170,20260409,코스피,코람코더원리츠,417310,주식등의대량보유상황보고서(약식),코람코자산운용
20260409001161,20260409,코스피,미래에셋글로벌리츠,396690,주식등의대량보유상황보고서(약식),코람코자산운용
20260409001070,20260409,코스닥,인벤테라,0007J0,주식등의대량보유상황보고서(약식),라이트팜텍
20260409000967,20260409,코스피,알루코,001780,주식등의대량보유상황보고서(일반),케이피티유
20260409000565,20260409,코스닥,유진기업,023410,주식등의대량보유상황보고서(일반),유경선
20260409000142,20260409,코스닥,엠케이전자,033160,주식등의대량보유상황보고서(약식),한국채권투자운용
20260408003466,20260409,코스닥,티앤엘,340570,주식등의대량보유상황보고서(일반),최윤소
20260408003452,20260409,코스닥,알에프텍,061040,주식등의대량보유상황보고서(약식),시너지아이비투자
20260408003362,20260408,코스닥,알엔투테크놀로지,148250,주식등의대량보유상황보고서(일반),크로스1호조합
20260408003346,20260408,코스닥,레이,228670,주식등의대량보유상황보고서(일반),메가젠임플란트
20260408003342,20260408,코스닥,한텍,098070,주식등의대량보유상황보고서(약식),지브이에이자산운용
20260408003333,20260408,코스닥,아틀라스링크,297570,주식등의대량보유상황보고서(일반),신정관
20260408003332,20260408,코스닥,웨이비스,289930,주식등의대량보유상황보고서(약식),에스티엘제15호사모투자
20260408003297,20260408,코스피,덴티움,145720,주식등의대량보유상황보고서(일반),얼라인파트너스자산운용
20260408003264,20260408,코스닥,한국알콜,017890,주식등의대량보유상황보고서(약식),MiriCapitalManagementLLC
20260408003162,20260408,코스닥,비투엔,307870,주식등의대량보유상황보고서(일반),스트레지 1호 조합
20260408003151,20260408,코스피,에코프로머티,450080,주식등의대량보유상황보고서(일반),"BRVLOTUSGROWTHFUND2015,L.P."
20260408003092,20260408,코스닥,한울반도체,320000,주식등의대량보유상황보고서(약식),제이케이(JK)신기술투자조합제7호
20260408002987,20260408,코스닥,오이솔루션,138080,주식등의대량보유상황보고서(일반),박찬
20260408002984,20260408,코스닥,진바이오텍,086060,주식등의대량보유상황보고서(일반),김성호
20260408002917,20260408,코스피,미원화학,134380,주식등의대량보유상황보고서(일반),김정돈
20260408002914,20260408,코스닥,네패스,033640,주식등의대량보유상황보고서(일반),이창우
20260408002854,20260408,코스닥,이노진,344860,주식등의대량보유상황보고서(일반),ANTONIUS RACHMAT SOELISTYO
20260408002810,20260408,코스닥,넵튠,217270,주식등의대량보유상황보고서(일반),크래프톤
20260408002805,20260408,코스닥,서진시스템,178320,주식등의대량보유상황보고서(약식),네오솔루션즈
20260408002803,20260408,코스피,한화오션,042660,주식등의대량보유상황보고서(일반),한화에어로스페이스
20260408002794,20260408,코스피,에스엠벡셀,010580,주식등의대량보유상황보고서(일반),에스엠하이플러스
20260408002751,20260408,코스닥,교보20호스팩,0132G0,주식등의대량보유상황보고서(일반),골드스톤파트너스
20260408002685,20260408,코스닥,인벤테라,0007J0,주식등의대량보유상황보고서(약식),우리벤처파트너스
20260408002668,20260408,코스닥,드림어스컴퍼니,060570,주식등의대량보유상황보고서(일반),SK스퀘어
20260408002633,20260408,코스피,현대해상,001450,주식등의대량보유상황보고서(일반),정몽윤
20260408002606,20260408,코스피,콘텐트리중앙,036420,주식등의대량보유상황보고서(일반),중앙피앤아이
20260408002604,20260408,코스닥,루트K,195990,주식등의대량보유상황보고서(일반),리턴즈
20260408002555,20260408,코스피,금호에이치티,214330,주식등의대량보유상황보고서(일반),에코볼트
20260408002321,20260408,코스닥,비투엔,307870,주식등의대량보유상황보고서(약식),마르스엘피1호
20260408001892,20260408,코스피,한화엔진,082740,주식등의대량보유상황보고서(일반),한화임팩트
20260408001886,20260408,코스닥,바이오에프디엔씨,251120,주식등의대량보유상황보고서(일반),모상현
20260408001796,20260408,코스닥,지에프씨생명과학,388610,주식등의대량보유상황보고서(일반),강희철
20260408001727,20260408,코스피,KB스타리츠,432320,주식등의대량보유상황보고서(약식),코람코주택도시기금위탁관리부동산투자회사
20260408001710,20260408,코스닥,CSA 코스믹,083660,주식등의대량보유상황보고서(약식),카노히
20260408001324,20260408,코스피,신라교역,004970,주식등의대량보유상황보고서(일반),신라홀딩스
20260408000948,20260408,코스닥,대동스틸,048470,주식등의대량보유상황보고서(일반),임형기
20260408000847,20260408,코스닥,브이원텍,251630,주식등의대량보유상황보고서(일반),김선중
20260408000704,20260408,코스닥,코셈,360350,주식등의대량보유상황보고서(일반),이준희
20260408000205,20260408,코스피,코오롱인더,120110,주식등의대량보유상황보고서(일반),코오롱
20260407003650,20260408,코스닥,금양그린파워,282720,주식등의대량보유상황보고서(일반),이윤철
20260407003590,20260407,코스닥,알테오젠,196170,주식등의대량보유상황보고서(일반),박순재
20260407003555,20260407,코스닥,소프트캠프,258790,주식등의대량보유상황보고서(일반),배환국
20260407003510,20260407,코스닥,제이스코홀딩스,023440,주식등의대량보유상황보고서(일반),캐디언스시스템
20260407003492,20260407,코스닥,리센스메디컬,394420,주식등의대량보유상황보고서(일반),김건호
20260407003477,20260407,코스닥,파라텍,033540,주식등의대량보유상황보고서(약식),창원기전
20260407003461,20260407,코스닥,엔지켐생명과학,183490,주식등의대량보유상황보고서(일반),브리짓라이프사이언스
20260407003455,20260407,코스닥,탑머티리얼,360070,주식등의대량보유상황보고서(일반),코윈테크
20260407003447,20260407,코스닥,피아이이,452450,주식등의대량보유상황보고서(일반),최정일
20260407003426,20260407,코스피,SK오션플랜트,100090,주식등의대량보유상황보고서(일반),송무석
20260407003414,20260407,코스피,아세아시멘트,183190,주식등의대량보유상황보고서(약식),브이아이피자산운용
20260407003397,20260407,코스닥,네오크레마,311390,주식등의대량보유상황보고서(일반),아시아홀딩컴퍼니
20260407003395,20260407,코스닥,유니크,011320,주식등의대량보유상황보고서(약식),안정구
20260407003394,20260407,코스피,케이씨,029460,주식등의대량보유상황보고서(일반),고석태
20260407003385,20260407,코스피,화인베스틸,133820,주식등의대량보유상황보고서(일반),화인인터내셔날
20260407003367,20260407,코스닥,탑머티리얼,360070,주식등의대량보유상황보고서(일반),노환진
20260407003319,20260407,코스닥,바디텍메드,206640,주식등의대량보유상황보고서(일반),최의열
20260407003315,20260407,코스닥,피노,033790,주식등의대량보유상황보고서(약식),ATGlobalInvestorsMasterFundVCC-AlphaKoreaEquityFund
20260407003313,20260407,코스피,KTis,058860,주식등의대량보유상황보고서(일반),케이티
20260407003305,20260407,코스닥,미코,059090,[기재정정]주식등의대량보유상황보고서(일반),전선규
20260407003300,20260407,코스닥,코나아이,052400,주식등의대량보유상황보고서(일반),조정일
20260407003295,20260407,코스닥,대성하이텍,129920,주식등의대량보유상황보고서(약식),펄프로젝트제1호사모투자
20260407003267,20260407,코스닥,인벤테라,0007J0,주식등의대량보유상황보고서(약식),유안타케이바이오백신블록버스터사모투자
20260407003263,20260407,코스피,KR모터스,000040,주식등의대량보유상황보고서(약식),상상인저축은행
20260407003261,20260407,코스닥,리브스메드,491000,주식등의대량보유상황보고서(일반),원익뉴그로쓰2018사모투자
20260407003153,20260407,코스닥,온코크로스,382150,주식등의대량보유상황보고서(일반),김이랑
20260407003115,20260407,코스피,대동,000490,주식등의대량보유상황보고서(일반),김준식
20260407003092,20260407,코스피,한화손해보험,000370,주식등의대량보유상황보고서(일반),한화생명
20260407003088,20260407,코스피,JW생명과학,234080,주식등의대량보유상황보고서(약식),FILLIMITED
20260407003058,20260407,코스닥,녹십자웰빙,234690,주식등의대량보유상황보고서(일반),녹십자홀딩스
20260407003044,20260407,코스피,성창기업지주,000180,주식등의대량보유상황보고서(일반),정해린
20260407003039,20260407,코스닥,저스템,417840,주식등의대량보유상황보고서(일반),임영진
20260407003029,20260407,코스닥,휴림로봇,090710,주식등의대량보유상황보고서(일반),휴림홀딩스
20260407003005,20260407,코스피,케이카,381970,주식등의대량보유상황보고서(일반),KG스틸
20260407002932,20260407,코스피,한화생명,088350,주식등의대량보유상황보고서(일반),한화
20260407002930,20260407,코스닥,툴젠,199800,[기재정정]주식등의대량보유상황보고서(일반),제넥신
20260407002908,20260407,코스닥,녹십자웰빙,234690,주식등의대량보유상황보고서(일반),녹십자
20260407002881,20260407,코스닥,리센스메디컬,394420,주식등의대량보유상황보고서(약식),케이비증권
20260407002876,20260407,코스닥,리센스메디컬,394420,[기재정정]주식등의대량보유상황보고서(약식),BNK투자증권
20260407002862,20260407,코스피,KR모터스,000040,주식등의대량보유상황보고서(일반),오세영
20260407002860,20260407,코스닥,흥국에프엔비,189980,주식등의대량보유상황보고서(일반),오길영
20260407002858,20260407,코스닥,툴젠,199800,주식등의대량보유상황보고서(일반),제넥신
20260407002821,20260407,코스피,아이에스동서,010780,주식등의대량보유상황보고서(일반),권혁운
20260407002817,20260407,코스닥,넥스턴앤롤코리아,089140,주식등의대량보유상황보고서(일반),로아앤코홀딩스
20260407002807,20260407,코스피,SK이터닉스,475150,주식등의대량보유상황보고서(일반),SK디스커버리
20260407002806,20260407,코스피,금호석유화학,011780,주식등의대량보유상황보고서(일반),박찬구
20260407002803,20260407,코스닥,엑사이엔씨,054940,주식등의대량보유상황보고서(일반),구자극
20260407002793,20260407,코스닥,SFA,056190,주식등의대량보유상황보고서(일반),디와이홀딩스
20260407002755,20260407,코스닥,E8,418620,주식등의대량보유상황보고서(일반),김진현
20260407002739,20260407,코스닥,피노,033790,주식등의대량보유상황보고서(약식),삼성SDI
20260407002733,20260407,코스피,비비안,002070,주식등의대량보유상황보고서(일반),김영훈
20260407002709,20260407,코스닥,딥노이드,315640,주식등의대량보유상황보고서(약식),김태규
20260407002696,20260407,코스피,코오롱글로벌,003070,주식등의대량보유상황보고서(일반),코오롱
20260407002688,20260407,코스피,종근당,185750,주식등의대량보유상황보고서(일반),이장한
20260407002655,20260407,코스닥,딥노이드,315640,주식등의대량보유상황보고서(일반),최우식
20260407002648,20260407,코스피,SNT에너지,100840,주식등의대량보유상황보고서(일반),SNT홀딩스
20260407002584,20260407,코스피,기아,000270,주식등의대량보유상황보고서(일반),현대자동차
20260407002579,20260407,코스피,현대자동차,005380,주식등의대량보유상황보고서(일반),현대모비스
20260407002554,20260407,코스닥,지엔코,065060,주식등의대량보유상황보고서(일반),크레오에스지
20260407002523,20260407,코스닥,피노,033790,주식등의대량보유상황보고서(약식),"ShuhuayiTechnologyCo.,Limited"
20260407002332,20260407,코스닥,우리바이오,082850,주식등의대량보유상황보고서(일반),우리엔터프라이즈
20260407002320,20260407,코스피,SK이터닉스,475150,주식등의대량보유상황보고서(일반),이클립스
20260407002188,20260407,코스피,SK이터닉스,475150,주식등의대량보유상황보고서(일반),ECLIPSEHOLDCOL.P.
20260407002147,20260407,코스닥,진시스템,363250,주식등의대량보유상황보고서(일반),에이치투자조합
20260407002140,20260407,코스닥,진시스템,363250,주식등의대량보유상황보고서(일반),서유진
20260407002098,20260407,코스피,신흥,004080,주식등의대량보유상황보고서(일반),이용익
20260407002017,20260407,코스닥,리센스메디컬,394420,주식등의대량보유상황보고서(약식),BNK투자증권
20260407001945,20260407,코스닥,셀로맥스사이언스,471820,주식등의대량보유상황보고서(일반),서정민
20260407001772,20260407,코스닥,유바이오로직스,206650,주식등의대량보유상황보고서(일반),바이오노트
20260407001617,20260407,코스닥,TS트릴리온,317240,주식등의대량보유상황보고서(일반),알이에스
20260407001554,20260407,코스닥,리센스메디컬,394420,주식등의대량보유상황보고서(약식),스틱벤처스
20260407001552,20260407,코스닥,인벤테라,0007J0,주식등의대량보유상황보고서(약식),메디톡스벤처투자
20260407001353,20260407,코스피,SK디스커버리,006120,주식등의대량보유상황보고서(일반),최창원
20260407001173,20260407,코스닥,이노인스트루먼트,215790,주식등의대량보유상황보고서(일반),조봉일
20260407000710,20260407,코스피,DN오토모티브,007340,주식등의대량보유상황보고서(일반),김상헌
20260407000642,20260407,코스피,KB금융,105560,주식등의대량보유상황보고서(약식),CapitalResearchandManagementCompany
20260407000603,20260407,코스피,INVENI,015360,주식등의대량보유상황보고서(일반),구자은
20260407000533,20260407,코스피,케이카,381970,주식등의대량보유상황보고서(일반),한앤코오토서비스홀딩스
20260407000424,20260407,코스닥,팅크웨어,084730,주식등의대량보유상황보고서(일반),유비벨록스
20260407000356,20260407,코스피,하나금융지주,086790,주식등의대량보유상황보고서(약식),CapitalResearchandManagementCompany
20260407000327,20260407,코스피,JB금융지주,175330,주식등의대량보유상황보고서(약식),CapitalResearchandManagementCompany
20260407000306,20260407,코스닥,씨유메디칼,115480,[기재정정]주식등의대량보유상황보고서(약식),상상인저축은행
20260407000281,20260407,코스피,JW홀딩스,096760,주식등의대량보유상황보고서(일반),이경하
20260407000104,20260407,코스닥,DXVX,180400,주식등의대량보유상황보고서(일반),임종윤
20260406004550,20260406,코스닥,나우로보틱스,459510,주식등의대량보유상황보고서(일반),이종주
20260406004542,20260406,코스닥,에이텍,045660,주식등의대량보유상황보고서(일반),신승영
20260406004521,20260406,코스닥,파이버프로,368770,주식등의대량보유상황보고서(일반),고연완
20260406004501,20260406,코스닥,크라우드웍스,355390,주식등의대량보유상황보고서(일반),엑스알피1호조합
20260406004439,20260406,코스닥,에코캡,128540,주식등의대량보유상황보고서(일반),김창규
20260406004421,20260406,코스닥,세경하이테크,148150,주식등의대량보유상황보고서(일반),에스지에이치홀딩스
20260406004365,20260406,코스닥,HEM파마,376270,주식등의대량보유상황보고서(일반),지요셉
20260406004361,20260406,코스닥,에이치엔에스하이텍,044990,[기재정정]주식등의대량보유상황보고서(일반),김정희
20260406004347,20260406,코스닥,서진시스템,178320,주식등의대량보유상황보고서(일반),전동규
20260406004322,20260406,코스닥,제이에스링크,127120,주식등의대량보유상황보고서(일반),주성씨앤에어
20260406004296,20260406,코스닥,코퍼스코리아,322780,주식등의대량보유상황보고서(일반),오영섭
20260406004292,20260406,코스닥,버킷스튜디오,066410,주식등의대량보유상황보고서(일반),와비사비홀딩스
20260406004284,20260406,코스피,한미글로벌,053690,주식등의대량보유상황보고서(일반),김종훈
20260406004251,20260406,코스닥,버킷스튜디오,066410,주식등의대량보유상황보고서(일반),이니셜 1호 투자조합
20260406004196,20260406,코스닥,엔지켐생명과학,183490,주식등의대량보유상황보고서(약식),윤영배
20260406004172,20260406,코스닥,한울소재과학,091440,주식등의대량보유상황보고서(일반),루시
20260406004156,20260406,코스닥,한울반도체,320000,주식등의대량보유상황보고서(일반),한울소재과학
20260406004122,20260406,코스닥,디와이디,219550,주식등의대량보유상황보고서(일반),OULANGETRADELIMITED
20260406004077,20260406,코스피,DB증권,016610,주식등의대량보유상황보고서(일반),DB손해보험
20260406004071,20260406,코스닥,에스피소프트,443670,주식등의대량보유상황보고서(약식),김일신
20260406004022,20260406,코스피,DB손해보험,005830,주식등의대량보유상황보고서(일반),김준기
20260406004005,20260406,코스닥,오가노이드사이언스,476040,주식등의대량보유상황보고서(일반),유종만
20260406003985,20260406,코스닥,모아데이타,288980,주식등의대량보유상황보고서(일반),한상진
20260406003983,20260406,코스닥,DH오토리드,290120,주식등의대량보유상황보고서(일반),디에이치글로벌
20260406003977,20260406,코스닥,에이치엔에스하이텍,044990,주식등의대량보유상황보고서(일반),김정희
20260406003967,20260406,코스닥,젬백스,082270,주식등의대량보유상황보고서(일반),젬앤컴퍼니
20260406003893,20260406,코스닥,이지홀딩스,035810,주식등의대량보유상황보고서(일반),지현욱
20260406003887,20260406,코스닥,나노신소재,121600,주식등의대량보유상황보고서(일반),박장우
20260406003880,20260406,코스닥,상보,027580,주식등의대량보유상황보고서(일반),김상근
20260406003872,20260406,코스닥,애드포러스,397810,주식등의대량보유상황보고서(일반),이은현
20260406003850,20260406,코스닥,오상자이엘,053980,주식등의대량보유상황보고서(일반),오상
20260406003755,20260406,코스닥,티씨케이,064760,주식등의대량보유상황보고서(약식),베어링자산운용
20260406003737,20260406,코스닥,자람테크놀로지,389020,주식등의대량보유상황보고서(약식),오라이언자산운용
20260406003635,20260406,코스피,대원강업,000430,주식등의대량보유상황보고서(일반),현대지에프홀딩스
20260406003608,20260406,코스피,삼양패키징,272550,주식등의대량보유상황보고서(약식),브이아이피자산운용
20260406003571,20260406,코스닥,오상헬스케어,036220,주식등의대량보유상황보고서(일반),오상
20260406003541,20260406,코스닥,미래나노텍,095500,주식등의대량보유상황보고서(일반),김철영
20260406003501,20260406,코스피,KB스타리츠,432320,주식등의대량보유상황보고서(약식),삼성자산운용
20260406003494,20260406,코스닥,씨유메디칼,115480,주식등의대량보유상황보고서(약식),상상인저축은행
20260406003488,20260406,코스닥,나노신소재,121600,주식등의대량보유상황보고서(약식),삼성자산운용
20260406003462,20260406,코스닥,에스앤에스텍,101490,주식등의대량보유상황보고서(약식),삼성자산운용
20260406003455,20260406,코스피,대양금속,009190,주식등의대량보유상황보고서(약식),상상인저축은행
20260406003443,20260406,코스닥,로보티즈,108490,주식등의대량보유상황보고서(약식),삼성자산운용
20260406003441,20260406,코스닥,나이스정보통신,036800,주식등의대량보유상황보고서(일반),NICE
20260406003439,20260406,코스닥,에스엠,041510,주식등의대량보유상황보고서(약식),"티로우프라이스어소시에이트,인크."
20260406003430,20260406,코스닥,비스토스,419540,주식등의대량보유상황보고서(약식),상상인저축은행
20260406003425,20260406,코스닥,RFHIC,218410,주식등의대량보유상황보고서(약식),삼성자산운용
20260406003318,20260406,코스닥,엔에이치스팩33호,0130H0,주식등의대량보유상황보고서(일반),에이씨피씨
20260406003189,20260406,코스닥,티씨머티리얼즈,125020,주식등의대량보유상황보고서(일반),바이오스마트
20260406003169,20260406,코스피,한국카본,017960,주식등의대량보유상황보고서(일반),조문수
20260406003159,20260406,코스닥,제이앤티씨,204270,주식등의대량보유상황보고서(일반),진우엔지니어링
20260406003078,20260406,코스닥,에스에스알,275630,주식등의대량보유상황보고서(일반),지란지교시큐리티
20260406003017,20260406,코스피,동성제약,002210,주식등의대량보유상황보고서(일반),유암코제약산업제1호기업재무안정사모투자
20260406002989,20260406,코스닥,오르비텍,046120,주식등의대량보유상황보고서(일반),도은성
20260406002835,20260406,코스닥,교보20호스팩,0132G0,주식등의대량보유상황보고서(일반),교보증권
20260406002718,20260406,코스피,경농,002100,주식등의대량보유상황보고서(일반),이용진
20260406002483,20260406,코스닥,대성하이텍,129920,주식등의대량보유상황보고서(일반),최호형
20260406002246,20260406,코스닥,에이유브랜즈,481070,주식등의대량보유상황보고서(일반),에이유커머스
20260406001500,20260406,코스닥,큐라티스,348080,주식등의대량보유상황보고서(약식),조관구
20260406001337,20260406,코스닥,큐라티스,348080,주식등의대량보유상황보고서(약식),피스투에스코리아
20260406001188,20260406,코스닥,리센스메디컬,394420,주식등의대량보유상황보고서(약식),LB인베스트먼트
20260406001059,20260406,코스닥,케이웨더,068100,주식등의대량보유상황보고서(일반),웰비안파트너스
20260406000838,20260406,코스피,이지스레지던스리츠,350520,주식등의대량보유상황보고서(약식),이지스자산운용
20260406000754,20260406,코스피,한화솔루션,009830,주식등의대량보유상황보고서(일반),한화
20260406000588,20260406,코스닥,에스켐,475660,주식등의대량보유상황보고서(일반),염호영
20260403003873,20260403,코스닥,비트플래닛,049470,주식등의대량보유상황보고서(일반),AsiaStrategyPartnersLLC
20260403003869,20260403,코스닥,하림지주,003380,주식등의대량보유상황보고서(일반),김홍국
20260403003729,20260403,코스피,삼호개발,010960,주식등의대량보유상황보고서(일반),이종호
20260403003663,20260403,코스닥,SOOP,067160,주식등의대량보유상황보고서(일반),쎄인트인터내셔널
20260403003637,20260403,코스닥,브이티,018290,주식등의대량보유상황보고서(일반),정철
20260403003625,20260403,코스닥,롤링스톤,214610,주식등의대량보유상황보고서(일반),제이비에셋매니지먼트
20260403003619,20260403,코스닥,도우인시스,484120,주식등의대량보유상황보고서(약식),에스브이아이씨55호신기술사업투자조합
20260403003571,20260403,코스피,한화투자증권,003530,주식등의대량보유상황보고서(일반),한화자산운용
20260403003569,20260403,코스피,산일전기,062040,[기재정정]주식등의대량보유상황보고서(일반),박동석
20260403003561,20260403,코스닥,에이직랜드,445090,주식등의대량보유상황보고서(약식),한국투자-대신-더커런트 신기술사업투자조합 제1호
20260403003559,20260403,코스피,DL이앤씨,375500,주식등의대량보유상황보고서(약식),"KopernikGlobalInvestors,LLC"
20260403003542,20260403,코스닥,경동제약,011040,주식등의대량보유상황보고서(일반),류 기 성
20260403003538,20260403,코스피,현대엘리베이터,017800,주식등의대량보유상황보고서(일반),현대홀딩스컴퍼니
20260403003537,20260403,코스닥,지아이이노베이션,358570,주식등의대량보유상황보고서(일반),장명호
20260403003535,20260403,코스닥,메가스터디교육,215200,주식등의대량보유상황보고서(일반),손주은
20260403003531,20260403,코스닥,SG,255220,주식등의대량보유상황보고서(일반),박창호
20260403003527,20260403,코스피,콜마홀딩스,024720,주식등의대량보유상황보고서(일반),윤상현
20260403003514,20260403,코스닥,청보,013720,주식등의대량보유상황보고서(약식),바로저축은행
20260403003508,20260403,코스닥,현대무벡스,319400,주식등의대량보유상황보고서(일반),현대엘리베이터
20260403003486,20260403,코스닥,유니크,011320,주식등의대량보유상황보고서(일반),안영구
20260403003482,20260403,코스닥,뉴로메카,348340,주식등의대량보유상황보고서(일반),박종훈
20260403003481,20260403,코스피,HD현대,267250,주식등의대량보유상황보고서(일반),정몽준
20260403003473,20260403,코스닥,에이비엘바이오,298380,주식등의대량보유상황보고서(일반),LEESANGHOON
20260403003472,20260403,코스닥,네오티스,085910,주식등의대량보유상황보고서(약식),미래에셋자산운용
20260403003437,20260403,코스피,한미약품,128940,주식등의대량보유상황보고서(일반),한미사이언스
20260403003427,20260403,코스닥,아모센스,357580,주식등의대량보유상황보고서(일반),김병규
20260403003411,20260403,코스닥,한국파마,032300,주식등의대량보유상황보고서(일반),박은희
20260403003396,20260403,코스닥,티쓰리,204610,주식등의대량보유상황보고서(일반),김기영
20260403003385,20260403,코스닥,DSC인베스트먼트,241520,주식등의대량보유상황보고서(일반),윤건수
20260403003380,20260403,코스피,디아이동일,001530,주식등의대량보유상황보고서(약식),동양주택개발
20260403003378,20260403,코스닥,신한제17호스팩,0130D0,주식등의대량보유상황보고서(약식),메이슨캐피탈
20260403003348,20260403,코스피,에이프로젠바이오로직스,003060,주식등의대량보유상황보고서(일반),에이프로젠
20260403003346,20260403,코스닥,한빛소프트,047080,주식등의대량보유상황보고서(일반),티쓰리
20260403003330,20260403,코스피,한미사이언스,008930,주식등의대량보유상황보고서(일반),송영숙
20260403003293,20260403,코스피,에이프로젠,007460,주식등의대량보유상황보고서(일반),지베이스
20260403003289,20260403,코스닥,이녹스첨단소재,272290,주식등의대량보유상황보고서(일반),이녹스
20260403003275,20260403,코스닥,비츠로셀,082920,주식등의대량보유상황보고서(약식),피델리티매니지먼트앤리서치컴퍼니엘엘씨
20260403003269,20260403,코스닥,엔젠바이오,354200,주식등의대량보유상황보고서(일반),에스에이치헬스케어투자1호조합
20260403003257,20260403,코스닥,국전,307750,주식등의대량보유상황보고서(일반),홍종호
20260403003229,20260403,코스닥,대명에너지,389260,주식등의대량보유상황보고서(일반),서종현
20260403003219,20260403,코스닥,넥써쓰,205500,주식등의대량보유상황보고서(일반),링크드
20260403003211,20260403,코스닥,파인테크닉스,106240,주식등의대량보유상황보고서(일반),심철구
20260403003203,20260403,코스닥,아모텍,052710,주식등의대량보유상황보고서(일반),김병규
20260403003171,20260403,코스닥,플라즈맵,405000,주식등의대량보유상황보고서(일반),드림텍
20260403003150,20260403,코스닥,KZ정밀,036560,주식등의대량보유상황보고서(일반),장형진
20260403003133,20260403,코스닥,GC메디아이,032620,주식등의대량보유상황보고서(일반),GC케어
20260403003109,20260403,코스닥,비투엔,307870,주식등의대량보유상황보고서(약식),더블미디어
20260403003104,20260403,코스닥,캔버스엔,210120,주식등의대량보유상황보고서(일반),디비투자조합
20260403003098,20260403,코스닥,HC홈센타,060560,주식등의대량보유상황보고서(일반),에이치씨파트너스
20260403003096,20260403,코스닥,제일테크노스,038010,주식등의대량보유상황보고서(일반),나채민
20260403003077,20260403,코스닥,지니틱스,303030,주식등의대량보유상황보고서(일반),헤일로마이크로일렉트로닉스인터내셔널코퍼레이션
20260403003032,20260403,코스닥,링크드,193250,주식등의대량보유상황보고서(일반),민용재
20260403003023,20260403,코스닥,오늘이엔엠,192410,주식등의대량보유상황보고서(약식),마케루스메자닌투자조합
20260403003000,20260403,코스닥,리메드,302550,주식등의대량보유상황보고서(일반),이근용
20260403002970,20260403,코스닥,플레이위드,023770,주식등의대량보유상황보고서(일반),드림아크코리아
20260403002952,20260403,코스피,두산로보틱스,454910,주식등의대량보유상황보고서(일반),두산
20260403002925,20260403,코스닥,보로노이,310210,주식등의대량보유상황보고서(일반),김현태
20260403002893,20260403,코스피,미래아이앤지,007120,주식등의대량보유상황보고서(일반),엑스
20260403002867,20260403,코스닥,캡스톤파트너스,452300,주식등의대량보유상황보고서(약식),하나캐피탈
20260403002851,20260403,코스닥,휴마시스,205470,주식등의대량보유상황보고서(일반),아티스트
20260403002833,20260403,코스닥,빌리언스,044480,주식등의대량보유상황보고서(일반),휴마시스
20260403002826,20260403,코스닥,판타지오,032800,주식등의대량보유상황보고서(일반),아티스트
20260403002825,20260403,코스피,교촌에프앤비,339770,주식등의대량보유상황보고서(일반),권원강
20260403002822,20260403,코스닥,글로벌텍스프리,204620,주식등의대량보유상황보고서(일반),문양근
20260403002796,20260403,코스닥,포커스에이아이,331380,주식등의대량보유상황보고서(일반),위허브
20260403002765,20260403,코스닥,야스,255440,주식등의대량보유상황보고서(일반),정광호
20260403002757,20260403,코스닥,HLB펩,196300,주식등의대량보유상황보고서(일반),HLB제넥스
20260403002739,20260403,코스닥,제일테크노스,038010,주식등의대량보유상황보고서(일반),나주영
20260403002705,20260403,코스피,아모레퍼시픽홀딩스,002790,주식등의대량보유상황보고서(일반),서경배
20260403002624,20260403,코스닥,에이치시티,072990,주식등의대량보유상황보고서(일반),이수찬
20260403002616,20260403,코스피,LG씨엔에스,064400,주식등의대량보유상황보고서(일반),LG
20260403002545,20260403,코스닥,비투엔,307870,주식등의대량보유상황보고서(일반),엑스트윈스1호조합
20260403002388,20260403,코스피,아모레퍼시픽,090430,주식등의대량보유상황보고서(일반),아모레퍼시픽홀딩스
20260403002371,20260403,코스닥,GST,083450,주식등의대량보유상황보고서(일반),김덕준
20260403002296,20260403,코스닥,알에프텍,061040,주식등의대량보유상황보고서(약식),알에프스탠다드
20260403002169,20260403,코스닥,SGA솔루션즈,184230,주식등의대량보유상황보고서(일반),에스지에이홀딩스
20260403002018,20260403,코스피,케이탑리츠,145270,주식등의대량보유상황보고서(일반),김철
20260403001978,20260403,코스닥,뉴파워프라즈마,144960,주식등의대량보유상황보고서(일반),최대규
20260403001901,20260403,코스닥,도우인시스,484120,주식등의대량보유상황보고서(일반),뉴파워프라즈마
20260403001737,20260403,코스피,스틱인베스트먼트,026890,주식등의대량보유상황보고서(일반),도용환
20260403001699,20260403,코스닥,제주반도체,080220,주식등의대량보유상황보고서(일반),박성식
20260403001478,20260403,코스피,미래아이앤지,007120,주식등의대량보유상황보고서(일반),스텔라이노베이션투자목적회사
20260403001469,20260403,코스닥,보성파워텍,006910,주식등의대량보유상황보고서(일반),임재황
20260403001322,20260403,코스닥,콜마바이오텍,215380,주식등의대량보유상황보고서(일반),콜마홀딩스
20260403001287,20260403,코스닥,콜마바이오텍,215380,[기재정정]주식등의대량보유상황보고서(일반),콜마홀딩스
20260403001139,20260403,코스피,씨에스윈드,112610,주식등의대량보유상황보고서(일반),김성권
20260403001054,20260403,코스닥,앱클론,174900,주식등의대량보유상황보고서(일반),이종서
20260403001050,20260403,코스닥,HLB이노베이션,024850,주식등의대량보유상황보고서(일반),HLB
20260403001008,20260403,코스닥,에코프로,086520,주식등의대량보유상황보고서(일반),이동채
20260403000895,20260403,코스닥,토마토시스템,393210,주식등의대량보유상황보고서(일반),이상돈
20260403000828,20260403,코스닥,강스템바이오텍,217730,주식등의대량보유상황보고서(일반),강경선
20260403000742,20260403,코스닥,지에프씨생명과학,388610,주식등의대량보유상황보고서(일반),강희철
20260403000647,20260403,코스닥,에코프로비엠,247540,주식등의대량보유상황보고서(일반),에코프로
20260403000279,20260403,코스닥,신한제17호스팩,0130D0,주식등의대량보유상황보고서(일반),씨스퀘어자산운용
20260403000136,20260403,코스닥,성호전자,043260,주식등의대량보유상황보고서(일반),서룡전자
20260402003948,20260403,코스닥,사람인,143240,주식등의대량보유상황보고서(약식),EnnismoreFundManagementLtd
20260402003855,20260402,코스피,현대건설,000720,주식등의대량보유상황보고서(일반),현대자동차
20260402003851,20260402,코스닥,아이엠바이오로직스,493280,주식등의대량보유상황보고서(약식),케이비인베스트먼트
20260402003796,20260402,코스닥,메쥬,0088M0,주식등의대량보유상황보고서(약식),인터베스트
20260402003788,20260402,코스닥,에이디테크놀로지,200710,주식등의대량보유상황보고서(일반),김준석
20260402003749,20260402,코스피,엘앤에프,066970,주식등의대량보유상황보고서(일반),새로닉스
20260402003732,20260402,코스닥,제이엔케이글로벌,126880,주식등의대량보유상황보고서(일반),김방희
20260402003726,20260402,코스피,DSR,155660,주식등의대량보유상황보고서(일반),홍석빈
20260402003700,20260402,코스닥,티로보틱스,117730,주식등의대량보유상황보고서(일반),안승욱
20260402003671,20260402,코스피,유나이티드,033270,주식등의대량보유상황보고서(일반),강덕영
20260402003664,20260402,코스피,부국증권,001270,주식등의대량보유상황보고서(일반),김중건
20260402003657,20260402,코스닥,아이씨디,040910,주식등의대량보유상황보고서(일반),이승호
20260402003631,20260402,코스피,KR모터스,000040,주식등의대량보유상황보고서(약식),호라이즌아이엠
20260402003617,20260402,코스닥,아리바이오홀딩스,290690,주식등의대량보유상황보고서(일반),정재준
20260402003570,20260402,코스피,오리온,271560,주식등의대량보유상황보고서(일반),오리온홀딩스
20260402003536,20260402,코스닥,에코글로우,159910,주식등의대량보유상황보고서(일반),더편한
20260402003511,20260402,코스닥,엔브이에이치코리아,067570,주식등의대량보유상황보고서(일반),구자겸
20260402003476,20260402,코스닥,비케이홀딩스,050090,주식등의대량보유상황보고서(일반),홍석규
20260402003416,20260402,코스피,태경케미컬,006890,주식등의대량보유상황보고서(일반),태경비케이
20260402003376,20260402,코스피,코리안리,003690,주식등의대량보유상황보고서(일반),장인순
20260402003361,20260402,코스닥,제닉,123330,주식등의대량보유상황보고서(약식),미래에셋자산운용
20260402003360,20260402,코스피,KB스타리츠,432320,주식등의대량보유상황보고서(약식),미래에셋자산운용
20260402003359,20260402,코스피,KB발해인프라,415640,주식등의대량보유상황보고서(약식),미래에셋자산운용
20260402003358,20260402,코스피,신한서부티엔디리츠,404990,주식등의대량보유상황보고서(약식),미래에셋자산운용
20260402003356,20260402,코스피,SK리츠,395400,주식등의대량보유상황보고서(약식),미래에셋자산운용
20260402003354,20260402,코스피,디앤디플랫폼리츠,377190,주식등의대량보유상황보고서(약식),미래에셋자산운용
20260402003353,20260402,코스닥,와이랩,432430,주식등의대량보유상황보고서(일반),윤인완
20260402003351,20260402,코스피,ESR켄달스퀘어리츠,365550,주식등의대량보유상황보고서(약식),미래에셋자산운용
20260402003350,20260402,코스닥,LK삼양,225190,주식등의대량보유상황보고서(일반),엘케이
20260402003349,20260402,코스피,코람코라이프인프라리츠,357120,주식등의대량보유상황보고서(약식),미래에셋자산운용
20260402003348,20260402,코스피,이지스밸류플러스리츠,334890,주식등의대량보유상황보고서(약식),미래에셋자산운용
20260402003346,20260402,코스피,롯데리츠,330590,주식등의대량보유상황보고서(약식),미래에셋자산운용
20260402003344,20260402,코스피,신한알파리츠,293940,주식등의대량보유상황보고서(약식),미래에셋자산운용
20260402003343,20260402,코스피,맵스리얼티,094800,주식등의대량보유상황보고서(약식),미래에셋자산운용
20260402003339,20260402,코스피,에스엠벡셀,010580,주식등의대량보유상황보고서(일반),에스엠하이플러스
20260402003338,20260402,코스피,맥쿼리인프라,088980,주식등의대량보유상황보고서(약식),미래에셋자산운용
20260402003334,20260402,코스피,이리츠코크렙,088260,주식등의대량보유상황보고서(약식),미래에셋자산운용
20260402003310,20260402,코스피,케이씨,029460,주식등의대량보유상황보고서(일반),고석태
20260402003306,20260402,코스닥,엠아이텍,179290,주식등의대량보유상황보고서(일반),시너지이노베이션
20260402003268,20260402,코스피,DSR제강,069730,주식등의대량보유상황보고서(일반),홍하종
20260402003264,20260402,코스피,오리온홀딩스,001800,주식등의대량보유상황보고서(일반),이화경
20260402003253,20260402,코스닥,유니슨,018000,주식등의대량보유상황보고서(일반),명운산업개발
20260402003195,20260402,코스닥,포톤,208710,주식등의대량보유상황보고서(약식),상상인저축은행
20260402003148,20260402,코스닥,디엔에프,092070,주식등의대량보유상황보고서(일반),솔브레인
20260402003134,20260402,코스닥,이엔셀,456070,주식등의대량보유상황보고서(일반),장종욱
20260402003126,20260402,코스닥,삼표시멘트,038500,주식등의대량보유상황보고서(일반),삼표산업
20260402003084,20260402,코스닥,우리기술투자,041190,주식등의대량보유상황보고서(일반),이완근
20260402003060,20260402,코스닥,인선이엔티,060150,주식등의대량보유상황보고서(일반),아이에스동서
20260402003007,20260402,코스닥,TS인베스트먼트,246690,주식등의대량보유상황보고서(일반),김웅
20260402002932,20260402,코스닥,동구바이오제약,006620,주식등의대량보유상황보고서(일반),조용준
20260402002926,20260402,코스피,크래프톤,259960,주식등의대량보유상황보고서(일반),장병규
20260402002881,20260402,코스닥,해성에어로보틱스,059270,주식등의대량보유상황보고서(약식),티피씨글로벌
20260402002760,20260402,코스피,애경케미칼,161000,주식등의대량보유상황보고서(일반),AK홀딩스
20260402002751,20260402,코스닥,오르비텍,046120,주식등의대량보유상황보고서(일반),비앤피주성
20260402002746,20260402,코스피,제주항공,089590,주식등의대량보유상황보고서(일반),AK홀딩스
20260402002654,20260402,코스피,AK홀딩스,006840,주식등의대량보유상황보고서(일반),채형석
20260402002505,20260402,코스피,까뮤이앤씨,013700,주식등의대량보유상황보고서(일반),베이스
20260402002483,20260402,코스닥,대한뉴팜,054670,주식등의대량보유상황보고서(일반),이완진
20260402002368,20260402,코스닥,루미르,474170,주식등의대량보유상황보고서(일반),남명용
20260402002316,20260402,코스닥,케이티알파,036030,주식등의대량보유상황보고서(일반),케이티
20260402001916,20260402,코스피,INVENI,015360,주식등의대량보유상황보고서(일반),구자은
20260402001871,20260402,코스닥,아스타,246720,[기재정정]주식등의대량보유상황보고서(일반),조응준
20260402001743,20260402,코스닥,신한제17호스팩,0130D0,주식등의대량보유상황보고서(일반),신한투자증권
20260402001524,20260402,코스닥,하이즈항공,221840,주식등의대량보유상황보고서(일반),하상헌
20260402001459,20260402,코스피,종근당,185750,주식등의대량보유상황보고서(일반),이장한
20260402001034,20260402,코스닥,큐라티스,348080,주식등의대량보유상황보고서(일반),인벤티지랩
20260402000984,20260402,코스닥,인벤티지랩,389470,주식등의대량보유상황보고서(일반),김주희
20260402000955,20260402,코스닥,바이오플러스,099430,주식등의대량보유상황보고서(일반),정현규
20260402000930,20260402,코스닥,아스테라시스,450950,주식등의대량보유상황보고서(일반),서은택
20260402000903,20260402,코스닥,디오,039840,주식등의대량보유상황보고서(일반),디오홀딩스
20260402000831,20260402,코스닥,메디톡스,086900,주식등의대량보유상황보고서(일반),정현호
20260402000582,20260402,코스피,우신시스템,017370,주식등의대량보유상황보고서(일반),허우영
20260402000481,20260402,코스닥,청담글로벌,362320,주식등의대량보유상황보고서(일반),최석주
20260402000329,20260402,코스피,미래아이앤지,007120,주식등의대량보유상황보고서(약식),이명헌
20260402000215,20260402,코스닥,KS인더스트리,101000,[기재정정]주식등의대량보유상황보고서(약식),마린로보틱스제1호투자조합
20260401005135,20260402,코스닥,케이웨더,068100,주식등의대량보유상황보고서(약식),VIVOPOWERINTERNATIONALPLC
20260401005106,20260402,코스닥,영우디에스피,143540,주식등의대량보유상황보고서(약식),블랙펄자산운용
20260401005058,20260401,코스닥,성원에너텍,340930,주식등의대량보유상황보고서(일반),정연길
20260401005016,20260401,코스피,솔루엠,248070,주식등의대량보유상황보고서(일반),전성호
20260401004995,20260401,코스닥,오픈엣지테크놀로지,394280,[기재정정]주식등의대량보유상황보고서(일반),이성현
20260401004940,20260401,코스닥,리센스메디컬,394420,주식등의대량보유상황보고서(약식),한국산업은행
20260401004916,20260401,코스닥,이화공영,001840,주식등의대량보유상황보고서(일반),한앤브라더스
20260401004908,20260401,코스닥,위메이드,112040,주식등의대량보유상황보고서(일반),박관호
20260401004901,20260401,코스피,케이씨텍,281820,주식등의대량보유상황보고서(일반),고석태
20260401004888,20260401,코스피,HD현대중공업,329180,주식등의대량보유상황보고서(일반),HD한국조선해양
20260401004859,20260401,코스피,삼천리,004690,주식등의대량보유상황보고서(약식),국민연금공단
20260401004849,20260401,코스피,아모레퍼시픽홀딩스,002790,주식등의대량보유상황보고서(약식),국민연금공단
20260401004830,20260401,코스피,DB손해보험,005830,주식등의대량보유상황보고서(약식),국민연금공단
20260401004814,20260401,코스닥,슈프리마,236200,주식등의대량보유상황보고서(약식),국민연금공단
20260401004797,20260401,코스닥,와이즈넛,096250,주식등의대량보유상황보고서(약식),KB자산운용
20260401004792,20260401,코스닥,신한제17호스팩,0130D0,주식등의대량보유상황보고서(일반),SV인베스트먼트
20260401004791,20260401,코스닥,한울반도체,320000,주식등의대량보유상황보고서(일반),한울소재과학
20260401004784,20260401,코스피,한미사이언스,008930,주식등의대량보유상황보고서(일반),DXVX
20260401004783,20260401,코스피,대창단조,015230,주식등의대량보유상황보고서(약식),국민연금공단
20260401004777,20260401,코스닥,엑셈,205100,주식등의대량보유상황보고서(약식),KB자산운용
20260401004764,20260401,코스닥,고영,098460,주식등의대량보유상황보고서(일반),고영홀딩스
20260401004761,20260401,코스닥,에스투더블유,488280,주식등의대량보유상황보고서(약식),국민연금공단
20260401004754,20260401,코스닥,BGF에코머티리얼즈,126600,주식등의대량보유상황보고서(일반),BGF
20260401004749,20260401,코스닥,에이비엘바이오,298380,주식등의대량보유상황보고서(약식),국민연금공단
20260401004739,20260401,코스닥,하나마이크론,067310,주식등의대량보유상황보고서(일반),최창호
20260401004735,20260401,코스피,케이씨텍,281820,주식등의대량보유상황보고서(약식),국민연금공단
20260401004728,20260401,코스닥,오픈엣지테크놀로지,394280,주식등의대량보유상황보고서(일반),이성현
20260401004723,20260401,코스피,케이티스카이라이프,053210,주식등의대량보유상황보고서(일반),케이티
20260401004716,20260401,코스닥,유비쿼스,264450,주식등의대량보유상황보고서(약식),국민연금공단
20260401004714,20260401,코스닥,CS,065770,주식등의대량보유상황보고서(일반),정흥식
20260401004712,20260401,코스닥,알에프텍,061040,주식등의대량보유상황보고서(일반),오성첨단소재
20260401004707,20260401,코스닥,에스티팜,237690,주식등의대량보유상황보고서(약식),국민연금공단
20260401004698,20260401,코스닥,RFHIC,218410,주식등의대량보유상황보고서(약식),국민연금공단
20260401004693,20260401,코스닥,하나머티리얼즈,166090,주식등의대량보유상황보고서(일반),하나마이크론
20260401004689,20260401,코스닥,덕산네오룩스,213420,주식등의대량보유상황보고서(약식),국민연금공단
20260401004688,20260401,코스피,한미사이언스,008930,주식등의대량보유상황보고서(일반),임종윤
20260401004683,20260401,코스피,BGF,027410,주식등의대량보유상황보고서(일반),홍석조
20260401004682,20260401,코스닥,라이콤,388790,주식등의대량보유상황보고서(일반),김성준
20260401004679,20260401,코스피,해성디에스,195870,주식등의대량보유상황보고서(약식),국민연금공단
20260401004668,20260401,코스닥,두산테스나,131970,주식등의대량보유상황보고서(약식),국민연금공단
20260401004665,20260401,코스피,한미사이언스,008930,주식등의대량보유상황보고서(일반),임종훈
20260401004654,20260401,코스닥,비나텍,126340,주식등의대량보유상황보고서(약식),국민연금공단
20260401004635,20260401,코스닥,와이지엔터테인먼트,122870,주식등의대량보유상황보고서(약식),국민연금공단
20260401004627,20260401,코스피,한세실업,105630,주식등의대량보유상황보고서(약식),국민연금공단
20260401004622,20260401,코스피,삼일씨엔에스,004440,주식등의대량보유상황보고서(일반),대림
20260401004616,20260401,코스닥,원익머트리얼즈,104830,주식등의대량보유상황보고서(약식),국민연금공단
20260401004615,20260401,코스피,BGF리테일,282330,주식등의대량보유상황보고서(일반),BGF
20260401004602,20260401,코스피,하이브,352820,주식등의대량보유상황보고서(일반),방시혁
20260401004600,20260401,코스닥,테스,095610,주식등의대량보유상황보고서(약식),국민연금공단
20260401004599,20260401,코스닥,아이엘,307180,주식등의대량보유상황보고서(일반),송성근
20260401004587,20260401,코스닥,ISC,095340,주식등의대량보유상황보고서(약식),국민연금공단
20260401004578,20260401,코스피,비에이치,090460,주식등의대량보유상황보고서(약식),국민연금공단
20260401004562,20260401,코스닥,브이엠,089970,주식등의대량보유상황보고서(약식),국민연금공단
20260401004550,20260401,코스닥,유진테크,084370,주식등의대량보유상황보고서(약식),국민연금공단
20260401004537,20260401,코스닥,티씨케이,064760,주식등의대량보유상황보고서(약식),국민연금공단
20260401004518,20260401,코스피,한미글로벌,053690,주식등의대량보유상황보고서(약식),국민연금공단
20260401004505,20260401,코스닥,진성티이씨,036890,주식등의대량보유상황보고서(약식),국민연금공단
20260401004483,20260401,코스피,SBS,034120,주식등의대량보유상황보고서(약식),국민연금공단
20260401004468,20260401,코스닥,태광,023160,주식등의대량보유상황보고서(약식),국민연금공단
20260401004456,20260401,코스피,한섬,020000,주식등의대량보유상황보고서(약식),국민연금공단
20260401004449,20260401,코스피,유니드,014830,주식등의대량보유상황보고서(약식),국민연금공단
20260401004446,20260401,코스닥,레뷰코퍼레이션,443250,주식등의대량보유상황보고서(일반),케이던스캐피탈
20260401004444,20260401,코스피,동원수산,030720,주식등의대량보유상황보고서(일반),왕기철
20260401004431,20260401,코스닥,성광벤드,014620,주식등의대량보유상황보고서(약식),국민연금공단
20260401004423,20260401,코스닥,하이록코리아,013030,주식등의대량보유상황보고서(약식),국민연금공단
20260401004412,20260401,코스닥,오픈엣지테크놀로지,394280,[기재정정]주식등의대량보유상황보고서(일반),이성현
20260401004407,20260401,코스닥,대한광통신,010170,주식등의대량보유상황보고서(약식),국민연금공단
20260401004406,20260401,코스피,삼성FN리츠,448730,주식등의대량보유상황보고서(약식),미래에셋자산운용
20260401004404,20260401,코스닥,피에스케이,319660,주식등의대량보유상황보고서(약식),미래에셋자산운용
20260401004402,20260401,코스닥,액트로,290740,주식등의대량보유상황보고서(약식),미래에셋자산운용
20260401004400,20260401,코스닥,HPSP,403870,주식등의대량보유상황보고서(약식),미래에셋자산운용
20260401004398,20260401,코스피,한미반도체,042700,주식등의대량보유상황보고서(약식),미래에셋자산운용
20260401004397,20260401,코스닥,엠케이전자,033160,주식등의대량보유상황보고서(약식),미래에셋자산운용
20260401004393,20260401,코스닥,동진쎄미켐,005290,주식등의대량보유상황보고서(약식),미래에셋자산운용
20260401004390,20260401,코스닥,솔브레인,357780,주식등의대량보유상황보고서(약식),미래에셋자산운용
20260401004386,20260401,코스닥,원익IPS,240810,주식등의대량보유상황보고서(약식),미래에셋자산운용
20260401004385,20260401,코스닥,리노공업,058470,주식등의대량보유상황보고서(약식),미래에셋자산운용
20260401004384,20260401,코스피,코리아써키트,007810,주식등의대량보유상황보고서(약식),국민연금공단
20260401004380,20260401,코스닥,이오테크닉스,039030,주식등의대량보유상황보고서(약식),미래에셋자산운용
20260401004379,20260401,코스피,한미글로벌,053690,주식등의대량보유상황보고서(일반),김종훈
20260401004378,20260401,코스피,DB하이텍,000990,주식등의대량보유상황보고서(약식),미래에셋자산운용
20260401004373,20260401,코스닥,코스리거글로벌,043710,주식등의대량보유상황보고서(일반),세심
20260401004372,20260401,코스닥,글로벌텍스프리,204620,주식등의대량보유상황보고서(일반),지티에프홀딩스
20260401004369,20260401,코스피,화승인더스트리,006060,주식등의대량보유상황보고서(약식),국민연금공단
20260401004359,20260401,코스피,종근당홀딩스,001630,주식등의대량보유상황보고서(약식),국민연금공단
20260401004346,20260401,코스피,일진전기,103590,주식등의대량보유상황보고서(약식),국민연금공단
20260401004336,20260401,코스피,롯데쇼핑,023530,주식등의대량보유상황보고서(약식),국민연금공단
20260401004331,20260401,코스닥,앤로보틱스,138360,주식등의대량보유상황보고서(일반),씨아이테크
20260401004322,20260401,코스피,금호석유화학,011780,주식등의대량보유상황보고서(약식),국민연금공단
20260401004313,20260401,코스피,한올바이오파마,009420,주식등의대량보유상황보고서(약식),국민연금공단
20260401004302,20260401,코스피,팬오션,028670,주식등의대량보유상황보고서(약식),국민연금공단
20260401004287,20260401,코스피,씨아이테크,004920,주식등의대량보유상황보고서(일반),씨엔씨기술
20260401004268,20260401,코스피,파라다이스,034230,주식등의대량보유상황보고서(약식),국민연금공단
20260401004267,20260401,코스닥,차바이오텍,085660,주식등의대량보유상황보고서(일반),차광렬
20260401004250,20260401,코스피,BGF리테일,282330,주식등의대량보유상황보고서(약식),국민연금공단
20260401004232,20260401,코스피,롯데관광개발,032350,주식등의대량보유상황보고서(약식),국민연금공단
20260401004224,20260401,코스피,SK오션플랜트,100090,주식등의대량보유상황보고서(약식),국민연금공단
20260401004215,20260401,코스피,S-Oil,010950,주식등의대량보유상황보고서(약식),국민연금공단
20260401004208,20260401,코스피,이마트,139480,주식등의대량보유상황보고서(약식),국민연금공단
20260401004204,20260401,코스닥,리가켐바이오,141080,주식등의대량보유상황보고서(일반),김용주
20260401004200,20260401,코스피,포스코인터내셔널,047050,주식등의대량보유상황보고서(약식),국민연금공단
20260401004183,20260401,코스피,대덕전자,353200,주식등의대량보유상황보고서(약식),국민연금공단
20260401004168,20260401,코스피,코오롱인더,120110,주식등의대량보유상황보고서(약식),국민연금공단
20260401004150,20260401,코스피,삼성에스디에스,018260,주식등의대량보유상황보고서(약식),국민연금공단
20260401004143,20260401,코스피,GS글로벌,001250,주식등의대량보유상황보고서(일반),GS
20260401004141,20260401,코스피,세아베스틸지주,001430,주식등의대량보유상황보고서(약식),국민연금공단
20260401004131,20260401,코스피,서울보증보험,031210,주식등의대량보유상황보고서(일반),예금보험공사
20260401004127,20260401,코스피,씨에스윈드,112610,주식등의대량보유상황보고서(약식),국민연금공단
20260401004119,20260401,코스피,제이에스코퍼레이션,194370,주식등의대량보유상황보고서(일반),홍재성
20260401004112,20260401,코스피,율촌화학,008730,주식등의대량보유상황보고서(일반),신동윤
20260401004107,20260401,코스피,HD현대마린엔진,071970,주식등의대량보유상황보고서(약식),국민연금공단
20260401004096,20260401,코스피,NC,036570,주식등의대량보유상황보고서(약식),국민연금공단
20260401004087,20260401,코스피,에스엘,005850,주식등의대량보유상황보고서(약식),국민연금공단
20260401004067,20260401,코스닥,퀀타매트릭스,317690,주식등의대량보유상황보고서(일반),권성훈
20260401004057,20260401,코스닥,엠투엔,033310,주식등의대량보유상황보고서(일반),디케이마린
20260401004056,20260401,코스피,LIG디펜스앤에어로스페이스,079550,주식등의대량보유상황보고서(약식),국민연금공단
20260401004055,20260401,코스닥,꿈비,407400,주식등의대량보유상황보고서(일반),박영건
20260401004049,20260401,코스닥,삼기,122350,주식등의대량보유상황보고서(일반),김치환
20260401004039,20260401,코스피,이수페타시스,007660,주식등의대량보유상황보고서(약식),국민연금공단
20260401004036,20260401,코스닥,리드코프,012700,주식등의대량보유상황보고서(일반),디케이마린
20260401004028,20260401,코스피,OCI홀딩스,010060,주식등의대량보유상황보고서(약식),국민연금공단
20260401004008,20260401,코스피,현대건설,000720,주식등의대량보유상황보고서(약식),국민연금공단
20260401003992,20260401,코스닥,메쥬,0088M0,주식등의대량보유상황보고서(약식),신한벤처투자
20260401003979,20260401,코스피,코웨이,021240,주식등의대량보유상황보고서(약식),국민연금공단
20260401003967,20260401,코스피,에스케이바이오팜,326030,주식등의대량보유상황보고서(약식),국민연금공단
20260401003960,20260401,코스닥,한주라이트메탈,198940,주식등의대량보유상황보고서(일반),이용진
20260401003953,20260401,코스피,미래에셋증권,006800,주식등의대량보유상황보고서(약식),국민연금공단
20260401003933,20260401,코스피,금양,001570,주식등의대량보유상황보고서(일반),류광지
20260401003932,20260401,코스피,크래프톤,259960,주식등의대량보유상황보고서(약식),국민연금공단
20260401003924,20260401,코스닥,엑셈,205100,주식등의대량보유상황보고서(일반),조종암
20260401003916,20260401,코스피,한화비전,489790,주식등의대량보유상황보고서(약식),국민연금공단
20260401003913,20260401,코스닥,라온로보틱스,232680,주식등의대량보유상황보고서(일반),김원경
20260401003903,20260401,코스피,삼성E&A,028050,주식등의대량보유상황보고서(약식),국민연금공단
20260401003888,20260401,코스피,현대모비스,012330,주식등의대량보유상황보고서(약식),국민연금공단
20260401003869,20260401,코스피,한국콜마,161890,주식등의대량보유상황보고서(약식),국민연금공단
20260401003848,20260401,코스피,카카오페이,377300,주식등의대량보유상황보고서(약식),국민연금공단
20260401003833,20260401,코스닥,코윈테크,282880,주식등의대량보유상황보고서(일반),이재환
20260401003823,20260401,코스피,DB하이텍,000990,주식등의대량보유상황보고서(약식),국민연금공단
20260401003804,20260401,코스피,카카오,035720,주식등의대량보유상황보고서(약식),국민연금공단
20260401003787,20260401,코스피,녹십자홀딩스,005250,주식등의대량보유상황보고서(약식),국민연금공단
20260401003774,20260401,코스피,삼성에피스홀딩스,0126Z0,주식등의대량보유상황보고서(약식),국민연금공단
20260401003746,20260401,코스피,제일기획,030000,주식등의대량보유상황보고서(약식),국민연금공단
20260401003720,20260401,코스닥,에코프로,086520,주식등의대량보유상황보고서(일반),이동채
20260401003712,20260401,코스피,롯데칠성음료,005300,주식등의대량보유상황보고서(약식),국민연금공단
20260401003691,20260401,코스피,SK이노베이션,096770,주식등의대량보유상황보고서(약식),국민연금공단
20260401003668,20260401,코스피,풍산,103140,주식등의대량보유상황보고서(약식),국민연금공단
20260401003665,20260401,코스닥,코스리거글로벌,043710,주식등의대량보유상황보고서(약식),런처스
20260401003656,20260401,코스피,하나투어,039130,주식등의대량보유상황보고서(약식),국민연금공단
20260401003640,20260401,코스피,강원랜드,035250,주식등의대량보유상황보고서(약식),국민연금공단
20260401003624,20260401,코스피,코스맥스,192820,주식등의대량보유상황보고서(약식),국민연금공단
20260401003614,20260401,코스피,LG디스플레이,034220,주식등의대량보유상황보고서(약식),국민연금공단
20260401003593,20260401,코스피,HD현대마린솔루션,443060,주식등의대량보유상황보고서(약식),국민연금공단
20260401003506,20260401,코스피,LX인터내셔널,001120,주식등의대량보유상황보고서(약식),국민연금공단
20260401003491,20260401,코스피,LG생활건강,051900,주식등의대량보유상황보고서(약식),국민연금공단
20260401003479,20260401,코스닥,에코프로비엠,247540,주식등의대량보유상황보고서(일반),에코프로
20260401003478,20260401,코스피,HL만도,204320,주식등의대량보유상황보고서(약식),국민연금공단
20260401003441,20260401,코스닥,코아스템켐온,166480,주식등의대량보유상황보고서(일반),김경숙
20260401003412,20260401,코스닥,플랜티넷,075130,주식등의대량보유상황보고서(일반),김태주
20260401003410,20260401,코스피,SNT다이내믹스,003570,주식등의대량보유상황보고서(약식),국민연금공단
20260401003361,20260401,코스닥,비씨월드제약,200780,주식등의대량보유상황보고서(일반),홍성한
20260401003327,20260401,코스피,경동나비엔,009450,주식등의대량보유상황보고서(약식),국민연금공단
20260401003292,20260401,코스피,오리온,271560,주식등의대량보유상황보고서(약식),국민연금공단
20260401003256,20260401,코스피,LG이노텍,011070,주식등의대량보유상황보고서(약식),국민연금공단
20260401003208,20260401,코스피,LX세미콘,108320,주식등의대량보유상황보고서(약식),국민연금공단
20260401003149,20260401,코스피,한국카본,017960,주식등의대량보유상황보고서(약식),국민연금공단
20260401003138,20260401,코스닥,핌스,347770,주식등의대량보유상황보고서(일반),주광연
20260401003125,20260401,코스피,엠앤씨솔루션,484870,주식등의대량보유상황보고서(약식),국민연금공단
20260401003088,20260401,코스피,롯데렌탈,089860,주식등의대량보유상황보고서(약식),국민연금공단
20260401003076,20260401,코스피,SK가스,018670,주식등의대량보유상황보고서(약식),국민연금공단
20260401003072,20260401,코스닥,빅텍,065450,주식등의대량보유상황보고서(약식),MORGANSTANLEY&COINTLPLC
20260401003052,20260401,코스피,솔루엠,248070,주식등의대량보유상황보고서(약식),국민연금공단
20260401003037,20260401,코스피,보령,003850,주식등의대량보유상황보고서(약식),국민연금공단
20260401003024,20260401,코스피,IPARK현대산업개발,294870,주식등의대량보유상황보고서(약식),국민연금공단
20260401003011,20260401,코스피,SK아이이테크놀로지,361610,주식등의대량보유상황보고서(약식),국민연금공단
20260401002998,20260401,코스피,농심,004370,주식등의대량보유상황보고서(약식),국민연금공단
20260401002977,20260401,코스피,세아제강지주,003030,주식등의대량보유상황보고서(약식),국민연금공단
20260401002957,20260401,코스피,한국가스공사,036460,주식등의대량보유상황보고서(약식),국민연금공단
20260401002906,20260401,코스피,달바글로벌,483650,주식등의대량보유상황보고서(약식),국민연금공단
20260401002886,20260401,코스피,엘앤에프,066970,주식등의대량보유상황보고서(약식),국민연금공단
20260401002861,20260401,코스피,한국단자공업,025540,주식등의대량보유상황보고서(약식),국민연금공단
20260401002851,20260401,코스피,대한유화,006650,주식등의대량보유상황보고서(약식),국민연금공단
20260401002827,20260401,코스닥,PS일렉트로닉스,332570,주식등의대량보유상황보고서(일반),유대규
20260401002779,20260401,코스닥,티앤알바이오팹,246710,주식등의대량보유상황보고서(일반),윤원수
20260401002694,20260401,코스닥,엑셀세라퓨틱스,373110,주식등의대량보유상황보고서(일반),이의일
20260401002650,20260401,코스닥,지니너스,389030,주식등의대량보유상황보고서(약식),케이비인베스트먼트
20260401002645,20260401,코스닥,알지노믹스,476830,주식등의대량보유상황보고서(약식),국민연금공단
20260401002627,20260401,코스피,동국제강,460860,주식등의대량보유상황보고서(약식),국민연금공단
20260401002605,20260401,코스닥,파인엠텍,441270,주식등의대량보유상황보고서(약식),국민연금공단
20260401002584,20260401,코스닥,쓰리빌리언,394800,주식등의대량보유상황보고서(약식),국민연금공단
20260401002560,20260401,코스닥,씨엠티엑스,388210,주식등의대량보유상황보고서(약식),국민연금공단
20260401002535,20260401,코스닥,RF머트리얼즈,327260,주식등의대량보유상황보고서(약식),국민연금공단
20260401002509,20260401,코스닥,에이치브이엠,295310,주식등의대량보유상황보고서(약식),국민연금공단
20260401002493,20260401,코스피,DB하이텍,000990,주식등의대량보유상황보고서(일반),DB
20260401002476,20260401,코스닥,원익IPS,240810,주식등의대량보유상황보고서(약식),국민연금공단
20260401002453,20260401,코스닥,엑셀세라퓨틱스,373110,[기재정정]주식등의대량보유상황보고서(일반),이의일
20260401002426,20260401,코스닥,올릭스,226950,주식등의대량보유상황보고서(약식),국민연금공단
20260401002415,20260401,코스닥,한솔아이원스,114810,주식등의대량보유상황보고서(약식),국민연금공단
20260401002407,20260401,코스피,SNT에너지,100840,주식등의대량보유상황보고서(약식),국민연금공단
20260401002393,20260401,코스닥,대주전자재료,078600,주식등의대량보유상황보고서(약식),국민연금공단
20260401002368,20260401,코스닥,원익QnC,074600,주식등의대량보유상황보고서(약식),국민연금공단
20260401002351,20260401,코스닥,아모텍,052710,주식등의대량보유상황보고서(약식),국민연금공단
20260401002342,20260401,코스닥,코나아이,052400,주식등의대량보유상황보고서(약식),국민연금공단
20260401002332,20260401,코스닥,피에스케이홀딩스,031980,주식등의대량보유상황보고서(약식),국민연금공단
20260401002317,20260401,코스피,삼화콘덴서공업,001820,주식등의대량보유상황보고서(약식),국민연금공단
20260401002310,20260401,코스피,TYM,002900,주식등의대량보유상황보고서(일반),김식
20260401002309,20260401,코스피,아이에스동서,010780,주식등의대량보유상황보고서(약식),국민연금공단
20260401002294,20260401,코스피,SK디스커버리,006120,주식등의대량보유상황보고서(약식),국민연금공단
20260401002270,20260401,코스피,대한조선,439260,주식등의대량보유상황보고서(약식),국민연금공단
20260401002262,20260401,코스피,NICE평가정보,030190,주식등의대량보유상황보고서(약식),국민연금공단
20260401002250,20260401,코스피,영풍,000670,주식등의대량보유상황보고서(약식),국민연금공단
20260401002211,20260401,코스닥,메쥬,0088M0,주식등의대량보유상황보고서(일반),박정환
20260401002128,20260401,코스닥,네오팜,092730,주식등의대량보유상황보고서(약식),FILLIMITED
20260401001964,20260401,코스피,효성티앤씨,298020,주식등의대량보유상황보고서(약식),국민연금공단
20260401001957,20260401,코스닥,하나머티리얼즈,166090,주식등의대량보유상황보고서(약식),국민연금공단
20260401001945,20260401,코스피,HMM,011200,주식등의대량보유상황보고서(약식),국민연금공단
20260401001935,20260401,코스피,현대제철,004020,주식등의대량보유상황보고서(약식),국민연금공단
20260401001920,20260401,코스피,CJ대한통운,000120,주식등의대량보유상황보고서(약식),국민연금공단
20260401001816,20260401,코스닥,아나패스,123860,주식등의대량보유상황보고서(일반),이경호
20260401001660,20260401,코스닥,레이,228670,주식등의대량보유상황보고서(일반),레이홀딩스
20260401001513,20260401,코스닥,한패스,408470,주식등의대량보유상황보고서(약식),제이비디지털자산 투자조합1호
20260401001504,20260401,코스닥,라닉스,317120,주식등의대량보유상황보고서(일반),최승욱
20260401001403,20260401,코스닥,HLB제넥스,187420,주식등의대량보유상황보고서(일반),HLB
20260401000781,20260401,코스닥,루멘스,038060,주식등의대량보유상황보고서(일반),디티씨
20260401000721,20260401,코스닥,피에이치에이,043370,주식등의대량보유상황보고서(약식),브이아이피자산운용
20260401000621,20260401,코스닥,폰드그룹,472850,주식등의대량보유상황보고서(일반),대명화학
20260401000188,20260401,코스닥,진바이오텍,086060,주식등의대량보유상황보고서(일반),김성호
20260401000033,20260401,코스피,케이탑리츠,145270,주식등의대량보유상황보고서(일반),김철
20260331004950,20260401,코스닥,서울제약,018680,주식등의대량보유상황보고서(일반),2018큐씨피13호사모투자
20260331004896,20260331,코스피,현대로템,064350,주식등의대량보유상황보고서(일반),현대자동차
20260331004891,20260331,코스닥,디에스엠,104040,주식등의대량보유상황보고서(일반),이동석
20260331004838,20260331,코스피,현대위아,011210,주식등의대량보유상황보고서(일반),현대자동차
20260331004807,20260331,코스닥,오텍,067170,주식등의대량보유상황보고서(일반),에코리드
20260331004802,20260331,코스닥,차이커뮤니케이션,351870,주식등의대량보유상황보고서(일반),최영섭
20260331004752,20260331,코스피,현대오토에버,307950,주식등의대량보유상황보고서(일반),현대자동차
20260331004748,20260331,코스닥,폴라리스세원,234100,주식등의대량보유상황보고서(일반),폴라리스오피스
20260331004730,20260331,코스닥,포바이포,389140,주식등의대량보유상황보고서(일반),윤준호
20260331004709,20260331,코스닥,펩트론,087010,주식등의대량보유상황보고서(일반),최호일
20260331004705,20260331,코스닥,오름테라퓨틱,475830,주식등의대량보유상황보고서(일반),이승주
20260331004687,20260331,코스닥,폴라리스오피스,041020,주식등의대량보유상황보고서(일반),조성우
20260331004605,20260331,코스닥,오에스피,368970,주식등의대량보유상황보고서(약식),수성자산운용
20260331004526,20260331,코스닥,오르비텍,046120,주식등의대량보유상황보고서(일반),성진홀딩스
20260331004500,20260331,코스닥,베노티앤알,206400,주식등의대량보유상황보고서(일반),라미쿠스
20260331004471,20260331,코스닥,CSA 코스믹,083660,주식등의대량보유상황보고서(약식),브이핑크홀딩스
20260331004462,20260331,코스닥,FSN,214270,주식등의대량보유상황보고서(일반),제이투비
20260331004375,20260331,코스피,MH에탄올,023150,주식등의대량보유상황보고서(일반),최동호
20260331004340,20260331,코스피,한솔홀딩스,004150,주식등의대량보유상황보고서(일반),조동길
20260331004328,20260331,코스닥,CSA 코스믹,083660,주식등의대량보유상황보고서(일반),지앤비조합
20260331004223,20260331,코스피,동아쏘시오홀딩스,000640,주식등의대량보유상황보고서(일반),강정석
20260331004220,20260331,코스닥,유디엠텍,389680,주식등의대량보유상황보고서(일반),왕지남
20260331004196,20260331,코스닥,시지트로닉스,429270,주식등의대량보유상황보고서(일반),심규환
20260331004193,20260331,코스닥,하이텍팜,106190,주식등의대량보유상황보고서(일반),ACSDOBFARS.P.A
20260331004186,20260331,코스닥,넥스턴앤롤코리아,089140,주식등의대량보유상황보고서(약식),에스엘에너지
20260331004125,20260331,코스피,동아에스티,170900,주식등의대량보유상황보고서(일반),동아쏘시오홀딩스
20260331004122,20260331,코스닥,에코아이,448280,주식등의대량보유상황보고서(일반),전종수
20260331004117,20260331,코스피,다이나믹디자인,145210,주식등의대량보유상황보고서(약식),로아앤코
20260331004095,20260331,코스피,대덕전자,353200,주식등의대량보유상황보고서(약식),미래에셋자산운용
20260331004093,20260331,코스닥,제닉,123330,주식등의대량보유상황보고서(약식),미래에셋자산운용
20260331004076,20260331,코스닥,에프에스티,036810,주식등의대량보유상황보고서(일반),장명식
20260331004025,20260331,코스닥,탑런토탈솔루션,336680,주식등의대량보유상황보고서(일반),박영근
20260331004002,20260331,코스닥,네오위즈,095660,주식등의대량보유상황보고서(일반),나성균
20260331003971,20260331,코스닥,KG파이낸셜,046440,주식등의대량보유상황보고서(일반),KG이니시스
20260331003925,20260331,코스닥,비보존 제약,082800,주식등의대량보유상황보고서(일반),비보존홀딩스
20260331003924,20260331,코스닥,대성하이텍,129920,주식등의대량보유상황보고서(약식),펄프로젝트제1호사모투자
20260331003923,20260331,코스닥,에코글로우,159910,주식등의대량보유상황보고서(약식),크리스티아너티
20260331003909,20260331,코스닥,와이솔,122990,주식등의대량보유상황보고서(일반),대덕
20260331003878,20260331,코스닥,솔본,035610,주식등의대량보유상황보고서(일반),홍기태
20260331003815,20260331,코스피,대덕전자,353200,주식등의대량보유상황보고서(일반),대덕
20260331003805,20260331,코스닥,HC보광산업,225530,주식등의대량보유상황보고서(일반),HC홈센타
20260331003803,20260331,코스닥,크레버스,096240,주식등의대량보유상황보고서(일반),김영화
20260331003796,20260331,코스닥,와이지-원,019210,주식등의대량보유상황보고서(일반),송호근
20260331003769,20260331,코스닥,케이쓰리아이,431190,주식등의대량보유상황보고서(일반),이재영
20260331003707,20260331,코스피,삼성E&A,028050,주식등의대량보유상황보고서(약식),인베스코에셋매니지먼트리미티드
20260331003635,20260331,코스피,에스엠벡셀,010580,주식등의대량보유상황보고서(일반),에스엠하이플러스
20260331003609,20260331,코스피,미스토홀딩스,081660,주식등의대량보유상황보고서(일반),피에몬테
20260331003599,20260331,코스닥,GST,083450,주식등의대량보유상황보고서(일반),김덕준
20260331003595,20260331,코스피,에스케이바이오팜,326030,주식등의대량보유상황보고서(일반),SK
20260331003554,20260331,코스닥,엔에이치스팩33호,0130H0,주식등의대량보유상황보고서(일반),NH투자증권
20260331003458,20260331,코스닥,나노실리칸첨단소재,286750,주식등의대량보유상황보고서(약식),글루온채권투자일임
20260331003439,20260331,코스닥,알멕,354320,주식등의대량보유상황보고서(일반),다이엑스
20260331003396,20260331,코스피,극동유화,014530,주식등의대량보유상황보고서(일반),장선우
20260331003270,20260331,코스닥,남화토건,091590,주식등의대량보유상황보고서(일반),최재훈
20260331003265,20260331,코스피,현대제철,004020,주식등의대량보유상황보고서(일반),기아
20260331003226,20260331,코스닥,바이젠셀,308080,주식등의대량보유상황보고서(일반),가은글로벌
20260331003152,20260331,코스피,에코프로머티,450080,주식등의대량보유상황보고서(일반),에코프로
20260331003016,20260331,코스피,경인양행,012610,주식등의대량보유상황보고서(일반),김흥준
20260331002666,20260331,코스닥,알에프텍,061040,주식등의대량보유상황보고서(약식),알에프스탠다드
20260331002614,20260331,코스닥,엔피케이,048830,주식등의대량보유상황보고서(일반),최상건
20260331002572,20260331,코스피,삼성중공업,010140,주식등의대량보유상황보고서(약식),BlackRockFundAdvisors
20260331002123,20260331,코스닥,한일단조,024740,주식등의대량보유상황보고서(일반),홍진산업
20260331002065,20260331,코스닥,케어젠,214370,주식등의대량보유상황보고서(일반),정용지
20260331001944,20260331,코스닥,필옵틱스,161580,주식등의대량보유상황보고서(일반),티케이지태광
20260331001897,20260331,코스피,SP삼화,000390,주식등의대량보유상황보고서(일반),김현정
20260331001796,20260331,코스피,제주은행,006220,주식등의대량보유상황보고서(일반),신한지주
20260331001685,20260331,코스닥,닷밀,464580,주식등의대량보유상황보고서(일반),정해운
20260331001657,20260331,코스닥,에르코스,435570,주식등의대량보유상황보고서(일반),김슬기
20260331001579,20260331,코스닥,아스타,246720,주식등의대량보유상황보고서(일반),에스디바이오센서
20260331001469,20260331,코스닥,KS인더스트리,101000,주식등의대량보유상황보고서(약식),마린로보틱스제1호투자조합
20260331000025,20260331,코스피,애경산업,018250,주식등의대량보유상황보고서(일반),태광산업
20260330001822,20260330,코스닥,캐스텍코리아,071850,주식등의대량보유상황보고서(일반),이학철
20260330001803,20260330,코스피,대한방직,001070,주식등의대량보유상황보고서(일반),설범
20260330001796,20260330,코스닥,다우데이타,032190,주식등의대량보유상황보고서(일반),김익래
20260330001792,20260330,코스닥,라온텍,418420,주식등의대량보유상황보고서(일반),김보은
20260330001788,20260330,코스닥,쿠콘,294570,주식등의대량보유상황보고서(일반),위피앤씨
20260330001749,20260330,코스닥,엘티씨,170920,주식등의대량보유상황보고서(일반),최호성
20260330001705,20260330,코스피,웅진,016880,주식등의대량보유상황보고서(일반),윤새봄
20260330001685,20260330,코스닥,사람인,143240,주식등의대량보유상황보고서(일반),다우기술
20260330001670,20260330,코스피,HD건설기계,267270,주식등의대량보유상황보고서(일반),에이치디현대사이트솔루션
20260330001667,20260330,코스닥,한텍,098070,주식등의대량보유상황보고서(일반),후성
20260330001662,20260330,코스피,IPARK현대산업개발,294870,주식등의대량보유상황보고서(일반),HDC
20260330001649,20260330,코스피,다우기술,023590,주식등의대량보유상황보고서(일반),다우데이타
20260330001630,20260330,코스피,키움증권,039490,주식등의대량보유상황보고서(일반),다우기술
20260330001604,20260330,코스닥,카카오게임즈,293490,주식등의대량보유상황보고서(일반),카카오
20260330001598,20260330,코스피,메리츠금융지주,138040,주식등의대량보유상황보고서(일반),조정호
20260330001592,20260330,코스닥,S&K폴리텍,091340,주식등의대량보유상황보고서(일반),강가희
20260330001588,20260330,코스닥,다이나믹솔루션,290660,주식등의대량보유상황보고서(약식),피데스투자조합
20260330001580,20260330,코스닥,차이커뮤니케이션,351870,주식등의대량보유상황보고서(일반),최영섭
20260330001532,20260330,코스피,한국자산신탁,123890,주식등의대량보유상황보고서(일반),엠디엠
20260330001529,20260330,코스닥,S&K폴리텍,091340,주식등의대량보유상황보고서(일반),강원형
20260330001506,20260330,코스닥,마크로젠,038290,주식등의대량보유상황보고서(일반),서정선
20260330001487,20260330,코스피,대림통상,006570,주식등의대량보유상황보고서(일반),디앤디파트너스
20260330001462,20260330,코스닥,브이엠,089970,주식등의대량보유상황보고서(일반),최우형
20260330001449,20260330,코스피,한화시스템,272210,주식등의대량보유상황보고서(일반),한화에어로스페이스
20260330001412,20260330,코스피,SK디스커버리,006120,주식등의대량보유상황보고서(일반),최창원
20260330001402,20260330,코스닥,알엔투테크놀로지,148250,주식등의대량보유상황보고서(약식),캡틴글로벌
20260330001377,20260330,코스피,HS효성,487570,주식등의대량보유상황보고서(일반),조현상
20260330001373,20260330,코스닥,금양그린파워,282720,주식등의대량보유상황보고서(일반),이윤철
20260330001332,20260330,코스피,에이프로젠바이오로직스,003060,[기재정정]주식등의대량보유상황보고서(일반),에이프로젠
20260330001316,20260330,코스피,LF,093050,주식등의대량보유상황보고서(약식),브이아이피자산운용
20260330001293,20260330,코스닥,모아데이타,288980,주식등의대량보유상황보고서(일반),한상진
20260330001263,20260330,코스피,SK케미칼,285130,주식등의대량보유상황보고서(일반),SK디스커버리
20260330001249,20260330,코스피,현대자동차,005380,주식등의대량보유상황보고서(일반),현대모비스
20260330001212,20260330,코스피,KB스타리츠,432320,주식등의대량보유상황보고서(약식),삼성자산운용
20260330001185,20260330,코스피,콘텐트리중앙,036420,주식등의대량보유상황보고서(일반),중앙피앤아이
20260330001155,20260330,코스피,LG디스플레이,034220,주식등의대량보유상황보고서(약식),BlackRockFundAdvisors
20260330001150,20260330,코스닥,EDGC,245620,주식등의대량보유상황보고서(일반),한투한화디지털헬스케어제1호사모투자
20260330001107,20260330,코스닥,레이저옵텍,199550,주식등의대량보유상황보고서(일반),주홍
20260330001084,20260330,코스닥,하이텍팜,106190,주식등의대량보유상황보고서(일반),ACSDOBFARS.P.A
20260330001003,20260330,코스피,남선알미늄,008350,주식등의대량보유상황보고서(일반),삼라
20260330000963,20260330,코스닥,아이텍,119830,주식등의대량보유상황보고서(약식),프렌즈파트너스
20260330000895,20260330,코스닥,위츠,459100,주식등의대량보유상황보고서(일반),켐트로닉스
20260330000868,20260330,코스피,코아스,071950,주식등의대량보유상황보고서(일반),백운 조합
20260330000729,20260330,코스피,KISCO홀딩스,001940,주식등의대량보유상황보고서(일반),장세홍
20260330000609,20260330,코스닥,YW,051390,주식등의대량보유상황보고서(일반),우병일
20260330000603,20260330,코스닥,에스에스알,275630,주식등의대량보유상황보고서(일반),지란지교시큐리티
20260330000583,20260330,코스닥,솔브레인,357780,주식등의대량보유상황보고서(일반),정지완
20260330000541,20260330,코스닥,아이엠바이오로직스,493280,[기재정정]주식등의대량보유상황보고서(일반),하경식
20260330000418,20260330,코스닥,알체라,347860,주식등의대량보유상황보고서(일반),황영규
20260330000415,20260330,코스닥,오상자이엘,053980,주식등의대량보유상황보고서(일반),오상
20260330000167,20260330,코스닥,에코프로비엠,247540,주식등의대량보유상황보고서(일반),에코프로
20260327001761,20260327,코스닥,서부T&D,006730,주식등의대량보유상황보고서(일반),엠와이에이치
20260327001741,20260327,코스닥,NHN벅스,104200,주식등의대량보유상황보고서(일반),NHN
20260327001732,20260327,코스닥,앤디포스,238090,주식등의대량보유상황보고서(약식),제브라자산운용
20260327001697,20260327,코스닥,지구홀딩스,221800,주식등의대량보유상황보고서(일반),이재웅
20260327001681,20260327,코스닥,큐브엔터,182360,주식등의대량보유상황보고서(일반),강승곤
20260327001667,20260327,코스피,도화엔지니어링,002150,주식등의대량보유상황보고서(일반),김영윤
20260327001666,20260327,코스닥,이상네트웍스,080010,주식등의대량보유상황보고서(약식),하성일
20260327001657,20260327,코스피,DB증권,016610,주식등의대량보유상황보고서(일반),DB손해보험
20260327001656,20260327,코스닥,폰드그룹,472850,주식등의대량보유상황보고서(일반),대명화학
20260327001650,20260327,코스피,도화엔지니어링,002150,주식등의대량보유상황보고서(일반),곽준상
20260327001634,20260327,코스피,현대엘리베이터,017800,주식등의대량보유상황보고서(일반),현대홀딩스컴퍼니
20260327001625,20260327,코스닥,휴림에이텍,078590,주식등의대량보유상황보고서(일반),휴림로봇
20260327001623,20260327,코스피,콜마홀딩스,024720,주식등의대량보유상황보고서(일반),윤상현
20260327001605,20260327,코스닥,미코,059090,[기재정정]주식등의대량보유상황보고서(일반),전선규
20260327001603,20260327,코스닥,덕산네오룩스,213420,주식등의대량보유상황보고서(일반),이수훈
20260327001597,20260327,코스닥,현대무벡스,319400,주식등의대량보유상황보고서(일반),현대엘리베이터
20260327001592,20260327,코스닥,애드바이오텍,179530,주식등의대량보유상황보고서(약식),에스파시오조합
20260327001564,20260327,코스닥,엠플러스,259630,주식등의대량보유상황보고서(일반),김종성
20260327001561,20260327,코스닥,HC홈센타,060560,주식등의대량보유상황보고서(일반),에이치씨파트너스
20260327001556,20260327,코스닥,비투엔,307870,주식등의대량보유상황보고서(약식),차AI헬스케어
20260327001511,20260327,코스닥,비투엔,307870,주식등의대량보유상황보고서(일반),엑스트윈스1호조합
20260327001495,20260327,코스닥,유니트론텍,142210,주식등의대량보유상황보고서(일반),남궁선
20260327001489,20260327,코스닥,코오롱티슈진,950160,주식등의대량보유상황보고서(일반),코오롱
20260327001481,20260327,코스피,삼성증권,016360,주식등의대량보유상황보고서(일반),삼성생명
20260327001480,20260327,코스피,HD현대마린엔진,071970,주식등의대량보유상황보고서(일반),HD한국조선해양
20260327001478,20260327,코스피,디와이,013570,주식등의대량보유상황보고서(일반),조병호
20260327001468,20260327,코스피,디와이파워,210540,주식등의대량보유상황보고서(일반),디와이
20260327001467,20260327,코스닥,디에이피,066900,주식등의대량보유상황보고서(일반),대명화학
20260327001452,20260327,코스닥,앤디포스,238090,주식등의대량보유상황보고서(약식),그린팩토리조합
20260327001436,20260327,코스닥,지아이에스,306620,주식등의대량보유상황보고서(약식),오라이언자산운용
20260327001425,20260327,코스닥,아이엠바이오로직스,493280,주식등의대량보유상황보고서(일반),하경식
20260327001420,20260327,코스닥,리메드,302550,주식등의대량보유상황보고서(일반),이근용
20260327001340,20260327,코스닥,바이넥스,053030,주식등의대량보유상황보고서(일반),더에이블
20260327001333,20260327,코스닥,브이티,018290,주식등의대량보유상황보고서(일반),정철
20260327001317,20260327,코스피,산일전기,062040,주식등의대량보유상황보고서(일반),박동석
20260327001314,20260327,코스닥,덴티스,261200,주식등의대량보유상황보고서(일반),심기봉
20260327001302,20260327,코스닥,디모아,016670,주식등의대량보유상황보고서(일반),에스제이홀딩스제1호투자조합
20260327001300,20260327,코스피,에이프로젠바이오로직스,003060,주식등의대량보유상황보고서(일반),에이프로젠
20260327001277,20260327,코스닥,해성에어로보틱스,059270,주식등의대량보유상황보고서(일반),케이휴머스
20260327001267,20260327,코스피,에이프로젠,007460,주식등의대량보유상황보고서(일반),지베이스
20260327001266,20260327,코스닥,엔켐,348370,주식등의대량보유상황보고서(일반),오정강
20260327001265,20260327,코스피,백산,035150,주식등의대량보유상황보고서(약식),브이아이피자산운용
20260327001256,20260327,코스피,SK바이오사이언스,302440,주식등의대량보유상황보고서(일반),SK케미칼
20260327001230,20260327,코스피,세아홀딩스,058650,주식등의대량보유상황보고서(일반),이태성
20260327001229,20260327,코스피,상상인증권,001290,주식등의대량보유상황보고서(일반),상상인
20260327001218,20260327,코스닥,아이엠바이오로직스,493280,주식등의대량보유상황보고서(약식),신한벤처투자
20260327001203,20260327,코스닥,아셈스,136410,주식등의대량보유상황보고서(일반),장지상
20260327001188,20260327,코스피,SK,034730,주식등의대량보유상황보고서(일반),최태원
20260327001184,20260327,코스닥,아이엠바이오로직스,493280,주식등의대량보유상황보고서(약식),에이티넘인베스트
20260327001171,20260327,코스닥,엠젠솔루션,032790,주식등의대량보유상황보고서(일반),트렌스젠바이오
20260327001162,20260327,코스닥,성호전자,043260,주식등의대량보유상황보고서(일반),서룡전자
20260327001096,20260327,코스피,영풍,000670,주식등의대량보유상황보고서(일반),영풍개발
20260327001032,20260327,코스닥,모비릭스,348030,주식등의대량보유상황보고서(일반),임중수
20260327001018,20260327,코스피,코오롱,002020,주식등의대량보유상황보고서(일반),이웅열
20260327000992,20260327,코스닥,아이엠바이오로직스,493280,주식등의대량보유상황보고서(약식),파트너스9호투자조합
20260327000952,20260327,코스닥,펌텍코리아,251970,주식등의대량보유상황보고서(약식),FILLIMITED
20260327000809,20260327,코스닥,지니너스,389030,주식등의대량보유상황보고서(약식),컴퍼니케이
20260327000789,20260327,코스닥,이엘피,063760,주식등의대량보유상황보고서(일반),이재혁
20260327000762,20260327,코스닥,한국비엔씨,256840,주식등의대량보유상황보고서(일반),최완규
20260327000698,20260327,코스닥,아이엠바이오로직스,493280,주식등의대량보유상황보고서(약식),케이비인베스트먼트
20260327000632,20260327,코스닥,서진시스템,178320,주식등의대량보유상황보고서(일반),전동규
20260327000510,20260327,코스닥,성광벤드,014620,주식등의대량보유상황보고서(약식),J.P.MORGANSECURITIESPLC
20260327000507,20260327,코스닥,켐트로닉스,089010,주식등의대량보유상황보고서(일반),김보균
20260327000308,20260327,코스닥,지어소프트,051160,주식등의대량보유상황보고서(약식),MiriCapitalManagementLLC
20260327000027,20260327,코스닥,피에스케이홀딩스,031980,주식등의대량보유상황보고서(일반),박경수
20260326001509,20260327,코스피,대웅제약,069620,주식등의대량보유상황보고서(일반),대웅
20260326001507,20260327,코스피,롯데관광개발,032350,주식등의대량보유상황보고서(일반),김기병
20260326001458,20260326,코스닥,지에프씨생명과학,388610,주식등의대량보유상황보고서(일반),강희철
20260326001429,20260326,코스피,드림텍,192650,주식등의대량보유상황보고서(일반),임창완
20260326001426,20260326,코스닥,나노신소재,121600,주식등의대량보유상황보고서(일반),박장우
20260326001415,20260326,코스닥,다보링크,340360,주식등의대량보유상황보고서(일반),테라사이언스
20260326001311,20260326,코스닥,아이엠바이오로직스,493280,주식등의대량보유상황보고서(약식),아이엠엠인베스트먼트
20260326001306,20260326,코스닥,아스트,067390,주식등의대량보유상황보고서(일반),우리큐기업재무안정사모투자
20260326001304,20260326,코스닥,멕아이씨에스,058110,주식등의대량보유상황보고서(일반),김종철
20260326001290,20260326,코스닥,상보,027580,주식등의대량보유상황보고서(일반),김상근
20260326001269,20260326,코스피,LF,093050,주식등의대량보유상황보고서(일반),구본걸
20260326001178,20260326,코스닥,대아티아이,045390,주식등의대량보유상황보고서(일반),최진우
20260326001159,20260326,코스피,애경산업,018250,주식등의대량보유상황보고서(일반),AK홀딩스
20260326001101,20260326,코스피,한화리츠,451800,주식등의대량보유상황보고서(일반),미래에셋자산운용
20260326001072,20260326,코스닥,엘앤씨바이오,290650,주식등의대량보유상황보고서(일반),이환철
20260326001063,20260326,코스닥,아이윈,090150,주식등의대량보유상황보고서(일반),신규진
20260326001027,20260326,코스닥,하나기술,299030,주식등의대량보유상황보고서(일반),오태봉
20260326001025,20260326,코스닥,이원컴포텍,088290,주식등의대량보유상황보고서(약식),상상인저축은행
20260326001017,20260326,코스피,HS효성첨단소재,298050,주식등의대량보유상황보고서(일반),HS효성
20260326000992,20260326,코스피,KR모터스,000040,주식등의대량보유상황보고서(일반),오세영
20260326000977,20260326,코스닥,한국알콜,017890,주식등의대량보유상황보고서(일반),케이씨엔에이
20260326000917,20260326,코스닥,페니트리움바이오,187660,주식등의대량보유상황보고서(일반),현대바이오
20260326000909,20260326,코스닥,글로벌텍스프리,204620,주식등의대량보유상황보고서(약식),브이아이피자산운용
20260326000904,20260326,코스닥,현대바이오,048410,주식등의대량보유상황보고서(일반),씨앤팜
20260326000885,20260326,코스닥,파인디앤씨,049120,주식등의대량보유상황보고서(일반),홍성천
20260326000629,20260326,코스닥,피앤씨테크,237750,주식등의대량보유상황보고서(일반),조광식
20260326000535,20260326,코스닥,한패스,408470,주식등의대량보유상황보고서(일반),김경훈
20260326000516,20260326,코스닥,미코,059090,주식등의대량보유상황보고서(약식),비케이피엘에스티엘사모투자
20260326000474,20260326,코스닥,더네이쳐홀딩스,298540,주식등의대량보유상황보고서(약식),박영옥
20260326000424,20260326,코스닥,한패스,408470,주식등의대량보유상황보고서(약식),한국산업은행
20260326000414,20260326,코스피,롯데에너지머티리얼즈,020150,주식등의대량보유상황보고서(일반),스틱스페셜시츄에이션윈
20260326000329,20260326,코스닥,미코,059090,주식등의대량보유상황보고서(일반),전선규
20260326000306,20260326,코스닥,성광벤드,014620,주식등의대량보유상황보고서(약식),J.P.MORGANSECURITIESPLC
20260326000127,20260326,코스피,한국앤컴퍼니,000240,[기재정정]주식등의대량보유상황보고서(일반),조현범
20260326000125,20260326,코스피,한국앤컴퍼니,000240,[기재정정]주식등의대량보유상황보고서(일반),조현범
20260326000096,20260326,코스닥,오스템,031510,주식등의대량보유상황보고서(일반),김정우
20260325001437,20260326,코스닥,대성미생물,036480,주식등의대량보유상황보고서(일반),이동규
20260325001434,20260326,코스닥,대성미생물,036480,주식등의대량보유상황보고서(일반),인실리코
20260325001321,20260325,코스닥,아리바이오LAB,261780,주식등의대량보유상황보고서(약식),아리바이오투자목적15호조합
20260325001320,20260325,코스닥,휴온스,243070,주식등의대량보유상황보고서(일반),휴온스글로벌
20260325001298,20260325,코스닥,잉크테크,049550,주식등의대량보유상황보고서(일반),김정돈
20260325001252,20260325,코스피,한화생명,088350,주식등의대량보유상황보고서(일반),한화
20260325001246,20260325,코스닥,휴림로봇,090710,주식등의대량보유상황보고서(일반),휴림홀딩스
20260325001234,20260325,코스피,우성머티리얼스,011300,주식등의대량보유상황보고서(일반),더블유에스
20260325001219,20260325,코스닥,빌리언스,044480,주식등의대량보유상황보고서(약식),제브라자산운용
20260325001188,20260325,코스피,케이씨,029460,주식등의대량보유상황보고서(일반),고석태
20260325001175,20260325,코스닥,하나머티리얼즈,166090,주식등의대량보유상황보고서(일반),하나마이크론
20260325001144,20260325,코스피,디와이파워,210540,주식등의대량보유상황보고서(일반),디와이
20260325001124,20260325,코스닥,체리부로,066360,주식등의대량보유상황보고서(일반),김인식
20260325001110,20260325,코스닥,메카로,241770,주식등의대량보유상황보고서(일반),이재정
20260325001101,20260325,코스닥,잉글우드랩,950140,주식등의대량보유상황보고서(일반),코스메카코리아
20260325001061,20260325,코스피,한화손해보험,000370,주식등의대량보유상황보고서(일반),한화생명
20260325001010,20260325,코스피,케이씨텍,281820,주식등의대량보유상황보고서(일반),고석태
20260325000928,20260325,코스피,대한해운,005880,주식등의대량보유상황보고서(일반),에스엠상선
20260325000918,20260325,코스피,한미약품,128940,주식등의대량보유상황보고서(약식),국민연금공단
20260325000891,20260325,코스닥,아이씨에이치,368600,주식등의대량보유상황보고서(약식),수성자산운용
20260325000873,20260325,코스닥,셀레믹스,331920,주식등의대량보유상황보고서(약식),방두희
20260325000847,20260325,코스피,한화투자증권,003530,주식등의대량보유상황보고서(일반),한화자산운용
20260325000781,20260325,코스피,대호에이엘,069460,주식등의대량보유상황보고서(일반),대호신기술투자조합
20260325000722,20260325,코스닥,케이아이엔엑스,093320,주식등의대량보유상황보고서(일반),"KabouterManagement,LLC"
20260325000502,20260325,코스닥,레이,228670,주식등의대량보유상황보고서(일반),레이홀딩스
20260325000487,20260325,코스피,삼원강재,023000,주식등의대량보유상황보고서(일반),대원강업
20260325000406,20260325,코스닥,이노테크,469610,주식등의대량보유상황보고서(일반),장석준
20260325000360,20260325,코스피,진양폴리우레탄,010640,주식등의대량보유상황보고서(일반),진양홀딩스
20260325000269,20260325,코스닥,웨이비스,289930,주식등의대량보유상황보고서(약식),에스티엘제15호사모투자
20260325000239,20260325,코스닥,아리바이오LAB,261780,주식등의대량보유상황보고서(일반),아리바이오홀딩스
20260325000205,20260325,코스피,한전기술,052690,주식등의대량보유상황보고서(약식),VanEckAssociatesCorporation
20260325000066,20260325,코스닥,앤디포스,238090,주식등의대량보유상황보고서(일반),대유
20260324001026,20260325,코스피,GS건설,006360,주식등의대량보유상황보고서(일반),허창수
20260324001006,20260324,코스피,케이탑리츠,145270,주식등의대량보유상황보고서(일반),김철
20260324000971,20260324,코스피,대신증권,003540,[기재정정]주식등의대량보유상황보고서(일반),양홍석
20260324000951,20260324,코스피,한화솔루션,009830,주식등의대량보유상황보고서(일반),한화
20260324000930,20260324,코스피,대신증권,003540,주식등의대량보유상황보고서(일반),양홍석
20260324000927,20260324,코스닥,아리바이오LAB,261780,주식등의대량보유상황보고서(약식),테라배터리솔루션
20260324000911,20260324,코스피,LG전자,066570,주식등의대량보유상황보고서(일반),LG
20260324000908,20260324,코스닥,로젠,033290,주식등의대량보유상황보고서(일반),대명화학
20260324000905,20260324,코스닥,매커스,093520,주식등의대량보유상황보고서(약식),피델리티매니지먼트앤리서치컴퍼니엘엘씨
20260324000892,20260324,코스닥,빛샘전자,072950,주식등의대량보유상황보고서(일반),강만준
20260324000883,20260324,코스닥,젬백스,082270,주식등의대량보유상황보고서(일반),젬앤컴퍼니
20260324000881,20260324,코스닥,케이엠제약,225430,주식등의대량보유상황보고서(일반),강일모
20260324000880,20260324,코스피,현대리바트,079430,주식등의대량보유상황보고서(일반),현대지에프홀딩스
20260324000876,20260324,코스피,대원강업,000430,주식등의대량보유상황보고서(일반),현대지에프홀딩스
20260324000871,20260324,코스닥,인바디,041830,주식등의대량보유상황보고서(일반),차인준
20260324000858,20260324,코스닥,에스디생명공학,217480,주식등의대량보유상황보고서(약식),수성자산운용
20260324000855,20260324,코스피,한솔제지,213500,주식등의대량보유상황보고서(일반),한솔홀딩스
20260324000830,20260324,코스닥,스튜디오미르,408900,주식등의대량보유상황보고서(일반),유재명
20260324000801,20260324,코스피,한솔홈데코,025750,주식등의대량보유상황보고서(일반),한솔홀딩스
20260324000788,20260324,코스피,코스모신소재,005070,주식등의대량보유상황보고서(일반),코스모화학
20260324000755,20260324,코스닥,HC보광산업,225530,주식등의대량보유상황보고서(일반),HC홈센타
20260324000701,20260324,코스닥,코리아에프티,123410,주식등의대량보유상황보고서(약식),브이아이피자산운용
20260324000678,20260324,코스닥,코닉오토메이션,391710,주식등의대량보유상황보고서(일반),APS
20260324000654,20260324,코스닥,비트플래닛,049470,주식등의대량보유상황보고서(일반),케이씨지아이
20260324000634,20260324,코스닥,해성에어로보틱스,059270,주식등의대량보유상황보고서(약식),티피씨글로벌
20260324000586,20260324,코스닥,티엘비,356860,주식등의대량보유상황보고서(약식),MORGANSTANLEY&COINTLPLC
20260324000513,20260324,코스피,LG생활건강,051900,주식등의대량보유상황보고서(약식),SilchesterInternationalInvestorsLLP
20260324000469,20260324,코스피,웅진,016880,주식등의대량보유상황보고서(약식),타이거자산운용투자일임
20260324000406,20260324,코스닥,성원에너텍,340930,주식등의대량보유상황보고서(일반),정연길
20260324000398,20260324,코스피,화승인더스트리,006060,주식등의대량보유상황보고서(일반),현석호
20260324000308,20260324,코스닥,엠플러스,259630,주식등의대량보유상황보고서(일반),김종성
20260324000300,20260324,코스피,프리티,006490,주식등의대량보유상황보고서(일반),밀레니엄홀딩스
20260324000283,20260324,코스닥,피델릭스,032580,주식등의대량보유상황보고서(일반),동심반도체주식유한공사
20260324000234,20260324,코스닥,진시스템,363250,주식등의대량보유상황보고서(일반),서유진
20260324000165,20260324,코스닥,엔비티,236810,주식등의대량보유상황보고서(일반),박수근
20260324000126,20260324,코스닥,한솔아이원스,114810,주식등의대량보유상황보고서(일반),한솔테크닉스
20260324000121,20260324,코스피,삼천리,004690,주식등의대량보유상황보고서(약식),더제이자산운용
20260323001625,20260323,코스닥,헥토파이낸셜,234340,주식등의대량보유상황보고서(일반),헥토이노베이션
20260323001510,20260323,코스닥,네패스,033640,주식등의대량보유상황보고서(일반),이창우
20260323001501,20260323,코스피,미원상사,002840,주식등의대량보유상황보고서(일반),김정돈
20260323001461,20260323,코스닥,미트박스,475460,주식등의대량보유상황보고서(일반),김기봉
20260323001446,20260323,코스피,종근당홀딩스,001630,주식등의대량보유상황보고서(일반),이장한
20260323001428,20260323,코스닥,온코크로스,382150,[기재정정]주식등의대량보유상황보고서(일반),김이랑
20260323001368,20260323,코스피,한미사이언스,008930,주식등의대량보유상황보고서(일반),임종훈
20260323001356,20260323,코스닥,서진시스템,178320,주식등의대량보유상황보고서(일반),전동규
20260323001297,20260323,코스닥,케이엔더블유,105330,주식등의대량보유상황보고서(일반),BGF에코머티리얼즈
20260323001282,20260323,코스피,한미사이언스,008930,주식등의대량보유상황보고서(일반),임종윤
20260323001279,20260323,코스닥,위메이드,112040,주식등의대량보유상황보고서(일반),박관호
20260323001261,20260323,코스닥,에르코스,435570,주식등의대량보유상황보고서(일반),김슬기
20260323001256,20260323,코스피,콜마홀딩스,024720,주식등의대량보유상황보고서(일반),윤상현
20260323001203,20260323,코스닥,삼영엠텍,054540,주식등의대량보유상황보고서(일반),전창옥
20260323001124,20260323,코스닥,한주라이트메탈,198940,주식등의대량보유상황보고서(일반),이용진
20260323001107,20260323,코스닥,앱클론,174900,주식등의대량보유상황보고서(일반),이종서
20260323001101,20260323,코스닥,LSK아이로봇,091970,주식등의대량보유상황보고서(약식),더테크놀로지
20260323001067,20260323,코스닥,비보존 제약,082800,주식등의대량보유상황보고서(일반),비보존홀딩스
20260323001050,20260323,코스닥,아모센스,357580,주식등의대량보유상황보고서(일반),김병규
20260323000973,20260323,코스닥,청보,013720,[기재정정]주식등의대량보유상황보고서(약식),배진한
20260323000966,20260323,코스피,종근당,185750,주식등의대량보유상황보고서(일반),이장한
20260323000848,20260323,코스닥,셀루메드,049180,주식등의대량보유상황보고서(약식),상상인플러스저축은행
20260323000839,20260323,코스피,미원에스씨,268280,주식등의대량보유상황보고서(일반),미원홀딩스
20260323000829,20260323,코스피,프리티,006490,주식등의대량보유상황보고서(약식),상상인플러스저축은행
20260323000805,20260323,코스닥,케이엠더블유,032500,주식등의대량보유상황보고서(일반),김덕용
20260323000711,20260323,코스피,미원화학,134380,주식등의대량보유상황보고서(일반),김정돈
20260323000614,20260323,코스닥,노브랜드,145170,주식등의대량보유상황보고서(일반),김기홍
20260323000469,20260323,코스닥,알멕,354320,주식등의대량보유상황보고서(일반),다이엑스
20260323000331,20260323,코스닥,카나프테라퓨틱스,0082N0,주식등의대량보유상황보고서(약식),솔리더스인베스트먼트
20260323000229,20260323,코스닥,에스에스알,275630,주식등의대량보유상황보고서(일반),지란지교시큐리티
20260323000216,20260323,코스피,코스맥스,192820,주식등의대량보유상황보고서(약식),NorgesBank
20260323000191,20260323,코스닥,오상자이엘,053980,주식등의대량보유상황보고서(일반),오상
20260323000063,20260323,코스닥,비엘팜텍,065170,주식등의대량보유상황보고서(약식),상상콘텐츠투자조합
20260320001339,20260320,코스피,미래에셋생명,085620,주식등의대량보유상황보고서(일반),미래에셋증권
20260320001283,20260320,코스닥,성일하이텍,365340,주식등의대량보유상황보고서(일반),이강명
20260320001274,20260320,코스피,티에이치엔,019180,주식등의대량보유상황보고서(일반),이광연
20260320001251,20260320,코스피,세진중공업,075580,주식등의대량보유상황보고서(일반),윤지원
20260320001237,20260320,코스닥,코셈,360350,주식등의대량보유상황보고서(약식),이노폴리스파트너스
20260320001222,20260320,코스닥,누리플렉스,040160,주식등의대량보유상황보고서(일반),NuriFlexHoldingsINC
20260320001212,20260320,코스피,SNT에너지,100840,주식등의대량보유상황보고서(일반),SNT홀딩스
20260320001199,20260320,코스닥,나노엔텍,039860,주식등의대량보유상황보고서(일반),에이플러스에셋
20260320001185,20260320,코스피,다올투자증권,030210,주식등의대량보유상황보고서(일반),이병철
20260320001174,20260320,코스닥,이루온,065440,주식등의대량보유상황보고서(일반),이승구
20260320001170,20260320,코스닥,에코글로우,159910,주식등의대량보유상황보고서(약식),크리스티아너티
20260320001151,20260320,코스닥,현대무벡스,319400,주식등의대량보유상황보고서(일반),현대엘리베이터
20260320001128,20260320,코스피,NICE평가정보,030190,주식등의대량보유상황보고서(약식),피델리티인스티튜셔널에셋매니지먼트트러스트컴퍼니
20260320001127,20260320,코스닥,레뷰코퍼레이션,443250,주식등의대량보유상황보고서(일반),LG유플러스
20260320001126,20260320,코스닥,아크릴,0007C0,주식등의대량보유상황보고서(약식),티그리스인베스트먼트
20260320001106,20260320,코스닥,에스엔시스,0008Z0,주식등의대량보유상황보고서(일반),배재혁
20260320001103,20260320,코스피,이월드,084680,주식등의대량보유상황보고서(일반),이랜드월드
20260320001101,20260320,코스닥,알톤,123750,주식등의대량보유상황보고서(일반),이녹스
20260320001038,20260320,코스닥,빌리언스,044480,주식등의대량보유상황보고서(일반),휴마시스
20260320001018,20260320,코스피,동서,026960,주식등의대량보유상황보고서(일반),김상헌
20260320001008,20260320,코스피,솔루엠,248070,주식등의대량보유상황보고서(일반),얼라인파트너스자산운용
20260320000988,20260320,코스닥,HC홈센타,060560,주식등의대량보유상황보고서(일반),에이치씨파트너스
20260320000981,20260320,코스피,솔루엠,248070,주식등의대량보유상황보고서(일반),전성호
20260320000978,20260320,코스피,대동,000490,주식등의대량보유상황보고서(일반),김준식
20260320000975,20260320,코스닥,큐라티스,348080,주식등의대량보유상황보고서(일반),인벤티지랩
20260320000972,20260320,코스피,효성,004800,주식등의대량보유상황보고서(일반),조현준
20260320000962,20260320,코스닥,디모아,016670,주식등의대량보유상황보고서(일반),에스제이홀딩스제1호투자조합
20260320000944,20260320,코스닥,티쓰리,204610,주식등의대량보유상황보고서(일반),김기영
20260320000925,20260320,코스닥,제이엠아이,033050,주식등의대량보유상황보고서(일반),제이엠티
20260320000909,20260320,코스닥,비에이치아이,083650,[기재정정]주식등의대량보유상황보고서(일반),박은미
20260320000907,20260320,코스피,씨아이테크,004920,주식등의대량보유상황보고서(일반),씨엔씨기술
20260320000891,20260320,코스닥,팬젠,222110,주식등의대량보유상황보고서(일반),휴온스
20260320000884,20260320,코스닥,에스팀,458350,주식등의대량보유상황보고서(약식),위벤처스
20260320000883,20260320,코스닥,비에이치아이,083650,[기재정정]주식등의대량보유상황보고서(일반),우종인
20260320000858,20260320,코스피,한화,000880,주식등의대량보유상황보고서(일반),김승연
20260320000857,20260320,코스닥,비에이치아이,083650,[기재정정]주식등의대량보유상황보고서(일반),박은미
20260320000848,20260320,코스닥,와이즈버즈,273060,주식등의대량보유상황보고서(일반),한국정보인증
20260320000842,20260320,코스닥,넥스트칩,396270,주식등의대량보유상황보고서(일반),앤씨앤
20260320000830,20260320,코스피,미래아이앤지,007120,주식등의대량보유상황보고서(일반),엑스
20260320000822,20260320,코스닥,메카로,241770,주식등의대량보유상황보고서(일반),이재정
20260320000797,20260320,코스닥,씨티케이,260930,주식등의대량보유상황보고서(일반),정인용
20260320000794,20260320,코스닥,피플바이오,304840,주식등의대량보유상황보고서(일반),휴먼데이타
20260320000792,20260320,코스닥,세중,039310,주식등의대량보유상황보고서(일반),천세전
20260320000791,20260320,코스닥,국전,307750,주식등의대량보유상황보고서(일반),홍종호
20260320000725,20260320,코스닥,파인텍,131760,주식등의대량보유상황보고서(일반),강원일
20260320000691,20260320,코스닥,야스,255440,주식등의대량보유상황보고서(일반),정광호
20260320000686,20260320,코스닥,알티캐스트,085810,주식등의대량보유상황보고서(약식),위드윈투자조합79호
20260320000635,20260320,코스닥,스맥,099440,주식등의대량보유상황보고서(일반),최영섭
20260320000627,20260320,코스닥,씨앤투스,352700,주식등의대량보유상황보고서(일반),하춘욱
20260320000604,20260320,코스닥,듀오백,073190,주식등의대량보유상황보고서(일반),정관영
20260320000562,20260320,코스닥,지아이텍,382480,[기재정정]주식등의대량보유상황보고서(일반),이인영
20260320000557,20260320,코스피,오리엔트바이오,002630,주식등의대량보유상황보고서(일반),오리엔트
20260320000540,20260320,코스닥,노바텍,285490,주식등의대량보유상황보고서(일반),오춘택
20260320000496,20260320,코스닥,케일럼,258610,주식등의대량보유상황보고서(일반),그린테크시스템
20260320000461,20260320,코스피,오리엔트바이오,002630,주식등의대량보유상황보고서(일반),장재진
20260320000436,20260320,코스피,에넥스,011090,주식등의대량보유상황보고서(일반),박진규
20260320000307,20260320,코스피,GS,078930,주식등의대량보유상황보고서(일반),허창수
20260320000276,20260320,코스닥,플레이위드,023770,주식등의대량보유상황보고서(일반),드림아크코리아
20260320000137,20260320,코스피,지누스,013890,주식등의대량보유상황보고서(약식),리빙모어
20260320000067,20260320,코스닥,KX하이텍,052900,주식등의대량보유상황보고서(약식),키움 소부장 제3호 신기술사업투자조합
20260320000041,20260320,코스피,신라교역,004970,주식등의대량보유상황보고서(일반),신라홀딩스
20260320000018,20260320,코스닥,셀레믹스,331920,주식등의대량보유상황보고서(일반),박종갑
20260319001309,20260319,코스닥,사토시홀딩스,223310,주식등의대량보유상황보고서(일반),메타플렉스
20260319001248,20260319,코스닥,셀루메드,049180,주식등의대량보유상황보고서(일반),프리티
20260319001246,20260319,코스닥,이엠텍,091120,주식등의대량보유상황보고서(일반),정승규
20260319001222,20260319,코스닥,CJ프레시웨이,051500,주식등의대량보유상황보고서(일반),CJ
20260319001209,20260319,코스닥,테라젠이텍스,066700,주식등의대량보유상황보고서(일반),고재훈
20260319001202,20260319,코스닥,레뷰코퍼레이션,443250,주식등의대량보유상황보고서(일반),글로벌커넥트플랫폼사모투자
20260319001184,20260319,코스닥,지투지바이오,456160,주식등의대량보유상황보고서(일반),이희용
20260319001160,20260319,코스피,삼양바이오팜,0120G0,주식등의대량보유상황보고서(일반),김윤
20260319001157,20260319,코스닥,아이오케이이엔엠,078860,주식등의대량보유상황보고서(약식),아름드리코퍼레이션
20260319001045,20260319,코스닥,LB인베스트먼트,309960,주식등의대량보유상황보고서(일반),엘비
20260319001020,20260319,코스닥,핌스,347770,주식등의대량보유상황보고서(일반),주광연
20260319000996,20260319,코스피,삼양홀딩스,000070,주식등의대량보유상황보고서(일반),김윤
20260319000986,20260319,코스닥,엑스플러스,373200,주식등의대량보유상황보고서(일반),엑스페릭스
20260319000962,20260319,코스닥,아이윈,090150,주식등의대량보유상황보고서(일반),신규진
20260319000945,20260319,코스피,한솔테크닉스,004710,주식등의대량보유상황보고서(일반),한솔홀딩스
20260319000941,20260319,코스닥,대동스틸,048470,주식등의대량보유상황보고서(약식),포스코
20260319000920,20260319,코스피,에스디바이오센서,137310,주식등의대량보유상황보고서(일반),조영식
20260319000919,20260319,코스피,엑시큐어하이트론,019490,주식등의대량보유상황보고서(일반),컨두잇투자자문
20260319000883,20260319,코스닥,티에스넥스젠,043220,주식등의대량보유상황보고서(일반),시스코바이오투자조합
20260319000861,20260319,코스피,상상인증권,001290,주식등의대량보유상황보고서(일반),상상인
20260319000829,20260319,코스닥,한주라이트메탈,198940,주식등의대량보유상황보고서(일반),이용진
20260319000805,20260319,코스닥,한국정보통신,025770,주식등의대량보유상황보고서(일반),박헌서
20260319000802,20260319,코스피,풍산홀딩스,005810,주식등의대량보유상황보고서(일반),류진
20260319000798,20260319,코스닥,자연과환경,043910,[기재정정]주식등의대량보유상황보고서(일반),데이터테크놀로지
20260319000792,20260319,코스닥,와이바이오로직스,338840,주식등의대량보유상황보고서(일반),박영우
20260319000790,20260319,코스닥,HLB제넥스,187420,주식등의대량보유상황보고서(일반),HLB
20260319000786,20260319,코스닥,와이즈넛,096250,주식등의대량보유상황보고서(약식),안광일
20260319000761,20260319,코스닥,셀레믹스,331920,[기재정정]주식등의대량보유상황보고서(일반),박종갑
20260319000736,20260319,코스닥,파인엠텍,441270,주식등의대량보유상황보고서(일반),홍성천
20260319000678,20260319,코스피,SB성보,003080,주식등의대량보유상황보고서(일반),윤정선
20260319000636,20260319,코스닥,셀레믹스,331920,[기재정정]주식등의대량보유상황보고서(일반),박종갑
20260319000533,20260319,코스피,애경케미칼,161000,주식등의대량보유상황보고서(일반),AK홀딩스
20260319000519,20260319,코스닥,카나프테라퓨틱스,0082N0,주식등의대량보유상황보고서(약식),코오롱인베스트먼트
20260319000518,20260319,코스피,AK홀딩스,006840,주식등의대량보유상황보고서(일반),채형석
20260319000491,20260319,코스닥,카나프테라퓨틱스,0082N0,주식등의대량보유상황보고서(약식),프리미어파트너스
20260319000431,20260319,코스피,한국앤컴퍼니,000240,주식등의대량보유상황보고서(일반),조현범
20260319000397,20260319,코스닥,힘스,238490,주식등의대량보유상황보고서(일반),김주환
20260319000353,20260319,코스닥,제테마,216080,주식등의대량보유상황보고서(일반),김재영
20260319000258,20260319,코스닥,세니젠,188260,주식등의대량보유상황보고서(일반),박정웅
20260319000250,20260319,코스닥,씨앤지하이테크,264660,주식등의대량보유상황보고서(일반),홍사문
20260319000241,20260319,코스닥,리드코프,012700,주식등의대량보유상황보고서(일반),디케이마린
20260319000235,20260319,코스닥,리메드,302550,주식등의대량보유상황보고서(일반),이근용
20260319000202,20260319,코스닥,나인앤컴퍼니,366030,주식등의대량보유상황보고서(일반),씨씨지모뉴먼트홀딩스
20260318001600,20260318,코스닥,인카금융서비스,211050,주식등의대량보유상황보고서(일반),최병채
20260318001517,20260318,코스닥,대원미디어,048910,주식등의대량보유상황보고서(일반),정욱
20260318001487,20260318,코스닥,청보,013720,주식등의대량보유상황보고서(약식),배진한
20260318001335,20260318,코스닥,와이지-원,019210,주식등의대량보유상황보고서(일반),와이밸류업
20260318001281,20260318,코스피,셀트리온,068270,주식등의대량보유상황보고서(일반),셀트리온홀딩스
20260318001261,20260318,코스닥,파인디앤씨,049120,주식등의대량보유상황보고서(일반),홍성천
20260318001258,20260318,코스피,LF,093050,주식등의대량보유상황보고서(일반),구본걸
20260318001184,20260318,코스피,진양홀딩스,100250,주식등의대량보유상황보고서(일반),KPX홀딩스
20260318001164,20260318,코스닥,셀레믹스,331920,주식등의대량보유상황보고서(일반),김효기
20260318001148,20260318,코스닥,팬젠,222110,주식등의대량보유상황보고서(일반),화일약품
20260318001146,20260318,코스닥,한주라이트메탈,198940,주식등의대량보유상황보고서(일반),이용진
20260318001085,20260318,코스닥,CJ프레시웨이,051500,주식등의대량보유상황보고서(약식),미래에셋자산운용
20260318001083,20260318,코스닥,엠케이전자,033160,주식등의대량보유상황보고서(약식),미래에셋자산운용
20260318001060,20260318,코스피,마니커,027740,주식등의대량보유상황보고서(일반),이지홀딩스
20260318000975,20260318,코스피,DB손해보험,005830,주식등의대량보유상황보고서(일반),김준기
20260318000907,20260318,코스닥,저스템,417840,주식등의대량보유상황보고서(일반),임영진
20260318000890,20260318,코스닥,셀레믹스,331920,주식등의대량보유상황보고서(일반),박종갑
20260318000847,20260318,코스피,크래프톤,259960,주식등의대량보유상황보고서(일반),장병규
20260318000843,20260318,코스피,쏘카,403550,주식등의대량보유상황보고서(일반),에스오큐알아이
20260318000815,20260318,코스피,한솔홀딩스,004150,주식등의대량보유상황보고서(일반),조동길
20260318000814,20260318,코스닥,상보,027580,주식등의대량보유상황보고서(일반),김상근
20260318000812,20260318,코스닥,슈프리마에이치큐,094840,주식등의대량보유상황보고서(약식),숨마문화재단
20260318000769,20260318,코스닥,제노레이,122310,주식등의대량보유상황보고서(일반),박병욱
20260318000644,20260318,코스닥,솔트웨어,328380,주식등의대량보유상황보고서(일반),이정근
20260318000591,20260318,코스닥,씨엔플러스,115530,주식등의대량보유상황보고서(약식),이그라운드
20260318000587,20260318,코스닥,엔피케이,048830,주식등의대량보유상황보고서(일반),최상건
20260318000573,20260318,코스닥,엠투엔,033310,주식등의대량보유상황보고서(일반),디케이마린
20260318000515,20260318,코스피,현대모비스,012330,주식등의대량보유상황보고서(일반),기아
20260318000512,20260318,코스피,HL홀딩스,060980,주식등의대량보유상황보고서(일반),정몽원
20260318000483,20260318,코스피,HS화성,002460,주식등의대량보유상황보고서(약식),경산건설
20260318000470,20260318,코스닥,노머스,473980,주식등의대량보유상황보고서(약식),타이거자산운용투자일임
20260318000393,20260318,코스닥,엔지켐생명과학,183490,[기재정정]주식등의대량보유상황보고서(일반),브리짓라이프사이언스
20260318000325,20260318,코스닥,토비스,051360,주식등의대량보유상황보고서(일반),김용범
20260318000304,20260318,코스피,지누스,013890,주식등의대량보유상황보고서(약식),노경열
20260318000275,20260318,코스닥,에스에너지,095910,주식등의대량보유상황보고서(일반),홍성민
20260318000241,20260318,코스닥,아이디피,332370,주식등의대량보유상황보고서(일반),아이디스홀딩스
20260318000199,20260318,코스닥,싸이맥스,160980,주식등의대량보유상황보고서(일반),인지컨트롤스
20260318000184,20260318,코스닥,인지디스플레,037330,주식등의대량보유상황보고서(일반),인지컨트롤스
20260318000163,20260318,코스피,인지컨트롤스,023800,주식등의대량보유상황보고서(일반),정혜승
20260318000157,20260318,코스피,인지컨트롤스,023800,주식등의대량보유상황보고서(일반),정구용
20260318000078,20260318,코스닥,대성하이텍,129920,주식등의대량보유상황보고서(일반),최호형
20260317000866,20260317,코스피,케이탑리츠,145270,주식등의대량보유상황보고서(약식),김철
20260317000865,20260317,코스닥,에임드바이오,0009K0,주식등의대량보유상황보고서(약식),인터베스트
20260317000849,20260317,코스닥,에코캡,128540,주식등의대량보유상황보고서(일반),김창규
20260317000843,20260317,코스닥,지앤비에스 에코,382800,주식등의대량보유상황보고서(일반),CSCLEANSYSTEMSAG
20260317000793,20260317,코스피,시알홀딩스,000480,주식등의대량보유상황보고서(일반),이인옥
20260317000777,20260317,코스피,조선내화,462520,주식등의대량보유상황보고서(일반),시알홀딩스
20260317000762,20260317,코스피,대림통상,006570,주식등의대량보유상황보고서(일반),디앤디파트너스
20260317000734,20260317,코스닥,코미코,183300,주식등의대량보유상황보고서(일반),미코
20260317000718,20260317,코스피,다우기술,023590,주식등의대량보유상황보고서(일반),다우데이타
20260317000693,20260317,코스닥,이퓨쳐,134060,주식등의대량보유상황보고서(일반),이기현
20260317000682,20260317,코스피,한농화성,011500,주식등의대량보유상황보고서(일반),김응상
20260317000662,20260317,코스피,휴니드테크놀러지스,005870,주식등의대량보유상황보고서(일반),김유진
20260317000657,20260317,코스닥,마크로젠,038290,주식등의대량보유상황보고서(일반),서정선
20260317000652,20260317,코스닥,카나프테라퓨틱스,0082N0,주식등의대량보유상황보고서(일반),LEE BYOUNG CHUL
20260317000643,20260317,코스닥,서진시스템,178320,주식등의대량보유상황보고서(일반),전동규
20260317000627,20260317,코스피,미래아이앤지,007120,주식등의대량보유상황보고서(일반),스텔라이노베이션투자목적회사
20260317000613,20260317,코스닥,티쓰리,204610,주식등의대량보유상황보고서(일반),김기영
20260317000608,20260317,코스닥,한울반도체,320000,주식등의대량보유상황보고서(일반),한울소재과학
20260317000603,20260317,코스닥,비엘팜텍,065170,주식등의대량보유상황보고서(약식),상상콘텐츠투자조합
20260317000601,20260317,코스닥,한울소재과학,091440,주식등의대량보유상황보고서(일반),루시
20260317000590,20260317,코스닥,톱텍,108230,주식등의대량보유상황보고서(일반),이재환
20260317000556,20260317,코스피,한온시스템,018880,주식등의대량보유상황보고서(일반),한국타이어앤테크놀로지
20260317000497,20260317,코스닥,스코넥,276040,주식등의대량보유상황보고서(약식),에프비에이치글로벌투자조합1호
20260317000461,20260317,코스피,아모레퍼시픽,090430,주식등의대량보유상황보고서(약식),국민연금공단
20260317000458,20260317,코스닥,수성웹툰,084180,주식등의대량보유상황보고서(일반),투믹스홀딩스
20260317000451,20260317,코스피,호텔신라,008770,주식등의대량보유상황보고서(약식),국민연금공단
20260317000407,20260317,코스닥,아스테라시스,450950,주식등의대량보유상황보고서(일반),서은택
20260317000394,20260317,코스닥,케이이엠텍,106080,주식등의대량보유상황보고서(일반),에이치에스홀딩스
20260317000327,20260317,코스피,조비,001550,주식등의대량보유상황보고서(일반),경농
20260317000324,20260317,코스닥,파이온엑스,900100,주식등의대량보유상황보고서(일반),보경주택건설
20260317000257,20260317,코스닥,HLB이노베이션,024850,주식등의대량보유상황보고서(일반),HLB
20260317000251,20260317,코스닥,HLB테라퓨틱스,115450,주식등의대량보유상황보고서(일반),HLB
20260317000246,20260317,코스닥,HLB파나진,046210,주식등의대량보유상황보고서(일반),HLB
20260317000213,20260317,코스닥,씨유메디칼,115480,주식등의대량보유상황보고서(일반),씨유코퍼레이션
20260317000120,20260317,코스닥,브이씨,365900,주식등의대량보유상황보고서(일반),김준오
20260316001655,20260317,코스닥,비츠로시스,054220,주식등의대량보유상황보고서(일반),브이에이치1
20260316001530,20260316,코스닥,티로보틱스,117730,주식등의대량보유상황보고서(일반),안승욱
20260316001464,20260316,코스닥,폴라리스오피스,041020,주식등의대량보유상황보고서(일반),조성우
20260316001416,20260316,코스닥,액스비스,0011A0,주식등의대량보유상황보고서(약식),이노폴리스파트너스
20260316001230,20260316,코스닥,삼지전자,037460,주식등의대량보유상황보고서(약식),브이아이피자산운용
20260316001184,20260316,코스닥,신도기연,290520,주식등의대량보유상황보고서(일반),박웅기
20260316001154,20260316,코스닥,대한광통신,010170,주식등의대량보유상황보고서(일반),티에프오인더스트리
20260316001114,20260316,코스피,녹십자홀딩스,005250,주식등의대량보유상황보고서(일반),허일섭
20260316001105,20260316,코스닥,이지트로닉스,377330,주식등의대량보유상황보고서(일반),강찬호
20260316001041,20260316,코스피,우진,105840,주식등의대량보유상황보고서(일반),이재원
20260316001023,20260316,코스닥,원텍,336570,주식등의대량보유상황보고서(일반),김종원
20260316000999,20260316,코스닥,엔지켐생명과학,183490,주식등의대량보유상황보고서(일반),브리짓라이프사이언스
20260316000960,20260316,코스닥,코텍,052330,주식등의대량보유상황보고서(일반),아이디스홀딩스
20260316000959,20260316,코스피,인팩,023810,주식등의대량보유상황보고서(일반),최오길
20260316000943,20260316,코스닥,희림,037440,주식등의대량보유상황보고서(일반),정영균
20260316000913,20260316,코스닥,진바이오텍,086060,주식등의대량보유상황보고서(일반),김성호
20260316000841,20260316,코스피,블루산업개발,006740,주식등의대량보유상황보고서(일반),피엠에이조합
20260316000815,20260316,코스닥,나인앤컴퍼니,366030,주식등의대량보유상황보고서(일반),김주영
20260316000808,20260316,코스피,조광피혁,004700,주식등의대량보유상황보고서(약식),박영옥
20260316000773,20260316,코스닥,큐로홀딩스,051780,주식등의대량보유상황보고서(일반),케이파트너스
20260316000717,20260316,코스피,KBI동양철관,008970,주식등의대량보유상황보고서(일반),케이비아이동국실업
20260316000584,20260316,코스닥,그린플러스,186230,주식등의대량보유상황보고서(일반),박영환
20260316000571,20260316,코스닥,지아이텍,382480,주식등의대량보유상황보고서(일반),이인영
20260316000488,20260316,코스닥,씨엑스아이,900120,[기재정정]주식등의대량보유상황보고서(약식),RUIXINGINTERNATIONALHOLDINGSLIMITED
20260316000453,20260316,코스닥,싸이버원,356890,주식등의대량보유상황보고서(일반),김용옥
20260316000452,20260316,코스피,에스디바이오센서,137310,주식등의대량보유상황보고서(일반),조영식
20260316000207,20260316,코스닥,오상자이엘,053980,주식등의대량보유상황보고서(일반),오상
20260316000186,20260316,코스닥,드림어스컴퍼니,060570,주식등의대량보유상황보고서(일반),비마이프렌즈
20260316000113,20260316,코스닥,동신건설,025950,주식등의대량보유상황보고서(일반),김근한
20260316000087,20260316,코스닥,인카금융서비스,211050,[기재정정]주식등의대량보유상황보고서(일반),최병채
20260316000070,20260316,코스닥,인카금융서비스,211050,주식등의대량보유상황보고서(일반),김선식
20260316000027,20260316,코스닥,휴엠앤씨,263920,주식등의대량보유상황보고서(일반),휴온스글로벌
20260316000023,20260316,코스닥,엑시온그룹,069920,주식등의대량보유상황보고서(약식),초이스엔
20260316000008,20260316,코스피,한국타이어앤테크놀로지,161390,[기재정정]주식등의대량보유상황보고서(일반),한국앤컴퍼니
20260316000006,20260316,코스피,코웨이,021240,[기재정정]주식등의대량보유상황보고서(일반),얼라인파트너스자산운용
20260313001356,20260313,코스피,대호에이엘,069460,주식등의대량보유상황보고서(일반),대호신기술투자조합
20260313001350,20260313,코스닥,케이엔알시스템,199430,주식등의대량보유상황보고서(일반),김명한
20260313001346,20260313,코스닥,성호전자,043260,주식등의대량보유상황보고서(일반),서룡전자
20260313001327,20260313,코스닥,한빛레이저,452190,주식등의대량보유상황보고서(일반),김정묵
20260313001319,20260313,코스닥,TPC로보틱스,048770,주식등의대량보유상황보고서(일반),엄주섭
20260313001315,20260313,코스닥,아리바이오홀딩스,290690,주식등의대량보유상황보고서(일반),정재준
20260313001303,20260313,코스닥,앱튼,270520,주식등의대량보유상황보고서(일반),에이프로젠
20260313001267,20260313,코스닥,아이티엠반도체,084850,주식등의대량보유상황보고서(일반),NICE
20260313001214,20260313,코스닥,폰드그룹,472850,주식등의대량보유상황보고서(일반),대명화학
20260313001212,20260313,코스피,미래에셋생명,085620,주식등의대량보유상황보고서(일반),미래에셋증권
20260313001209,20260313,코스피,유니켐,011330,주식등의대량보유상황보고서(약식),이노네트
20260313001151,20260313,코스피,세진중공업,075580,주식등의대량보유상황보고서(일반),윤지원
20260313001121,20260313,코스피,유니켐,011330,주식등의대량보유상황보고서(약식),엠제이홀딩컴퍼니
20260313001117,20260313,코스닥,에이치피오,357230,주식등의대량보유상황보고서(일반),이현용
20260313001115,20260313,코스피,아이에스동서,010780,주식등의대량보유상황보고서(일반),권혁운
20260313001110,20260313,코스닥,하림지주,003380,주식등의대량보유상황보고서(일반),김홍국
20260313001062,20260313,코스닥,대성미생물,036480,주식등의대량보유상황보고서(일반),인실리코
20260313001058,20260313,코스피,HD현대,267250,주식등의대량보유상황보고서(일반),정몽준
20260313000996,20260313,코스닥,신스틸,162300,주식등의대량보유상황보고서(일반),신승곤
20260313000989,20260313,코스닥,대성미생물,036480,주식등의대량보유상황보고서(일반),이동규
20260313000972,20260313,코스닥,지니언스,263860,주식등의대량보유상황보고서(일반),이동범
20260313000966,20260313,코스닥,와이엠티,251370,주식등의대량보유상황보고서(일반),전성욱
20260313000961,20260313,코스피,유니켐,011330,주식등의대량보유상황보고서(일반),제이에이치사람들
20260313000947,20260313,코스닥,리더스코스메틱,016100,주식등의대량보유상황보고서(일반),김진구
20260313000937,20260313,코스닥,뉴온,123840,주식등의대량보유상황보고서(일반),케이피엠테크
20260313000913,20260313,코스닥,에스팀,458350,주식등의대량보유상황보고서(일반),에스엠
20260313000907,20260313,코스닥,헥토이노베이션,214180,주식등의대량보유상황보고서(일반),이경민
20260313000887,20260313,코스닥,파이버프로,368770,[기재정정]주식등의대량보유상황보고서(일반),고연완
20260313000885,20260313,코스닥,가온칩스,399720,주식등의대량보유상황보고서(일반),정규동
20260313000869,20260313,코스피,금양,001570,주식등의대량보유상황보고서(일반),류광지
20260313000868,20260313,코스닥,파이버프로,368770,[기재정정]주식등의대량보유상황보고서(일반),고연완
20260313000857,20260313,코스닥,오리콤,010470,주식등의대량보유상황보고서(일반),두산
20260313000849,20260313,코스닥,이렘,009730,주식등의대량보유상황보고서(일반),에스앤티제1호투자조합
20260313000780,20260313,코스닥,이렘,009730,주식등의대량보유상황보고서(약식),아라스틸산업
20260313000762,20260313,코스닥,파버나인,177830,주식등의대량보유상황보고서(일반),이제훈
20260313000726,20260313,코스닥,RFHIC,218410,주식등의대량보유상황보고서(약식),MORGANSTANLEY&COINTLPLC
20260313000677,20260313,코스닥,제이앤티씨,204270,주식등의대량보유상황보고서(일반),진우엔지니어링
20260313000627,20260313,코스닥,씨앤투스,352700,주식등의대량보유상황보고서(일반),하춘욱
20260313000620,20260313,코스피,SK이터닉스,475150,주식등의대량보유상황보고서(일반),ECLIPSEHOLDCOL.P.
20260313000495,20260313,코스닥,에스티팜,237690,주식등의대량보유상황보고서(일반),동아쏘시오홀딩스
20260313000459,20260313,코스닥,지에프씨생명과학,388610,주식등의대량보유상황보고서(일반),강희철
20260313000349,20260313,코스닥,엑시온그룹,069920,주식등의대량보유상황보고서(약식),베이트리
20260313000314,20260313,코스닥,에어레인,163280,주식등의대량보유상황보고서(일반),하성용
20260313000300,20260313,코스닥,케이엠제약,225430,주식등의대량보유상황보고서(일반),BAIK BRIAN SEUNG WON(백승원)
20260313000222,20260313,코스닥,파이버프로,368770,주식등의대량보유상황보고서(일반),고연완
20260313000221,20260313,코스닥,아이스크림미디어,461300,주식등의대량보유상황보고서(일반),시공테크
20260313000200,20260313,코스닥,인티큐브,070590,[기재정정]주식등의대량보유상황보고서(일반),플레이버스
20260313000155,20260313,코스닥,엑시온그룹,069920,주식등의대량보유상황보고서(약식),정일산업
20260313000131,20260313,코스닥,알엔투테크놀로지,148250,주식등의대량보유상황보고서(약식),바로저축은행
20260313000052,20260313,코스닥,코스메카코리아,241710,주식등의대량보유상황보고서(일반),박은희
20260312001452,20260313,코스닥,에스팀,458350,주식등의대량보유상황보고서(약식),위벤처스
20260312001409,20260312,코스피,코웨이,021240,주식등의대량보유상황보고서(일반),얼라인파트너스자산운용
20260312001393,20260312,코스피,케이뱅크,279570,주식등의대량보유상황보고서(약식),우리은행
20260312001371,20260312,코스닥,이렘,009730,주식등의대량보유상황보고서(약식),코스틸
20260312001344,20260312,코스피,콜마홀딩스,024720,주식등의대량보유상황보고서(일반),윤상현
20260312001311,20260312,코스피,남양유업,003920,주식등의대량보유상황보고서(일반),한앤코유업홀딩스
20260312001274,20260312,코스닥,씨엑스아이,900120,주식등의대량보유상황보고서(약식),RUIXINGINTERNATIONALHOLDINGSLIMITED
20260312001262,20260312,코스닥,에스팀,458350,주식등의대량보유상황보고서(일반),김소연
20260312001216,20260312,코스닥,핌스,347770,주식등의대량보유상황보고서(일반),주광연
20260312001204,20260312,코스피,디와이파워,210540,주식등의대량보유상황보고서(일반),디와이
20260312001191,20260312,코스닥,빌리언스,044480,주식등의대량보유상황보고서(일반),휴마시스
20260312001174,20260312,코스피,케이뱅크,279570,주식등의대량보유상황보고서(약식),"BCCKINGPIN,LLC"
20260312001151,20260312,코스닥,페니트리움바이오,187660,주식등의대량보유상황보고서(일반),현대바이오
20260312001139,20260312,코스닥,씨엑스아이,900120,주식등의대량보유상황보고서(일반),LIN JINSHENG
20260312001131,20260312,코스닥,아이엘,307180,주식등의대량보유상황보고서(일반),송성근
20260312001111,20260312,코스피,디와이,013570,주식등의대량보유상황보고서(일반),조병호
20260312001099,20260312,코스닥,미코,059090,주식등의대량보유상황보고서(일반),전선규
20260312001065,20260312,코스닥,엠케이전자,033160,주식등의대량보유상황보고서(일반),오션비홀딩스
20260312001038,20260312,코스피,팬오션,028670,주식등의대량보유상황보고서(일반),하림지주
20260312001007,20260312,코스닥,비보존 제약,082800,주식등의대량보유상황보고서(일반),비보존홀딩스
20260312000926,20260312,코스닥,리메드,302550,주식등의대량보유상황보고서(일반),이근용
20260312000914,20260312,코스닥,젬백스,082270,주식등의대량보유상황보고서(일반),젬앤컴퍼니
20260312000876,20260312,코스피,이수페타시스,007660,주식등의대량보유상황보고서(일반),이수
20260312000866,20260312,코스닥,현대바이오,048410,주식등의대량보유상황보고서(약식),삼성자산운용
20260312000837,20260312,코스닥,티씨케이,064760,주식등의대량보유상황보고서(약식),삼성자산운용
20260312000825,20260312,코스닥,오스코텍,039200,주식등의대량보유상황보고서(약식),삼성자산운용
20260312000818,20260312,코스닥,에프에스티,036810,주식등의대량보유상황보고서(약식),삼성자산운용
20260312000789,20260312,코스닥,SFA넥셀,222080,주식등의대량보유상황보고서(약식),삼성자산운용
20260312000784,20260312,코스닥,대주전자재료,078600,주식등의대량보유상황보고서(약식),삼성자산운용
20260312000766,20260312,코스피,크래프톤,259960,주식등의대량보유상황보고서(일반),장병규
20260312000763,20260312,코스닥,엠젠솔루션,032790,주식등의대량보유상황보고서(일반),트렌스젠바이오
20260312000760,20260312,코스닥,알에프텍,061040,주식등의대량보유상황보고서(일반),알에프스탠다드
20260312000758,20260312,코스닥,HLB,028300,주식등의대량보유상황보고서(약식),삼성자산운용
20260312000754,20260312,코스피,현대글로비스,086280,주식등의대량보유상황보고서(일반),정의선
20260312000717,20260312,코스피,태광산업,003240,[기재정정]주식등의대량보유상황보고서(일반),트러스톤자산운용
20260312000683,20260312,코스닥,미래생명자원,218150,주식등의대량보유상황보고서(일반),김성진
20260312000545,20260312,코스닥,아크릴,0007C0,주식등의대량보유상황보고서(일반),박외진
20260312000527,20260312,코스닥,매커스,093520,주식등의대량보유상황보고서(약식),피델리티매니지먼트앤리서치컴퍼니엘엘씨
20260312000515,20260312,코스닥,러셀,217500,주식등의대량보유상황보고서(일반),권순욱
20260312000465,20260312,코스닥,대진첨단소재,393970,주식등의대량보유상황보고서(일반),유성준
20260312000400,20260312,코스닥,이지스,261520,주식등의대량보유상황보고서(일반),김성호
20260312000340,20260312,코스닥,네오위즈,095660,주식등의대량보유상황보고서(약식),NorgesBank
20260312000280,20260312,코스피,한국타이어앤테크놀로지,161390,주식등의대량보유상황보고서(일반),한국앤컴퍼니
20260312000263,20260312,코스피,케이뱅크,279570,주식등의대량보유상황보고서(약식),KhanSSL.P.
20260312000218,20260312,코스닥,DMS,068790,주식등의대량보유상황보고서(일반),박용석
20260312000154,20260312,코스닥,서플러스글로벌,140070,주식등의대량보유상황보고서(일반),김정웅
20260312000073,20260312,코스닥,이노테나,333050,주식등의대량보유상황보고서(일반),김인수
20260312000064,20260312,코스닥,지어소프트,051160,주식등의대량보유상황보고서(약식),MiriCapitalManagementLLC
20260312000017,20260312,코스피,대한해운,005880,주식등의대량보유상황보고서(일반),에스엠상선
20260311004651,20260312,코스닥,모아데이타,288980,주식등의대량보유상황보고서(약식),상상콘텐츠투자조합
20260311004624,20260311,코스닥,에이텍,045660,주식등의대량보유상황보고서(일반),신승영
20260311004623,20260311,코스피,온타이드,005320,주식등의대량보유상황보고서(일반),약진통상
20260311004521,20260311,코스닥,아이엘,307180,주식등의대량보유상황보고서(일반),송성근
20260311004501,20260311,코스피,케이뱅크,279570,주식등의대량보유상황보고서(일반),비씨카드
20260311004453,20260311,코스닥,오이솔루션,138080,주식등의대량보유상황보고서(일반),박찬
20260311004443,20260311,코스닥,한텍,098070,주식등의대량보유상황보고서(약식),지브이에이자산운용
20260311004437,20260311,코스피,NICE,034310,주식등의대량보유상황보고서(일반),김원우
20260311004401,20260311,코스닥,차바이오텍,085660,주식등의대량보유상황보고서(일반),차광렬
20260311004400,20260311,코스피,에스디바이오센서,137310,주식등의대량보유상황보고서(일반),조영식
20260311004337,20260311,코스닥,이엔셀,456070,주식등의대량보유상황보고서(일반),장종욱
20260311004228,20260311,코스닥,일월지엠엘,178780,주식등의대량보유상황보고서(일반),일월
20260311004186,20260311,코스피,KB금융,105560,주식등의대량보유상황보고서(약식),BlackRockFundAdvisors
20260311004171,20260311,코스닥,에이치엘사이언스,239610,주식등의대량보유상황보고서(일반),이해연
20260311004167,20260311,코스닥,휴림로봇,090710,주식등의대량보유상황보고서(일반),휴림홀딩스
20260311004150,20260311,코스닥,한울반도체,320000,주식등의대량보유상황보고서(일반),한울소재과학
20260311004130,20260311,코스닥,메카로,241770,[기재정정]주식등의대량보유상황보고서(일반),이재정
20260311004127,20260311,코스닥,엔지켐생명과학,183490,주식등의대량보유상황보고서(일반),브리짓라이프사이언스
20260311004099,20260311,코스닥,한라캐스트,125490,주식등의대량보유상황보고서(일반),오종두
20260311004091,20260311,코스닥,에이텍모빌리티,224110,주식등의대량보유상황보고서(일반),신승영
20260311003990,20260311,코스닥,동원개발,013120,주식등의대량보유상황보고서(일반),장복만
20260311003976,20260311,코스닥,엔비티,236810,주식등의대량보유상황보고서(일반),박수근
20260311003939,20260311,코스피,iM금융지주,139130,주식등의대량보유상황보고서(약식),오케이캐피탈
20260311003937,20260311,코스피,KB스타리츠,432320,주식등의대량보유상황보고서(약식),코람코주택도시기금위탁관리부동산투자회사
20260311003884,20260311,코스피,세아홀딩스,058650,주식등의대량보유상황보고서(일반),이태성
20260311003869,20260311,코스피,케이뱅크,279570,주식등의대량보유상황보고서(약식),NH투자증권
20260311003851,20260311,코스닥,지엔코,065060,주식등의대량보유상황보고서(일반),크레오에스지
20260311003844,20260311,코스닥,크레오에스지,040350,주식등의대량보유상황보고서(일반),큐로홀딩스
20260311003841,20260311,코스닥,티피씨글로벌,130740,주식등의대량보유상황보고서(일반),이정훈
20260311003763,20260311,코스피,iM금융지주,139130,주식등의대량보유상황보고서(약식),오케이저축은행
20260311003686,20260311,코스닥,에코프로비엠,247540,주식등의대량보유상황보고서(일반),에코프로
20260311003659,20260311,코스닥,큐로셀,372320,주식등의대량보유상황보고서(일반),김건수
20260311003619,20260311,코스닥,흥국에프엔비,189980,[기재정정]주식등의대량보유상황보고서(일반),오길영
20260311003468,20260311,코스피,F&F,383220,주식등의대량보유상황보고서(약식),NorgesBank
20260311003385,20260311,코스닥,워트,396470,주식등의대량보유상황보고서(일반),박승배
20260311003360,20260311,코스닥,모아데이타,288980,주식등의대량보유상황보고서(약식),상상콘텐츠투자조합
20260311003338,20260311,코스닥,KBI메탈,024840,주식등의대량보유상황보고서(일반),케이비아이국인산업
20260311003287,20260311,코스닥,미트박스,475460,주식등의대량보유상황보고서(약식),박진호
20260311003239,20260311,코스닥,슈프리마,236200,주식등의대량보유상황보고서(약식),더제이자산운용
20260311003218,20260311,코스닥,케이엠제약,225430,주식등의대량보유상황보고서(일반),강일모
20260310003115,20260311,코스닥,선익시스템,171090,[기재정정]주식등의대량보유상황보고서(약식),타임폴리오자산운용
20260310003085,20260310,코스닥,콜마바이오텍,215380,주식등의대량보유상황보고서(일반),콜마홀딩스
20260310003080,20260310,코스닥,선익시스템,171090,주식등의대량보유상황보고서(약식),타임폴리오자산운용
20260310003075,20260310,코스닥,제테마,216080,주식등의대량보유상황보고서(약식),한국투자증권
20260310003065,20260310,코스닥,리브스메드,491000,주식등의대량보유상황보고서(약식),스톤브릿지벤처스
20260310003057,20260310,코스닥,주성엔지니어링,036930,주식등의대량보유상황보고서(일반),황철주
20260310003020,20260310,코스피,바이오노트,377740,주식등의대량보유상황보고서(일반),조영식
20260310003013,20260310,코스피,제이알글로벌리츠,348950,주식등의대량보유상황보고서(약식),지브이에이자산운용
20260310003008,20260310,코스닥,웰킵스하이텍,043590,주식등의대량보유상황보고서(일반),웰킵스홀딩스
20260310003005,20260310,코스피,제주항공,089590,주식등의대량보유상황보고서(일반),AK홀딩스
20260310002993,20260310,코스닥,인티큐브,070590,주식등의대량보유상황보고서(일반),플레이버스
20260310002975,20260310,코스닥,코텍,052330,주식등의대량보유상황보고서(약식),대신-뉴젠 신기술투자조합 제2호
20260310002970,20260310,코스닥,수성웹툰,084180,주식등의대량보유상황보고서(약식),상상인저축은행
20260310002962,20260310,코스피,대호에이엘,069460,주식등의대량보유상황보고서(약식),상상인저축은행
20260310002955,20260310,코스닥,콜마바이오텍,215380,주식등의대량보유상황보고서(일반),천희정
20260310002950,20260310,코스닥,쎄니트,037760,주식등의대량보유상황보고서(일반),최재관
20260310002948,20260310,코스피,대양금속,009190,주식등의대량보유상황보고서(일반),디와이엠파트너스
20260310002947,20260310,코스닥,에이전트AI,060900,주식등의대량보유상황보고서(약식),상상인저축은행
20260310002930,20260310,코스피,에코프로머티,450080,주식등의대량보유상황보고서(일반),"BRVLOTUSGROWTHFUND2015,L.P."
20260310002927,20260310,코스피,영원무역홀딩스,009970,주식등의대량보유상황보고서(약식),브이아이피자산운용
20260310002920,20260310,코스피,KB발해인프라,415640,주식등의대량보유상황보고서(약식),국민은행
20260310002909,20260310,코스닥,에이치브이엠,295310,주식등의대량보유상황보고서(일반),문승호
20260310002902,20260310,코스닥,아이텍,119830,주식등의대량보유상황보고서(약식),컴파-키움 OSAT 신기술사업투자조합
20260310002881,20260310,코스피,SK이터닉스,475150,주식등의대량보유상황보고서(일반),SK디스커버리
20260310002865,20260310,코스닥,알체라,347860,주식등의대량보유상황보고서(일반),황영규
20260310002862,20260310,코스닥,이랜텍,054210,주식등의대량보유상황보고서(일반),이해성
20260310002852,20260310,코스닥,코디,080530,주식등의대량보유상황보고서(약식),시너지파트너스
20260310002848,20260310,코스닥,엑스큐어,070300,주식등의대량보유상황보고서(약식),하이츠투자조합
20260310002846,20260310,코스닥,엠투엔,033310,주식등의대량보유상황보고서(일반),디케이마린
20260310002823,20260310,코스피,온타이드,005320,주식등의대량보유상황보고서(일반),크리스에프앤씨
20260310002811,20260310,코스닥,지아이이노베이션,358570,주식등의대량보유상황보고서(일반),장명호
20260310002793,20260310,코스닥,헝셩그룹,900270,주식등의대량보유상황보고서(일반),후이훙위엔
20260310002787,20260310,코스닥,포커스에이아이,331380,주식등의대량보유상황보고서(약식),상상인플러스저축은행
20260310002782,20260310,코스닥,다산솔루에타,154040,주식등의대량보유상황보고서(일반),다산인베스트
20260310002780,20260310,코스닥,야스,255440,주식등의대량보유상황보고서(일반),정광호
20260310002769,20260310,코스닥,한울반도체,320000,주식등의대량보유상황보고서(약식),빛과전자
20260310002763,20260310,코스닥,수성웹툰,084180,주식등의대량보유상황보고서(일반),투믹스홀딩스
20260310002757,20260310,코스닥,HC보광산업,225530,주식등의대량보유상황보고서(일반),HC홈센타
20260310002747,20260310,코스닥,이엔셀,456070,주식등의대량보유상황보고서(약식),NH투자증권
20260310002743,20260310,코스닥,파수AI,150900,주식등의대량보유상황보고서(일반),조규곤
20260310002738,20260310,코스닥,하나머티리얼즈,166090,주식등의대량보유상황보고서(약식),삼성자산운용
20260310002731,20260310,코스닥,인티큐브,070590,주식등의대량보유상황보고서(일반),한솔홀딩스
20260310002727,20260310,코스닥,넥써쓰,205500,주식등의대량보유상황보고서(약식),에스티 45호 신기술투자조합
20260310002724,20260310,코스닥,와이지-원,019210,주식등의대량보유상황보고서(일반),송호근
20260310002723,20260310,코스닥,펩트론,087010,주식등의대량보유상황보고서(약식),삼성자산운용
20260310002720,20260310,코스닥,티쓰리,204610,주식등의대량보유상황보고서(약식),브이아이피자산운용
20260310002715,20260310,코스닥,덕산네오룩스,213420,주식등의대량보유상황보고서(약식),삼성자산운용
20260310002711,20260310,코스피,롯데칠성음료,005300,주식등의대량보유상황보고서(약식),브이아이피자산운용
20260310002700,20260310,코스닥,넥스틴,348210,주식등의대량보유상황보고서(약식),브이아이피자산운용
20260310002693,20260310,코스닥,가온칩스,399720,주식등의대량보유상황보고서(약식),삼성자산운용
20260310002691,20260310,코스닥,알파AI,043100,주식등의대량보유상황보고서(약식),김일
20260310002688,20260310,코스닥,티씨케이,064760,주식등의대량보유상황보고서(약식),케이씨
20260310002678,20260310,코스닥,한국알콜,017890,주식등의대량보유상황보고서(일반),트러스톤자산운용
20260310002675,20260310,코스닥,마이크로컨텍솔,098120,주식등의대량보유상황보고서(약식),에셋플러스자산운용
20260310002673,20260310,코스닥,솔브레인,357780,주식등의대량보유상황보고서(일반),정지완
20260310002669,20260310,코스닥,엑스플러스,373200,주식등의대량보유상황보고서(약식),팩토링플러스투자조합
20260310002640,20260310,코스닥,바이브컴퍼니,301300,주식등의대량보유상황보고서(약식),에이원자산운용
20260310002634,20260310,코스피,핸즈코퍼레이션,143210,주식등의대량보유상황보고서(일반),승현창
20260310002561,20260310,코스닥,액스비스,0011A0,주식등의대량보유상황보고서(일반),김명진
20260310002555,20260310,코스닥,천보,278280,주식등의대량보유상황보고서(약식),케이비증권
20260310002543,20260310,코스닥,메카로,241770,주식등의대량보유상황보고서(일반),이재정
20260310002529,20260310,코스닥,미래에셋비전스팩8호,0093G0,주식등의대량보유상황보고서(약식),비엔비자산운용
20260310002479,20260310,코스닥,아이에이,038880,주식등의대량보유상황보고서(일반),디씨이
20260310002475,20260310,코스닥,한중엔시에스,107640,주식등의대량보유상황보고서(약식),한화자산운용
20260310002456,20260310,코스닥,블리츠웨이엔터테인먼트,369370,주식등의대량보유상황보고서(일반),배용준
20260310002452,20260310,코스피,조비,001550,주식등의대량보유상황보고서(일반),경농
20260310002414,20260310,코스피,코리안리,003690,주식등의대량보유상황보고서(일반),장인순
20260310002348,20260310,코스피,부국증권,001270,주식등의대량보유상황보고서(약식),케이프투자증권
20260310002336,20260310,코스닥,한선엔지니어링,452280,주식등의대량보유상황보고서(약식),대신증권
20260310002274,20260310,코스닥,솔브레인,357780,주식등의대량보유상황보고서(약식),피델리티매니지먼트앤리서치컴퍼니엘엘씨
20260310002272,20260310,코스닥,모베이스,101330,주식등의대량보유상황보고서(일반),손병준
20260310002268,20260310,코스닥,바텍,043150,주식등의대량보유상황보고서(약식),피델리티매니지먼트앤리서치컴퍼니엘엘씨
20260310002255,20260310,코스닥,다우데이타,032190,주식등의대량보유상황보고서(약식),OrbisInvestmentManagementLimited
20260310002253,20260310,코스닥,비나텍,126340,주식등의대량보유상황보고서(일반),성도경
20260310002242,20260310,코스닥,로젠,033290,주식등의대량보유상황보고서(일반),대명화학
20260310002207,20260310,코스닥,HLB테라퓨틱스,115450,주식등의대량보유상황보고서(일반),HLB
20260310002204,20260310,코스닥,HLB이노베이션,024850,주식등의대량보유상황보고서(일반),HLB
20260310002201,20260310,코스닥,HLB파나진,046210,주식등의대량보유상황보고서(일반),HLB
20260310002114,20260310,코스피,에이엔피,015260,주식등의대량보유상황보고서(일반),와이에스피
20260310002087,20260310,코스닥,월덱스,101160,주식등의대량보유상황보고서(약식),브이아이피자산운용
20260310002026,20260310,코스피,한화오션,042660,주식등의대량보유상황보고서(약식),국민연금공단
20260310002022,20260310,코스피,한솔케미칼,014680,주식등의대량보유상황보고서(약식),국민연금공단
20260310002014,20260310,코스피,현대위아,011210,주식등의대량보유상황보고서(약식),국민연금공단
20260310001993,20260310,코스닥,코미코,183300,주식등의대량보유상황보고서(일반),미코
20260309001929,20260310,코스닥,국전,307750,주식등의대량보유상황보고서(일반),홍종호
20260309001927,20260310,코스닥,SGA솔루션즈,184230,주식등의대량보유상황보고서(약식),시너지아이비투자
20260309001905,20260309,코스닥,에스엠씨지,460870,주식등의대량보유상황보고서(일반),최승호
20260309001898,20260309,코스닥,지에프씨생명과학,388610,주식등의대량보유상황보고서(약식),비엔비자산운용
20260309001894,20260309,코스피,광동제약,009290,주식등의대량보유상황보고서(일반),최성원
20260309001888,20260309,코스닥,대한광통신,010170,주식등의대량보유상황보고서(일반),티에프오인더스트리
20260309001872,20260309,코스닥,대한광통신,010170,[기재정정]주식등의대량보유상황보고서(일반),티에프오인더스트리
20260309001853,20260309,코스닥,흥구석유,024060,주식등의대량보유상황보고서(약식),서상덕
20260309001847,20260309,코스닥,제노코,361390,주식등의대량보유상황보고서(약식),삼성 이노베이티브 신기술사업투자조합 제2호
20260309001832,20260309,코스피,솔루엠,248070,주식등의대량보유상황보고서(일반),전성호
20260309001818,20260309,코스닥,엔알비,475230,주식등의대량보유상황보고서(약식),에스엘인베스트먼트
20260309001767,20260309,코스닥,시큐브,131090,주식등의대량보유상황보고서(일반),홍기융
20260309001764,20260309,코스닥,엑스큐어,070300,주식등의대량보유상황보고서(약식),공경덕
20260309001753,20260309,코스닥,팬젠,222110,주식등의대량보유상황보고서(일반),휴온스
20260309001746,20260309,코스닥,오스테오닉,226400,주식등의대량보유상황보고서(일반),이동원
20260309001733,20260309,코스닥,하이퍼코퍼레이션,065650,주식등의대량보유상황보고서(일반),FSN
20260309001725,20260309,코스닥,알티캐스트,085810,주식등의대량보유상황보고서(약식),비전2
20260309001724,20260309,코스닥,FSN,214270,주식등의대량보유상황보고서(일반),제이투비
20260309001713,20260309,코스닥,엠케이전자,033160,주식등의대량보유상황보고서(약식),한국채권투자운용
20260309001680,20260309,코스닥,카페24,042000,주식등의대량보유상황보고서(일반),우창균
20260309001654,20260309,코스닥,에이치피오,357230,주식등의대량보유상황보고서(일반),이현용
20260309001630,20260309,코스피,BGF,027410,주식등의대량보유상황보고서(일반),홍석조
20260309001626,20260309,코스피,신원,009270,주식등의대량보유상황보고서(일반),티앤엠커뮤니케이션즈
20260309001624,20260309,코스닥,젠큐릭스,229000,주식등의대량보유상황보고서(일반),조상래
20260309001620,20260309,코스닥,이지홀딩스,035810,주식등의대량보유상황보고서(일반),지현욱
20260309001602,20260309,코스피,고려아연,010130,주식등의대량보유상황보고서(일반),최윤범
20260309001601,20260309,코스닥,엔켐,348370,주식등의대량보유상황보고서(일반),오정강
20260309001590,20260309,코스닥,위메이드,112040,주식등의대량보유상황보고서(일반),박관호
20260309001557,20260309,코스피,SNT홀딩스,036530,주식등의대량보유상황보고서(약식),피델리티매니지먼트앤리서치컴퍼니엘엘씨
20260309001556,20260309,코스닥,팬엔터테인먼트,068050,주식등의대량보유상황보고서(일반),박영석
20260309001545,20260309,코스닥,HLB바이오스텝,278650,주식등의대량보유상황보고서(일반),HLB
20260309001533,20260309,코스닥,남화산업,111710,주식등의대량보유상황보고서(일반),최재훈
20260309001520,20260309,코스피,한국항공우주,047810,주식등의대량보유상황보고서(약식),피델리티매니지먼트앤리서치컴퍼니엘엘씨
20260309001510,20260309,코스닥,주성엔지니어링,036930,주식등의대량보유상황보고서(약식),삼성자산운용
20260309001500,20260309,코스피,JB금융지주,175330,주식등의대량보유상황보고서(약식),오케이저축은행
20260309001490,20260309,코스닥,케이이엠텍,106080,주식등의대량보유상황보고서(약식),상상인저축은행
20260309001459,20260309,코스피,코스모신소재,005070,주식등의대량보유상황보고서(일반),코스모화학
20260309001423,20260309,코스닥,상보,027580,주식등의대량보유상황보고서(일반),김상근
20260309001411,20260309,코스닥,코리아에프티,123410,주식등의대량보유상황보고서(약식),브이아이피자산운용
20260309001394,20260309,코스닥,엔피케이,048830,주식등의대량보유상황보고서(일반),최상건
20260309001380,20260309,코스피,부산주공,005030,주식등의대량보유상황보고서(일반),장세훈
20260309001366,20260309,코스피,금강공업,014280,주식등의대량보유상황보고서(일반),안영순
20260309001327,20260309,코스닥,이루온,065440,주식등의대량보유상황보고서(일반),이승구
20260309001281,20260309,코스피,진원생명과학,011000,주식등의대량보유상황보고서(일반),동반성장투자조합제1호
20260309001250,20260309,코스닥,케이사인,192250,주식등의대량보유상황보고서(약식),샌즈랩
20260309001238,20260309,코스피,세우글로벌,013000,주식등의대량보유상황보고서(일반),안백순
20260309001237,20260309,코스피,세우글로벌,013000,[기재정정]주식등의대량보유상황보고서(일반),안백순
20260309001208,20260309,코스닥,에코프로,086520,주식등의대량보유상황보고서(일반),이동채
20260309001197,20260309,코스닥,한국유니온제약,080720,주식등의대량보유상황보고서(약식),황용문
20260309001179,20260309,코스닥,오상자이엘,053980,주식등의대량보유상황보고서(일반),오상
20260309001170,20260309,코스피,세아제강지주,003030,주식등의대량보유상황보고서(약식),한국투자신탁운용
20260309001164,20260309,코스닥,부스타,008470,주식등의대량보유상황보고서(약식),이상기
20260309001152,20260309,코스닥,진시스템,363250,주식등의대량보유상황보고서(일반),에이치투자조합
20260309001104,20260309,코스닥,브이씨,365900,주식등의대량보유상황보고서(일반),김준오
20260306001006,20260306,코스피,태광산업,003240,주식등의대량보유상황보고서(일반),트러스톤자산운용
20260306001005,20260306,코스닥,폴라리스오피스,041020,주식등의대량보유상황보고서(일반),조성우
20260306001003,20260306,코스피,디아이,003160,주식등의대량보유상황보고서(일반),박원호
20260306000995,20260306,코스피,HDC,012630,주식등의대량보유상황보고서(일반),정몽규
20260306000989,20260306,코스닥,탑런토탈솔루션,336680,주식등의대량보유상황보고서(일반),유암코-케이비크레딧제1호사모투자
20260306000979,20260306,코스닥,대아티아이,045390,주식등의대량보유상황보고서(일반),최진우
20260306000975,20260306,코스피,LS,006260,주식등의대량보유상황보고서(일반),구자열
20260306000957,20260306,코스닥,드림시큐리티,203650,주식등의대량보유상황보고서(일반),범진규
20260306000955,20260306,코스피,셀트리온,068270,주식등의대량보유상황보고서(일반),셀트리온홀딩스
20260306000949,20260306,코스닥,노을,376930,주식등의대량보유상황보고서(일반),"MSEED,INC."
20260306000943,20260306,코스닥,큐라티스,348080,주식등의대량보유상황보고서(일반),인벤티지랩
20260306000924,20260306,코스닥,신테카바이오,226330,주식등의대량보유상황보고서(일반),정종선
20260306000891,20260306,코스닥,파인엠텍,441270,주식등의대량보유상황보고서(일반),홍성천
20260306000890,20260306,코스피,콜마홀딩스,024720,주식등의대량보유상황보고서(일반),윤상현
20260306000876,20260306,코스닥,꿈비,407400,주식등의대량보유상황보고서(일반),박영건
20260306000874,20260306,코스닥,한울반도체,320000,주식등의대량보유상황보고서(일반),한울소재과학
20260306000852,20260306,코스닥,빌리언스,044480,주식등의대량보유상황보고서(일반),휴마시스
20260306000841,20260306,코스닥,하이퍼코퍼레이션,065650,주식등의대량보유상황보고서(일반),제이케이(JK)신기술투자조합제12호
20260306000840,20260306,코스닥,하나마이크론,067310,주식등의대량보유상황보고서(일반),최창호
20260306000836,20260306,코스피,LG,003550,주식등의대량보유상황보고서(일반),학교법인LG연암학원
20260306000819,20260306,코스닥,유니슨,018000,주식등의대량보유상황보고서(일반),명운산업개발
20260306000816,20260306,코스닥,흥구석유,024060,주식등의대량보유상황보고서(일반),김상우
20260306000791,20260306,코스닥,엣지파운드리,105550,주식등의대량보유상황보고서(약식),휴림로봇
20260306000784,20260306,코스닥,오가닉티코스메틱,900300,주식등의대량보유상황보고서(일반),임국강
20260306000776,20260306,코스닥,현대바이오,048410,주식등의대량보유상황보고서(일반),씨앤팜
20260306000771,20260306,코스닥,저스템,417840,주식등의대량보유상황보고서(일반),임영진
20260306000768,20260306,코스닥,야스,255440,주식등의대량보유상황보고서(일반),정광호
20260306000760,20260306,코스닥,아이티엠반도체,084850,주식등의대량보유상황보고서(일반),NICE
20260306000758,20260306,코스닥,에코글로우,159910,주식등의대량보유상황보고서(일반),더편한
20260306000756,20260306,코스닥,신라섬유,001000,주식등의대량보유상황보고서(일반),박재흥
20260306000748,20260306,코스닥,큐캐피탈,016600,주식등의대량보유상황보고서(일반),지엔코
20260306000746,20260306,코스피,대덕,008060,주식등의대량보유상황보고서(일반),김영재
20260306000737,20260306,코스피,NICE,034310,주식등의대량보유상황보고서(일반),김원우
20260306000735,20260306,코스닥,동운아나텍,094170,주식등의대량보유상황보고서(일반),김동철
20260306000734,20260306,코스닥,제룡전기,033100,주식등의대량보유상황보고서(약식),삼성자산운용
20260306000727,20260306,코스닥,넥스틴,348210,주식등의대량보유상황보고서(약식),삼성자산운용
20260306000722,20260306,코스닥,심텍,222800,주식등의대량보유상황보고서(약식),삼성자산운용
20260306000716,20260306,코스피,SK이터닉스,475150,주식등의대량보유상황보고서(일반),SK디스커버리
20260306000710,20260306,코스닥,오상자이엘,053980,주식등의대량보유상황보고서(일반),오상
20260306000703,20260306,코스닥,루닛,328130,주식등의대량보유상황보고서(일반),백승욱
20260306000698,20260306,코스닥,엑스플러스,373200,주식등의대량보유상황보고서(일반),엑스페릭스
20260306000695,20260306,코스닥,바이오톡스텍,086040,주식등의대량보유상황보고서(일반),강종구
20260306000690,20260306,코스닥,우리기술투자,041190,주식등의대량보유상황보고서(일반),이완근
20260306000670,20260306,코스닥,바이넥스,053030,주식등의대량보유상황보고서(일반),더에이블
20260306000660,20260306,코스피,씨아이테크,004920,주식등의대량보유상황보고서(일반),씨엔씨기술
20260306000601,20260306,코스닥,유아이디,069330,주식등의대량보유상황보고서(일반),박종수
20260306000594,20260306,코스닥,아이티켐,309710,주식등의대량보유상황보고서(약식),타임폴리오자산운용
20260306000583,20260306,코스닥,비트맥스,377030,주식등의대량보유상황보고서(약식),이니텍
20260306000557,20260306,코스닥,성호전자,043260,주식등의대량보유상황보고서(일반),서룡전자
20260306000539,20260306,코스피,상상인증권,001290,주식등의대량보유상황보고서(일반),상상인
20260306000508,20260306,코스피,동아에스티,170900,주식등의대량보유상황보고서(일반),동아쏘시오홀딩스
20260306000482,20260306,코스닥,아이씨에이치,368600,주식등의대량보유상황보고서(약식),엔에이치헤지자산운용
20260306000467,20260306,코스닥,신스틸,162300,주식등의대량보유상황보고서(일반),신승곤
20260306000452,20260306,코스닥,코퍼스코리아,322780,주식등의대량보유상황보고서(약식),제이비우리-디에스 콘텐츠 신기조합
20260306000450,20260306,코스닥,HC홈센타,060560,주식등의대량보유상황보고서(일반),에이치씨파트너스
20260306000444,20260306,코스닥,상상인,038540,주식등의대량보유상황보고서(일반),유준원
20260306000398,20260306,코스닥,모다이노칩,080420,주식등의대량보유상황보고서(일반),대명화학
20260306000379,20260306,코스닥,링크드,193250,주식등의대량보유상황보고서(일반),민용재
20260306000371,20260306,코스닥,셀레믹스,331920,주식등의대량보유상황보고서(일반),박종갑
20260306000299,20260306,코스피,에스엠벡셀,010580,주식등의대량보유상황보고서(일반),에스엠하이플러스
20260306000210,20260306,코스닥,유티아이,179900,주식등의대량보유상황보고서(일반),박덕영
20260306000208,20260306,코스닥,버킷스튜디오,066410,주식등의대량보유상황보고서(일반),와비사비홀딩스
20260306000207,20260306,코스닥,버킷스튜디오,066410,주식등의대량보유상황보고서(일반),이니셜 1호 투자조합
20260306000193,20260306,코스피,BNK금융지주,138930,주식등의대량보유상황보고서(약식),CapitalResearchandManagementCompany
20260306000180,20260306,코스닥,토비스,051360,주식등의대량보유상황보고서(약식),한국투자밸류자산운용
20260306000154,20260306,코스피,다이나믹디자인,145210,주식등의대량보유상황보고서(약식),로아앤코
20260306000047,20260306,코스닥,태웅로직스,124560,주식등의대량보유상황보고서(일반),한재동
20260306000040,20260306,코스피,지누스,013890,주식등의대량보유상황보고서(약식),리빙모어
20260305001612,20260305,코스피,케이씨씨글라스,344820,주식등의대량보유상황보고서(일반),정몽익
20260305001610,20260305,코스피,우신시스템,017370,주식등의대량보유상황보고서(일반),허우영
20260305001609,20260305,코스닥,오리콤,010470,주식등의대량보유상황보고서(일반),두산
20260305001576,20260305,코스닥,라온피플,300120,주식등의대량보유상황보고서(일반),이석중
20260305001572,20260305,코스닥,엔비알모션,0004V0,주식등의대량보유상황보고서(약식),아이비케이스톤브릿지혁신성장사모투자
20260305001557,20260305,코스닥,코칩,126730,주식등의대량보유상황보고서(일반),손진형
20260305001520,20260305,코스닥,탑코미디어,134580,주식등의대량보유상황보고서(일반),엔키홀딩스
20260305001491,20260305,코스닥,쎄트렉아이,099320,주식등의대량보유상황보고서(일반),박성동
20260305001451,20260305,코스닥,오비고,352910,주식등의대량보유상황보고서(일반),장영준
20260305001442,20260305,코스닥,글로벌텍스프리,204620,주식등의대량보유상황보고서(일반),지티에프홀딩스
20260305001440,20260305,코스피,이수화학,005950,주식등의대량보유상황보고서(일반),이수
20260305001433,20260305,코스피,LG화학,051910,주식등의대량보유상황보고서(약식),BlackRockFundAdvisors
20260305001432,20260305,코스피,이수스페셜티케미컬,457190,주식등의대량보유상황보고서(일반),이수
20260305001421,20260305,코스닥,알티캐스트,085810,주식등의대량보유상황보고서(일반),베노티앤알
20260305001413,20260305,코스닥,SKAI,357880,주식등의대량보유상황보고서(일반),디렉터스컴퍼니
20260305001398,20260305,코스피,코웨이,021240,주식등의대량보유상황보고서(약식),BlackRockFundAdvisors
20260305001390,20260305,코스피,한세예스24홀딩스,016450,주식등의대량보유상황보고서(일반),김동녕
20260305001360,20260305,코스피,SK오션플랜트,100090,주식등의대량보유상황보고서(일반),송무석
20260305001334,20260305,코스닥,ISC,095340,주식등의대량보유상황보고서(일반),헬리오스제8호사모투자
20260305001332,20260305,코스닥,차바이오텍,085660,주식등의대량보유상황보고서(일반),차광렬
20260305001309,20260305,코스닥,비투엔,307870,주식등의대량보유상황보고서(약식),마르스엘피1호
20260305001303,20260305,코스닥,ISC,095340,주식등의대량보유상황보고서(일반),SKC
20260305001274,20260305,코스피,다올투자증권,030210,주식등의대량보유상황보고서(일반),이병철
20260305001269,20260305,코스피,스틱인베스트먼트,026890,주식등의대량보유상황보고서(일반),도용환
20260305001250,20260305,코스닥,태성,323280,주식등의대량보유상황보고서(약식),삼성자산운용
20260305001243,20260305,코스닥,필옵틱스,161580,주식등의대량보유상황보고서(약식),삼성자산운용
20260305001234,20260305,코스닥,코미코,183300,주식등의대량보유상황보고서(약식),삼성자산운용
20260305001224,20260305,코스닥,GMI벤처,019570,주식등의대량보유상황보고서(약식),광무
20260305001222,20260305,코스닥,성원에너텍,340930,주식등의대량보유상황보고서(일반),정연길
20260305001216,20260305,코스닥,하나마이크론,067310,주식등의대량보유상황보고서(약식),삼성자산운용
20260305001209,20260305,코스피,BGF리테일,282330,주식등의대량보유상황보고서(일반),BGF
20260305001202,20260305,코스닥,큐렉소,060280,주식등의대량보유상황보고서(약식),삼성자산운용
20260305001161,20260305,코스피,종근당,185750,주식등의대량보유상황보고서(일반),이장한
20260305001148,20260305,코스피,에스엘,005850,주식등의대량보유상황보고서(일반),이성엽
20260305001137,20260305,코스닥,라온피플,300120,[기재정정]주식등의대량보유상황보고서(일반),이석중
20260305001133,20260305,코스닥,다원시스,068240,주식등의대량보유상황보고서(일반),박선순
20260305001113,20260305,코스닥,모아데이타,288980,주식등의대량보유상황보고서(약식),르네상스자산운용
20260305001111,20260305,코스닥,서진시스템,178320,주식등의대량보유상황보고서(일반),전동규
20260305001075,20260305,코스닥,글로벌텍스프리,204620,주식등의대량보유상황보고서(일반),문양근
20260305001043,20260305,코스피,코리아써키트,007810,주식등의대량보유상황보고서(일반),영풍
20260305001039,20260305,코스피,영원무역,111770,주식등의대량보유상황보고서(약식),HermesInvestmentManagementLimited
20260305001032,20260305,코스피,경방,000050,주식등의대량보유상황보고서(일반),김담
20260305001027,20260305,코스닥,핑거스토리,417180,주식등의대량보유상황보고서(약식),르네상스자산운용
20260305001015,20260305,코스닥,이글루,067920,주식등의대량보유상황보고서(약식),한세희
20260305001011,20260305,코스피,세우글로벌,013000,주식등의대량보유상황보고서(약식),에이스나노켐
20260305001006,20260305,코스피,두산에너빌리티,034020,주식등의대량보유상황보고서(일반),두산
20260305000993,20260305,코스피,두산,000150,주식등의대량보유상황보고서(일반),박정원
20260305000950,20260305,코스닥,코칩,126730,[기재정정]주식등의대량보유상황보고서(일반),손진형
20260305000942,20260305,코스닥,에이텀,355690,주식등의대량보유상황보고서(약식),르네상스자산운용
20260305000911,20260305,코스닥,코칩,126730,[기재정정]주식등의대량보유상황보고서(일반),손진형
20260305000897,20260305,코스닥,LSK아이로봇,091970,주식등의대량보유상황보고서(일반),엘에스케이디비
20260305000870,20260305,코스피,INVENI,015360,주식등의대량보유상황보고서(일반),구자은
20260305000858,20260305,코스닥,휴비츠,065510,주식등의대량보유상황보고서(일반),김현수
20260305000851,20260305,코스피,스틱인베스트먼트,026890,주식등의대량보유상황보고서(일반),MiriCapitalManagementLLC
20260305000842,20260305,코스닥,시지트로닉스,429270,주식등의대량보유상황보고서(일반),심규환
20260305000811,20260305,코스닥,보로노이,310210,주식등의대량보유상황보고서(일반),김현태
20260305000806,20260305,코스닥,넥스턴앤롤코리아,089140,주식등의대량보유상황보고서(약식),에스엘에너지
20260305000795,20260305,코스피,다이나믹디자인,145210,주식등의대량보유상황보고서(약식),로아앤코
20260305000791,20260305,코스피,두산밥캣,241560,주식등의대량보유상황보고서(일반),두산에너빌리티
20260305000738,20260305,코스닥,이노뎁,303530,주식등의대량보유상황보고서(일반),이성진
20260305000635,20260305,코스피,성문전자,014910,주식등의대량보유상황보고서(일반),신준섭
20260305000589,20260305,코스닥,네오팜,092730,주식등의대량보유상황보고서(약식),FILLIMITED
20260305000570,20260305,코스닥,사람인,143240,주식등의대량보유상황보고서(약식),FILLIMITED
20260305000553,20260305,코스피,에스원,012750,주식등의대량보유상황보고서(약식),피델리티매니지먼트앤리서치컴퍼니엘엘씨
20260305000544,20260305,코스닥,비츠로셀,082920,주식등의대량보유상황보고서(약식),피델리티매니지먼트앤리서치컴퍼니엘엘씨
20260305000510,20260305,코스닥,씨씨에스,066790,주식등의대량보유상황보고서(일반),그린비티에스
20260305000490,20260305,코스닥,인포바인,115310,[기재정정]주식등의대량보유상황보고서(약식),MiriCapitalManagementLLC
20260305000481,20260305,코스닥,지어소프트,051160,주식등의대량보유상황보고서(약식),MiriCapitalManagementLLC
20260305000464,20260305,코스닥,흥국에프엔비,189980,주식등의대량보유상황보고서(일반),오길영
20260305000344,20260305,코스닥,에이유브랜즈,481070,주식등의대량보유상황보고서(일반),에이유커머스
20260305000334,20260305,코스피,E1,017940,주식등의대량보유상황보고서(일반),구자열
20260305000218,20260305,코스닥,더블유에스아이,299170,주식등의대량보유상황보고서(일반),박정섭
20260305000077,20260305,코스닥,폰드그룹,472850,주식등의대량보유상황보고서(일반),대명화학
20260304001704,20260304,코스닥,알에프텍,061040,주식등의대량보유상황보고서(일반),오성첨단소재
20260304001666,20260304,코스닥,미트박스,475460,주식등의대량보유상황보고서(일반),김기봉
20260304001651,20260304,코스피,블루산업개발,006740,주식등의대량보유상황보고서(일반),피엠에이조합
20260304001527,20260304,코스닥,에르코스,435570,주식등의대량보유상황보고서(일반),김슬기
20260304001518,20260304,코스피,메타케어,118000,주식등의대량보유상황보고서(약식),청담메이힐스신기술조합
20260304001502,20260304,코스닥,베노티앤알,206400,주식등의대량보유상황보고서(일반),라미쿠스
20260304001500,20260304,코스닥,고영,098460,주식등의대량보유상황보고서(약식),삼성자산운용
20260304001495,20260304,코스닥,알지노믹스,476830,주식등의대량보유상황보고서(약식),에이온인베스트먼트
20260304001485,20260304,코스닥,두산테스나,131970,주식등의대량보유상황보고서(약식),삼성자산운용
20260304001480,20260304,코스닥,HPSP,403870,주식등의대량보유상황보고서(약식),삼성자산운용
20260304001462,20260304,코스닥,제주반도체,080220,주식등의대량보유상황보고서(약식),삼성자산운용
20260304001455,20260304,코스닥,앱튼,270520,주식등의대량보유상황보고서(약식),라르고스브릭투자조합
20260304001454,20260304,코스닥,하나머티리얼즈,166090,주식등의대량보유상황보고서(일반),하나마이크론
20260304001451,20260304,코스닥,원익IPS,240810,주식등의대량보유상황보고서(약식),삼성자산운용
20260304001446,20260304,코스피,대림통상,006570,주식등의대량보유상황보고서(일반),디앤디파트너스
20260304001426,20260304,코스닥,이노뎁,303530,주식등의대량보유상황보고서(일반),이성진
20260304001406,20260304,코스닥,앱튼,270520,주식등의대량보유상황보고서(약식),아름드리코퍼레이션
20260304001398,20260304,코스닥,온코닉테라퓨틱스,476060,주식등의대량보유상황보고서(일반),제일약품
20260304001381,20260304,코스피,현대약품,004310,주식등의대량보유상황보고서(약식),신풍제약
20260304001375,20260304,코스닥,에피소드컴퍼니,317530,주식등의대량보유상황보고서(일반),박창신
20260304001330,20260304,코스닥,크레버스,096240,주식등의대량보유상황보고서(일반),김영화
20260304001325,20260304,코스닥,나무에이엑스,242040,주식등의대량보유상황보고서(일반),이수병
20260304001321,20260304,코스피,코스모화학,005420,주식등의대량보유상황보고서(일반),코스모앤컴퍼니
20260304001303,20260304,코스피,삼양바이오팜,0120G0,주식등의대량보유상황보고서(일반),김윤
20260304001282,20260304,코스닥,자람테크놀로지,389020,주식등의대량보유상황보고서(일반),백준현
20260304001242,20260304,코스피,삼양홀딩스,000070,주식등의대량보유상황보고서(일반),김윤
20260304001228,20260304,코스닥,링네트,042500,주식등의대량보유상황보고서(일반),이주석
20260304001214,20260304,코스피,DSR제강,069730,주식등의대량보유상황보고서(일반),홍하종
20260304001195,20260304,코스닥,와이엠티,251370,주식등의대량보유상황보고서(일반),전성욱
20260304001192,20260304,코스닥,노랑풍선,104620,주식등의대량보유상황보고서(일반),브이씨엠그로쓰제1호사모투자
20260304001167,20260304,코스닥,엔브이에이치코리아,067570,주식등의대량보유상황보고서(일반),구자겸
20260304001149,20260304,코스닥,상아프론테크,089980,주식등의대량보유상황보고서(일반),이상원
20260304001148,20260304,코스닥,EG,037370,주식등의대량보유상황보고서(일반),박지만
20260304001139,20260304,코스닥,HLB제약,047920,주식등의대량보유상황보고서(일반),HLB생명과학
20260304000957,20260304,코스닥,로젠,033290,주식등의대량보유상황보고서(일반),대명화학
20260304000872,20260304,코스닥,라닉스,317120,주식등의대량보유상황보고서(일반),최승욱
20260304000871,20260304,코스피,애경케미칼,161000,주식등의대량보유상황보고서(일반),AK홀딩스
20260304000747,20260304,코스닥,HLB,028300,주식등의대량보유상황보고서(일반),진양곤
20260304000662,20260304,코스닥,유라클,088340,주식등의대량보유상황보고서(일반),조준희
20260304000590,20260304,코스닥,피플바이오,304840,주식등의대량보유상황보고서(일반),휴먼데이타
20260304000537,20260304,코스닥,엑셈,205100,주식등의대량보유상황보고서(일반),조종암
20260304000368,20260304,코스피,한국앤컴퍼니,000240,주식등의대량보유상황보고서(일반),조현범
20260304000317,20260304,코스피,대한해운,005880,주식등의대량보유상황보고서(일반),에스엠상선
20260304000260,20260304,코스닥,핑거스토리,417180,주식등의대량보유상황보고서(일반),문양근
20260304000181,20260304,코스닥,메디톡스,086900,주식등의대량보유상황보고서(일반),정현호
20260304000180,20260304,코스피,이수페타시스,007660,주식등의대량보유상황보고서(약식),BlackRockFundAdvisors
20260304000110,20260304,코스닥,자연과환경,043910,주식등의대량보유상황보고서(일반),데이터테크놀로지
20260303003236,20260303,코스닥,티이엠씨,425040,주식등의대량보유상황보고서(일반),유원양
20260303003173,20260303,코스닥,엔비티,236810,주식등의대량보유상황보고서(일반),박수근
20260303003145,20260303,코스닥,에스투더블유,488280,주식등의대량보유상황보고서(일반),서상덕
20260303003121,20260303,코스닥,메디톡스,086900,주식등의대량보유상황보고서(일반),엔브이7홀딩스
20260303003012,20260303,코스닥,씨유메디칼,115480,주식등의대량보유상황보고서(약식),엑스큐어
20260303002999,20260303,코스닥,푸드나무,290720,주식등의대량보유상황보고서(약식),김유선
20260303002972,20260303,코스피,한미사이언스,008930,주식등의대량보유상황보고서(일반),임종윤
20260303002968,20260303,코스피,한미사이언스,008930,주식등의대량보유상황보고서(일반),임종훈
20260303002963,20260303,코스닥,대명에너지,389260,주식등의대량보유상황보고서(일반),아네모이제3호
20260303002943,20260303,코스닥,씨티케이,260930,주식등의대량보유상황보고서(일반),정인용
20260303002909,20260303,코스닥,한스바이오메드,042520,주식등의대량보유상황보고서(약식),KB자산운용
20260303002900,20260303,코스닥,에이직랜드,445090,주식등의대량보유상황보고서(일반),이종민
20260303002881,20260303,코스피,KISCO홀딩스,001940,주식등의대량보유상황보고서(일반),장세홍
20260303002876,20260303,코스닥,에스프리즘,288620,주식등의대량보유상황보고서(일반),에스에너지
20260303002841,20260303,코스피,한국철강,104700,주식등의대량보유상황보고서(일반),KISCO홀딩스
20260303002827,20260303,코스닥,피에스케이,319660,주식등의대량보유상황보고서(약식),베어링자산운용
20260303002714,20260303,코스닥,엑스큐어,070300,주식등의대량보유상황보고서(일반),브이에스티디(VSTD)투자조합
20260303002683,20260303,코스닥,티에프이,425420,주식등의대량보유상황보고서(약식),미래에셋자산운용
20260303002680,20260303,코스피,코람코더원리츠,417310,주식등의대량보유상황보고서(약식),미래에셋자산운용
20260303002678,20260303,코스닥,씨엠티엑스,388210,주식등의대량보유상황보고서(약식),미래에셋자산운용
20260303002676,20260303,코스피,신한서부티엔디리츠,404990,주식등의대량보유상황보고서(약식),미래에셋자산운용
20260303002674,20260303,코스닥,솔브레인,357780,주식등의대량보유상황보고서(약식),미래에셋자산운용
20260303002672,20260303,코스피,미래에셋맵스리츠,357250,주식등의대량보유상황보고서(약식),미래에셋자산운용
20260303002671,20260303,코스피,디앤디플랫폼리츠,377190,주식등의대량보유상황보고서(약식),미래에셋자산운용
20260303002670,20260303,코스피,KB발해인프라,415640,주식등의대량보유상황보고서(약식),미래에셋자산운용
20260303002669,20260303,코스닥,HPSP,403870,주식등의대량보유상황보고서(약식),미래에셋자산운용
20260303002667,20260303,코스피,ESR켄달스퀘어리츠,365550,주식등의대량보유상황보고서(약식),미래에셋자산운용
20260303002664,20260303,코스피,삼성FN리츠,448730,주식등의대량보유상황보고서(약식),미래에셋자산운용
20260303002659,20260303,코스피,KB스타리츠,432320,주식등의대량보유상황보고서(약식),미래에셋자산운용
20260303002656,20260303,코스피,코람코라이프인프라리츠,357120,주식등의대량보유상황보고서(약식),미래에셋자산운용
20260303002654,20260303,코스닥,넥스틴,348210,주식등의대량보유상황보고서(약식),미래에셋자산운용
20260303002650,20260303,코스피,이지스밸류플러스리츠,334890,주식등의대량보유상황보고서(약식),미래에셋자산운용
20260303002647,20260303,코스피,신한알파리츠,293940,주식등의대량보유상황보고서(약식),미래에셋자산운용
20260303002644,20260303,코스닥,액트로,290740,주식등의대량보유상황보고서(약식),미래에셋자산운용
20260303002641,20260303,코스닥,원익IPS,240810,주식등의대량보유상황보고서(약식),미래에셋자산운용
20260303002637,20260303,코스피,맵스리얼티,094800,주식등의대량보유상황보고서(약식),미래에셋자산운용
20260303002635,20260303,코스피,이리츠코크렙,088260,주식등의대량보유상황보고서(약식),미래에셋자산운용
20260303002632,20260303,코스닥,리노공업,058470,주식등의대량보유상황보고서(약식),미래에셋자산운용
20260303002629,20260303,코스닥,이오테크닉스,039030,주식등의대량보유상황보고서(약식),미래에셋자산운용
20260303002626,20260303,코스닥,동진쎄미켐,005290,주식등의대량보유상황보고서(약식),미래에셋자산운용
20260303002624,20260303,코스피,DB하이텍,000990,주식등의대량보유상황보고서(약식),미래에셋자산운용
20260303002582,20260303,코스닥,다우데이타,032190,주식등의대량보유상황보고서(일반),김익래
20260303002517,20260303,코스피,효성티앤씨,298020,주식등의대량보유상황보고서(약식),국민연금공단
20260303002510,20260303,코스피,아모레퍼시픽,090430,주식등의대량보유상황보고서(약식),국민연금공단
20260303002502,20260303,코스피,HMM,011200,주식등의대량보유상황보고서(약식),국민연금공단
20260303002495,20260303,코스피,CJ대한통운,000120,주식등의대량보유상황보고서(약식),국민연금공단
20260303002485,20260303,코스피,유한양행,000100,주식등의대량보유상황보고서(약식),국민연금공단
20260303002458,20260303,코스닥,엔비알모션,0004V0,주식등의대량보유상황보고서(약식),SBI인베스트먼트
20260303002447,20260303,코스닥,아스타,246720,주식등의대량보유상황보고서(일반),에스디바이오센서
20260303002441,20260303,코스닥,파버나인,177830,주식등의대량보유상황보고서(일반),이제훈
20260303002434,20260303,코스피,삼진제약,005500,주식등의대량보유상황보고서(일반),최승주
20260303002395,20260303,코스피,유니온,000910,주식등의대량보유상황보고서(일반),이건영
20260303002384,20260303,코스닥,마크로젠,038290,주식등의대량보유상황보고서(일반),서정선
20260303002368,20260303,코스닥,알톤,123750,주식등의대량보유상황보고서(일반),이녹스
20260303002358,20260303,코스닥,뉴로핏,380550,주식등의대량보유상황보고서(약식),삼성액티브자산운용
20260303002340,20260303,코스닥,큐리언트,115180,주식등의대량보유상황보고서(일반),유암코키스톤구조혁신기업재무안정사모투자
20260303002315,20260303,코스닥,크레오에스지,040350,주식등의대량보유상황보고서(일반),큐로홀딩스
20260303002308,20260303,코스닥,지엔코,065060,주식등의대량보유상황보고서(일반),크레오에스지
20260303002302,20260303,코스피,대한제강,084010,주식등의대량보유상황보고서(일반),오치훈
20260303002274,20260303,코스닥,큐로홀딩스,051780,주식등의대량보유상황보고서(일반),케이파트너스
20260303002247,20260303,코스닥,엠젠솔루션,032790,주식등의대량보유상황보고서(약식),그라쎈신소재
20260303002221,20260303,코스닥,케이엠제약,225430,주식등의대량보유상황보고서(일반),BAIK BRIAN SEUNG WON(백승원)
20260303002032,20260303,코스닥,씨씨에스,066790,주식등의대량보유상황보고서(일반),KX
20260303001919,20260303,코스피,조비,001550,주식등의대량보유상황보고서(일반),경농
20260303001847,20260303,코스피,현대비앤지스틸,004560,주식등의대량보유상황보고서(일반),현대제철
20260303001794,20260303,코스닥,파인텍,131760,주식등의대량보유상황보고서(일반),강원일
20260303001765,20260303,코스닥,HLB,028300,주식등의대량보유상황보고서(약식),BlackRockFundAdvisors
20260303001699,20260303,코스피,삼성E&A,028050,주식등의대량보유상황보고서(약식),BlackRockFundAdvisors
20260303001597,20260303,코스닥,케이엠제약,225430,주식등의대량보유상황보고서(일반),강일모
20260303001467,20260303,코스피,다이나믹디자인,145210,주식등의대량보유상황보고서(약식),로아앤코
20260303001320,20260303,코스닥,에프엔에스테크,083500,주식등의대량보유상황보고서(일반),한경희
20260227008812,20260227,코스닥,싸이토젠,217330,주식등의대량보유상황보고서(일반),캔디엑스홀딩스
20260227008767,20260227,코스닥,흥구석유,024060,주식등의대량보유상황보고서(일반),서상덕
20260227008744,20260227,코스닥,아즈텍WB,032080,주식등의대량보유상황보고서(일반),허재명
20260227008631,20260227,코스닥,싸이토젠,217330,주식등의대량보유상황보고서(일반),전병희
20260227008628,20260227,코스닥,브이티,018290,주식등의대량보유상황보고서(일반),정철
20260227008612,20260227,코스닥,엔지켐생명과학,183490,주식등의대량보유상황보고서(일반),브리짓라이프사이언스
20260227008556,20260227,코스닥,삼현,437730,주식등의대량보유상황보고서(일반),황성호
20260227008547,20260227,코스피,이스타코,015020,주식등의대량보유상황보고서(일반),김승제
20260227008465,20260227,코스피,롯데관광개발,032350,주식등의대량보유상황보고서(일반),김기병
20260227008315,20260227,코스피,아이에스동서,010780,주식등의대량보유상황보고서(일반),권혁운
20260227008297,20260227,코스닥,셀리드,299660,[기재정정]주식등의대량보유상황보고서(일반),강창율
20260227008295,20260227,코스피,사조씨푸드,014710,주식등의대량보유상황보고서(일반),사조산업
20260227008217,20260227,코스닥,큐브엔터,182360,주식등의대량보유상황보고서(일반),강승곤
20260227008117,20260227,코스닥,에이스테크,088800,주식등의대량보유상황보고서(일반),구관영
20260227008111,20260227,코스닥,와이즈버즈,273060,주식등의대량보유상황보고서(일반),한국정보인증
20260227008106,20260227,코스피,GS,078930,주식등의대량보유상황보고서(일반),허창수
20260227008105,20260227,코스닥,한울앤제주,276730,주식등의대량보유상황보고서(약식),그린스트리트
20260227007843,20260227,코스닥,제이엠아이,033050,주식등의대량보유상황보고서(일반),제이엠티
20260227007841,20260227,코스닥,팅크웨어,084730,주식등의대량보유상황보고서(일반),유비벨록스
20260227007759,20260227,코스피,삼성출판사,068290,주식등의대량보유상황보고서(일반),김진용
20260227007740,20260227,코스닥,안국약품,001540,주식등의대량보유상황보고서(일반),어진
20260227007706,20260227,코스닥,유비벨록스,089850,주식등의대량보유상황보고서(일반),이흥복
20260227007650,20260227,코스닥,애드바이오텍,179530,주식등의대량보유상황보고서(약식),에스파시오조합
20260227007627,20260227,코스피,사조오양,006090,주식등의대량보유상황보고서(일반),사조대림
20260227007573,20260227,코스닥,알에프텍,061040,주식등의대량보유상황보고서(일반),알에프스탠다드
20260227007466,20260227,코스닥,HC보광산업,225530,주식등의대량보유상황보고서(일반),HC홈센타
20260227007461,20260227,코스닥,와이지-원,019210,주식등의대량보유상황보고서(일반),송호근
20260227007442,20260227,코스피,AJ네트웍스,095570,주식등의대량보유상황보고서(일반),문덕영
20260227007434,20260227,코스닥,HC홈센타,060560,주식등의대량보유상황보고서(일반),에이치씨파트너스
20260227007413,20260227,코스닥,제이에스링크,127120,주식등의대량보유상황보고서(일반),주성씨앤에어
20260227007396,20260227,코스닥,가온칩스,399720,주식등의대량보유상황보고서(일반),정규동
20260227007373,20260227,코스닥,엠케이전자,033160,주식등의대량보유상황보고서(일반),오션비홀딩스
20260227007370,20260227,코스피,금비,008870,주식등의대량보유상황보고서(일반),고기영
20260227007309,20260227,코스피,엑시큐어하이트론,019490,주식등의대량보유상황보고서(일반),컨두잇투자자문
20260227007308,20260227,코스닥,푸드웰,005670,주식등의대량보유상황보고서(일반),성민겸
20260227007254,20260227,코스피,두산로보틱스,454910,주식등의대량보유상황보고서(일반),두산
20260227007203,20260227,코스닥,삼화네트웍스,046390,주식등의대량보유상황보고서(일반),신상윤
20260227007153,20260227,코스피,INVENI,015360,[기재정정]주식등의대량보유상황보고서(일반),구자은
20260227007116,20260227,코스닥,그래디언트,035080,주식등의대량보유상황보고서(일반),이기형
20260227007061,20260227,코스닥,에코글로우,159910,주식등의대량보유상황보고서(약식),크리스티아너티
20260227007000,20260227,코스닥,MDS테크,086960,주식등의대량보유상황보고서(일반),플레이그램
20260227006845,20260227,코스닥,비투엔,307870,주식등의대량보유상황보고서(일반),엑스트윈스1호조합
20260227006763,20260227,코스닥,파이버프로,368770,주식등의대량보유상황보고서(일반),고연완
20260227006646,20260227,코스닥,오리엔트정공,065500,주식등의대량보유상황보고서(일반),오리엔트
20260227006619,20260227,코스닥,삼일,032280,주식등의대량보유상황보고서(일반),티디
20260227005812,20260227,코스피,SNT홀딩스,036530,주식등의대량보유상황보고서(일반),최평규
20260227005729,20260227,코스닥,유아이엘,049520,주식등의대량보유상황보고서(일반),유아이엘홀딩스
20260227005628,20260227,코스닥,신스틸,162300,주식등의대량보유상황보고서(일반),신승곤
20260227005403,20260227,코스피,SP삼화,000390,주식등의대량보유상황보고서(일반),김현정
20260227005398,20260227,코스피,한솔케미칼,014680,주식등의대량보유상황보고서(일반),조동혁
20260227005299,20260227,코스피,INVENI,015360,주식등의대량보유상황보고서(일반),구자은
20260227004948,20260227,코스피,LIG디펜스앤에어로스페이스,079550,주식등의대량보유상황보고서(일반),엘아이지
20260227004806,20260227,코스피,대한해운,005880,주식등의대량보유상황보고서(일반),에스엠상선
20260227002771,20260227,코스피,이리츠코크렙,088260,주식등의대량보유상황보고서(일반),이랜드리테일
20260227002752,20260227,코스닥,지에프씨생명과학,388610,주식등의대량보유상황보고서(일반),강희철
20260227001367,20260227,코스닥,다원넥스뷰,323350,주식등의대량보유상황보고서(약식),SV Gap-Coverage 펀드2호
20260227000681,20260227,코스닥,브이씨,365900,주식등의대량보유상황보고서(일반),김준오
20260226007338,20260227,코스닥,아이에이,038880,주식등의대량보유상황보고서(약식),캑터스오아시스투자조합2호
20260226007204,20260227,코스닥,피아이이,452450,주식등의대량보유상황보고서(일반),최정일
20260226007196,20260227,코스닥,온코크로스,382150,주식등의대량보유상황보고서(약식),이현자산운용
20260226007134,20260226,코스닥,피아이이,452450,[기재정정]주식등의대량보유상황보고서(일반),최정일
20260226007043,20260226,코스닥,피아이이,452450,[기재정정]주식등의대량보유상황보고서(일반),최정일
20260226007042,20260226,코스피,씨케이솔루션,480370,주식등의대량보유상황보고서(일반),엔에이치프린시플사모투자
20260226007022,20260226,코스피,DKME,015590,주식등의대량보유상황보고서(일반),DKMEINC.
20260226006995,20260226,코스닥,아이에이,038880,[기재정정]주식등의대량보유상황보고서(일반),디씨이
20260226006928,20260226,코스피,한미글로벌,053690,주식등의대량보유상황보고서(일반),김종훈
20260226006927,20260226,코스피,남선알미늄,008350,주식등의대량보유상황보고서(일반),삼라
20260226006888,20260226,코스피,하나금융지주,086790,주식등의대량보유상황보고서(약식),BlackRockFundAdvisors
20260226006838,20260226,코스닥,리메드,302550,주식등의대량보유상황보고서(일반),이근용
20260226006639,20260226,코스피,TYM,002900,주식등의대량보유상황보고서(일반),김식
20260226006568,20260226,코스피,에스케이바이오팜,326030,주식등의대량보유상황보고서(일반),SK
20260226006469,20260226,코스닥,SG&G,040610,[기재정정]주식등의대량보유상황보고서(일반),이의범
20260226006450,20260226,코스닥,에스엠씨지,460870,주식등의대량보유상황보고서(일반),최승호
20260226006248,20260226,코스닥,코아시아,045970,주식등의대량보유상황보고서(일반),이희준
20260226006095,20260226,코스닥,유니트론텍,142210,주식등의대량보유상황보고서(일반),남궁선
20260226006013,20260226,코스닥,캐리,313760,주식등의대량보유상황보고서(약식),드림투자조합
20260226005911,20260226,코스닥,삼기,122350,주식등의대량보유상황보고서(일반),김치환
20260226005855,20260226,코스닥,이랜시스,264850,주식등의대량보유상황보고서(일반),이랜텍
20260226005671,20260226,코스닥,디에이피,066900,주식등의대량보유상황보고서(일반),대명화학
20260226005461,20260226,코스닥,에이치피오,357230,주식등의대량보유상황보고서(일반),이현용
20260226005352,20260226,코스닥,모다이노칩,080420,주식등의대량보유상황보고서(일반),대명화학
20260226005317,20260226,코스닥,알멕,354320,[기재정정]주식등의대량보유상황보고서(일반),다이엑스
20260226005267,20260226,코스피,BYC,001460,주식등의대량보유상황보고서(일반),트러스톤자산운용
20260226005220,20260226,코스닥,엔비알모션,0004V0,주식등의대량보유상황보고서(약식),액시스인베스트먼트
20260226005207,20260226,코스닥,위세아이텍,065370,주식등의대량보유상황보고서(일반),김다산
20260226005174,20260226,코스닥,제놀루션,225220,주식등의대량보유상황보고서(일반),김기옥
20260226005171,20260226,코스닥,우리기술,032820,주식등의대량보유상황보고서(약식),삼성자산운용
20260226005150,20260226,코스닥,제놀루션,225220,주식등의대량보유상황보고서(일반),호일바이오메드
20260226005136,20260226,코스닥,피엔티,137400,주식등의대량보유상황보고서(약식),삼성자산운용
20260226005089,20260226,코스닥,유진테크,084370,주식등의대량보유상황보고서(약식),삼성자산운용
20260226005027,20260226,코스닥,캔버스엔,210120,주식등의대량보유상황보고서(일반),디비투자조합
20260226004996,20260226,코스닥,다보링크,340360,주식등의대량보유상황보고서(일반),테라사이언스
20260226004933,20260226,코스닥,아이로보틱스,066430,[기재정정]주식등의대량보유상황보고서(약식),이상섭
20260226004930,20260226,코스피,코오롱글로벌,003070,주식등의대량보유상황보고서(일반),코오롱
20260226004901,20260226,코스닥,큐리언트,115180,주식등의대량보유상황보고서(일반),동구바이오제약
20260226004784,20260226,코스피,일진전기,103590,주식등의대량보유상황보고서(일반),일진홀딩스
20260226004511,20260226,코스닥,빅텍,065450,주식등의대량보유상황보고서(일반),박승운
20260226004432,20260226,코스피,코스모신소재,005070,주식등의대량보유상황보고서(일반),코스모화학
20260226003619,20260226,코스닥,엠아이텍,179290,주식등의대량보유상황보고서(약식),조윤하
20260226003177,20260226,코스닥,파인텍,131760,주식등의대량보유상황보고서(일반),강원일
20260226002837,20260226,코스닥,디티앤씨알오,383930,주식등의대량보유상황보고서(약식),유진중견밸류업사모투자
20260226002736,20260226,코스닥,레이,228670,주식등의대량보유상황보고서(일반),레이홀딩스
20260226002181,20260226,코스피,케이씨텍,281820,주식등의대량보유상황보고서(일반),고석태
20260226001437,20260226,코스닥,클래시스,214150,주식등의대량보유상황보고서(일반),"BCPECenturInvestments,LP"
20260226001381,20260226,코스닥,클래시스,214150,[기재정정]주식등의대량보유상황보고서(일반),"BCPECenturInvestments,LP"
20260226001249,20260226,코스닥,HPSP,403870,주식등의대량보유상황보고서(일반),히트2025홀딩스
20260226000719,20260226,코스피,JB금융지주,175330,주식등의대량보유상황보고서(약식),CapitalResearchandManagementCompany
20260225005920,20260225,코스피,팬오션,028670,주식등의대량보유상황보고서(일반),하림지주
20260225005814,20260225,코스피,팜스코,036580,주식등의대량보유상황보고서(일반),하림지주
20260225005813,20260225,코스닥,젬백스,082270,주식등의대량보유상황보고서(일반),젬앤컴퍼니
20260225005724,20260225,코스피,선진,136490,주식등의대량보유상황보고서(일반),하림지주
20260225005626,20260225,코스닥,하림,136480,주식등의대량보유상황보고서(일반),하림지주
20260225005334,20260225,코스닥,젠큐릭스,229000,주식등의대량보유상황보고서(일반),조상래
20260225005254,20260225,코스닥,딜리,131180,[기재정정]주식등의대량보유상황보고서(일반),최동희
20260225005149,20260225,코스닥,SKAI,357880,주식등의대량보유상황보고서(일반),디렉터스컴퍼니
20260225005039,20260225,코스피,TP,007980,주식등의대량보유상황보고서(일반),임석원
20260225005027,20260225,코스닥,국전,307750,주식등의대량보유상황보고서(일반),홍종호
20260225005020,20260225,코스닥,마이크로컨텍솔,098120,주식등의대량보유상황보고서(약식),에셋플러스자산운용
20260225004991,20260225,코스피,한일홀딩스,003300,주식등의대량보유상황보고서(일반),허기호
20260225004751,20260225,코스피,한화리츠,451800,주식등의대량보유상황보고서(일반),미래에셋자산운용
20260225004588,20260225,코스닥,인텍플러스,064290,주식등의대량보유상황보고서(일반),이상윤
20260225004402,20260225,코스닥,고영,098460,주식등의대량보유상황보고서(일반),고영홀딩스
20260225004263,20260225,코스피,E1,017940,주식등의대량보유상황보고서(일반),구자열
20260225004234,20260225,코스피,농심,004370,주식등의대량보유상황보고서(일반),신동원
20260225003810,20260225,코스피,콘텐트리중앙,036420,주식등의대량보유상황보고서(일반),중앙피앤아이
20260225003482,20260225,코스닥,링네트,042500,주식등의대량보유상황보고서(일반),이주석
20260225003323,20260225,코스닥,한주에이알티,058450,주식등의대량보유상황보고서(약식),안창호
20260225003271,20260225,코스닥,드림어스컴퍼니,060570,주식등의대량보유상황보고서(일반),비마이프렌즈
20260225003269,20260225,코스닥,이화공영,001840,[기재정정]주식등의대량보유상황보고서(일반),한앤브라더스
20260225003061,20260225,코스닥,원익머트리얼즈,104830,주식등의대량보유상황보고서(일반),원익홀딩스
20260225002693,20260225,코스닥,청담글로벌,362320,주식등의대량보유상황보고서(일반),구상모
20260225002468,20260225,코스닥,서울옥션,063170,주식등의대량보유상황보고서(일반),이호재
20260225002405,20260225,코스닥,SG&G,040610,주식등의대량보유상황보고서(일반),이의범
20260225002132,20260225,코스닥,링네트,042500,주식등의대량보유상황보고서(일반),링네트우리사주조합
20260225001364,20260225,코스닥,SOOP,067160,주식등의대량보유상황보고서(일반),쎄인트인터내셔널
20260225001290,20260225,코스피,금양,001570,주식등의대량보유상황보고서(일반),류광지
20260225001068,20260225,코스닥,HLB파나진,046210,주식등의대량보유상황보고서(일반),HLB
20260225000960,20260225,코스닥,디와이씨,310870,주식등의대량보유상황보고서(일반),이종훈
20260225000880,20260225,코스닥,대성하이텍,129920,주식등의대량보유상황보고서(일반),최호형
20260225000518,20260225,코스닥,롤링스톤,214610,주식등의대량보유상황보고서(약식),김우찬
20260225000268,20260225,코스닥,에이치브이엠,295310,주식등의대량보유상황보고서(약식),KB자산운용
20260224004382,20260224,코스닥,아이에이,038880,주식등의대량보유상황보고서(일반),디씨이
20260224004326,20260224,코스닥,스피어,347700,주식등의대량보유상황보고서(일반),최광수
20260224004148,20260224,코스피,티에이치엔,019180,주식등의대량보유상황보고서(일반),이광연
20260224004064,20260224,코스닥,경남제약,053950,주식등의대량보유상황보고서(일반),미니쉬테크놀로지
20260224004053,20260224,코스닥,폰드그룹,472850,주식등의대량보유상황보고서(일반),대명화학
20260224004000,20260224,코스피,티에이치엔,019180,주식등의대량보유상황보고서(일반),채승훈
20260224003947,20260224,코스피,한미사이언스,008930,주식등의대량보유상황보고서(일반),임종윤
20260224003907,20260224,코스피,한미사이언스,008930,주식등의대량보유상황보고서(일반),임종훈
20260224003899,20260224,코스닥,로젠,033290,주식등의대량보유상황보고서(일반),대명화학
20260224003749,20260224,코스닥,FSN,214270,주식등의대량보유상황보고서(일반),제이투비
20260224003731,20260224,코스닥,와이제이링크,209640,주식등의대량보유상황보고서(일반),박순일
20260224003697,20260224,코스닥,TJ미디어,032540,주식등의대량보유상황보고서(일반),윤재환
20260224003343,20260224,코스닥,엠투엔,033310,주식등의대량보유상황보고서(일반),디케이마린
20260224003325,20260224,코스닥,더네이쳐홀딩스,298540,주식등의대량보유상황보고서(약식),박영옥
20260224003301,20260224,코스닥,상보,027580,주식등의대량보유상황보고서(일반),김상근
20260224003299,20260224,코스닥,넥써쓰,205500,주식등의대량보유상황보고서(일반),링크드
20260224003169,20260224,코스닥,코퍼스코리아,322780,주식등의대량보유상황보고서(일반),오영섭
20260224003078,20260224,코스피,SK바이오사이언스,302440,주식등의대량보유상황보고서(일반),SK케미칼
20260224002943,20260224,코스닥,삼진엘앤디,054090,주식등의대량보유상황보고서(일반),이명종
20260224002754,20260224,코스닥,이화공영,001840,주식등의대량보유상황보고서(일반),최삼규
20260224002473,20260224,코스닥,이엠텍,091120,주식등의대량보유상황보고서(일반),정승규
20260224001741,20260224,코스닥,풍국주정,023900,주식등의대량보유상황보고서(일반),이한용
20260224001710,20260224,코스닥,브이씨,365900,주식등의대량보유상황보고서(일반),김준오
20260224001214,20260224,코스닥,보로노이,310210,주식등의대량보유상황보고서(일반),김현태
20260224000941,20260224,코스닥,알멕,354320,주식등의대량보유상황보고서(일반),다이엑스
20260224000226,20260224,코스닥,아이언디바이스,464500,주식등의대량보유상황보고서(일반),박기태
20260223004196,20260224,코스피,한미사이언스,008930,주식등의대량보유상황보고서(일반),송영숙
20260223004107,20260223,코스피,제주항공,089590,주식등의대량보유상황보고서(일반),AK홀딩스
20260223004036,20260223,코스피,트리니티항공,091810,주식등의대량보유상황보고서(일반),소노인터내셔널
20260223003966,20260223,코스닥,멤레이비티,072770,주식등의대량보유상황보고서(약식),네오버스
20260223003939,20260223,코스닥,웰크론한텍,076080,주식등의대량보유상황보고서(일반),웰크론
20260223003869,20260223,코스피,대림통상,006570,주식등의대량보유상황보고서(일반),디앤디파트너스
20260223003865,20260223,코스닥,야스,255440,주식등의대량보유상황보고서(일반),정광호
20260223003754,20260223,코스피,한세실업,105630,주식등의대량보유상황보고서(일반),한세예스24홀딩스
20260223003745,20260223,코스닥,디아이티,110990,주식등의대량보유상황보고서(약식),최정일
20260223003618,20260223,코스닥,희림,037440,주식등의대량보유상황보고서(일반),정영균
20260223003590,20260223,코스닥,솔브레인홀딩스,036830,주식등의대량보유상황보고서(일반),정지완
20260223003467,20260223,코스닥,삼화네트웍스,046390,[기재정정]주식등의대량보유상황보고서(일반),신상윤
20260223003461,20260223,코스닥,솔브레인,357780,주식등의대량보유상황보고서(일반),정지완
20260223003282,20260223,코스닥,파크시스템스,140860,주식등의대량보유상황보고서(약식),삼성자산운용
20260223003260,20260223,코스피,이수페타시스,007660,주식등의대량보유상황보고서(일반),이수
20260223003250,20260223,코스닥,에스피지,058610,주식등의대량보유상황보고서(약식),삼성자산운용
20260223003220,20260223,코스피,신한알파리츠,293940,주식등의대량보유상황보고서(약식),삼성자산운용
20260223003215,20260223,코스피,이수스페셜티케미컬,457190,주식등의대량보유상황보고서(일반),이수
20260223003201,20260223,코스닥,파수AI,150900,주식등의대량보유상황보고서(일반),조규곤
20260223003170,20260223,코스닥,이화공영,001840,주식등의대량보유상황보고서(일반),한앤브라더스
20260223003035,20260223,코스닥,인트론바이오,048530,주식등의대량보유상황보고서(일반),윤성준
20260223003012,20260223,코스피,TYM,002900,주식등의대량보유상황보고서(약식),MORGANSTANLEY&COINTLPLC
20260223002966,20260223,코스닥,에코프로,086520,주식등의대량보유상황보고서(일반),이동채
20260223002688,20260223,코스피,남선알미늄,008350,주식등의대량보유상황보고서(일반),삼라
20260223002150,20260223,코스닥,모아데이타,288980,주식등의대량보유상황보고서(일반),한상진
20260223002142,20260223,코스닥,월덱스,101160,주식등의대량보유상황보고서(약식),브이아이피자산운용
20260223001795,20260223,코스닥,씨앤투스,352700,주식등의대량보유상황보고서(일반),하춘욱
20260223001574,20260223,코스피,현대모비스,012330,주식등의대량보유상황보고서(일반),기아
20260223001450,20260223,코스피,에코프로머티,450080,주식등의대량보유상황보고서(일반),에코프로
20260223001319,20260223,코스닥,오이솔루션,138080,주식등의대량보유상황보고서(일반),박찬
20260223001307,20260223,코스닥,RFHIC,218410,주식등의대량보유상황보고서(일반),조덕수
20260223000242,20260223,코스닥,케이아이엔엑스,093320,주식등의대량보유상황보고서(약식),MiriCapitalManagementLLC
20260223000141,20260223,코스닥,티에스이,131290,주식등의대량보유상황보고서(일반),권상준
20260223000077,20260223,코스닥,성원에너텍,340930,주식등의대량보유상황보고서(일반),정연길
20260220002621,20260223,코스닥,인스피언,465480,주식등의대량보유상황보고서(일반),최정규
20260220002599,20260220,코스닥,네오위즈,095660,주식등의대량보유상황보고서(일반),나성균
20260220002560,20260220,코스피,현대차증권,001500,[기재정정]주식등의대량보유상황보고서(약식),세종
20260220002557,20260220,코스피,일동제약,249420,주식등의대량보유상황보고서(일반),윤원영
20260220002502,20260220,코스피,SNT에너지,100840,주식등의대량보유상황보고서(일반),SNT홀딩스
20260220002498,20260220,코스닥,이상네트웍스,080010,주식등의대량보유상황보고서(약식),하성일
20260220002355,20260220,코스피,애경산업,018250,주식등의대량보유상황보고서(일반),태광산업
20260220002333,20260220,코스닥,오르비텍,046120,주식등의대량보유상황보고서(일반),성진홀딩스
20260220002313,20260220,코스피,팬오션,028670,주식등의대량보유상황보고서(일반),하림지주
20260220002301,20260220,코스피,현대차증권,001500,주식등의대량보유상황보고서(약식),세종
20260220002293,20260220,코스닥,파라텍,033540,주식등의대량보유상황보고서(일반),휴림인프라투자조합
20260220002287,20260220,코스피,금호타이어,073240,주식등의대량보유상황보고서(일반),싱웨이코리아
20260220002269,20260220,코스닥,하림지주,003380,주식등의대량보유상황보고서(일반),김홍국
20260220002262,20260220,코스닥,한울반도체,320000,주식등의대량보유상황보고서(일반),한울소재과학
20260220002108,20260220,코스피,성창기업지주,000180,주식등의대량보유상황보고서(일반),정해린
20260220002103,20260220,코스닥,이삭엔지니어링,351330,주식등의대량보유상황보고서(일반),김창수
20260220002063,20260220,코스닥,에스오에스랩,464080,주식등의대량보유상황보고서(약식),비엔비자산운용
20260220002046,20260220,코스피,비에이치,090460,주식등의대량보유상황보고서(약식),MORGANSTANLEY&COINTLPLC
20260220002015,20260220,코스닥,한국정보통신,025770,주식등의대량보유상황보고서(일반),박헌서
20260220001965,20260220,코스닥,서진시스템,178320,주식등의대량보유상황보고서(일반),전동규
20260220001958,20260220,코스닥,비에이치아이,083650,주식등의대량보유상황보고서(약식),삼성자산운용
20260220001957,20260220,코스닥,밸로프,331520,주식등의대량보유상황보고서(일반),신재명
20260220001922,20260220,코스닥,디티앤씨,187220,주식등의대량보유상황보고서(약식),수성자산운용
20260220001918,20260220,코스닥,HC보광산업,225530,주식등의대량보유상황보고서(일반),HC홈센타
20260220001917,20260220,코스닥,판타지오,032800,주식등의대량보유상황보고서(일반),아티스트
20260220001902,20260220,코스닥,HC홈센타,060560,주식등의대량보유상황보고서(일반),에이치씨파트너스
20260220001875,20260220,코스피,크래프톤,259960,주식등의대량보유상황보고서(일반),장병규
20260220001869,20260220,코스피,에이프로젠,007460,주식등의대량보유상황보고서(일반),지베이스
20260220001854,20260220,코스피,한국제지,027970,주식등의대량보유상황보고서(일반),해성산업
20260220001848,20260220,코스닥,엔알비,475230,주식등의대량보유상황보고서(약식),우리벤처파트너스
20260220001847,20260220,코스닥,위메이드,112040,주식등의대량보유상황보고서(일반),박관호
20260220001810,20260220,코스피,대한제강,084010,주식등의대량보유상황보고서(일반),오치훈
20260220001805,20260220,코스피,한솔홀딩스,004150,주식등의대량보유상황보고서(일반),조동길
20260220001784,20260220,코스닥,크레오에스지,040350,주식등의대량보유상황보고서(일반),큐로홀딩스
20260220001711,20260220,코스닥,큐로홀딩스,051780,주식등의대량보유상황보고서(일반),케이파트너스
20260220001705,20260220,코스닥,지엔코,065060,주식등의대량보유상황보고서(일반),크레오에스지
20260220001703,20260220,코스피,이노션,214320,주식등의대량보유상황보고서(일반),NHPEAIVHighlightHoldingsAB
20260220001702,20260220,코스닥,파인텍,131760,주식등의대량보유상황보고서(일반),강원일
20260220001674,20260220,코스닥,아시아경제,127710,주식등의대량보유상황보고서(약식),아시아경제 우리사주조합
20260220001618,20260220,코스닥,상상인,038540,주식등의대량보유상황보고서(일반),유준원
20260220001589,20260220,코스닥,LSK아이로봇,091970,주식등의대량보유상황보고서(일반),엘에스케이디비
20260220001452,20260220,코스닥,디티앤씨,187220,주식등의대량보유상황보고서(약식),에스피자산운용
20260220001234,20260220,코스피,아모레퍼시픽홀딩스,002790,주식등의대량보유상황보고서(일반),서경배
20260220001157,20260220,코스피,아모레퍼시픽,090430,주식등의대량보유상황보고서(일반),아모레퍼시픽홀딩스
20260220001136,20260220,코스피,효성,004800,주식등의대량보유상황보고서(약식),AllianceBernsteinL.P.
20260220000912,20260220,코스닥,아틀라스링크,297570,주식등의대량보유상황보고서(일반),권충식
20260220000908,20260220,코스닥,롤링스톤,214610,주식등의대량보유상황보고서(약식),김우찬
20260220000569,20260220,코스피,삼성전기,009150,주식등의대량보유상황보고서(약식),BlackRockFundAdvisors
20260220000562,20260220,코스피,애경산업,018250,주식등의대량보유상황보고서(일반),AK홀딩스
20260220000555,20260220,코스닥,진성티이씨,036890,주식등의대량보유상황보고서(약식),마이다스에셋자산운용
20260220000510,20260220,코스닥,디티앤씨,187220,주식등의대량보유상황보고서(약식),오라이언자산운용
20260220000410,20260220,코스닥,삼현,437730,주식등의대량보유상황보고서(일반),황성호
20260220000287,20260220,코스닥,수성웹툰,084180,주식등의대량보유상황보고서(일반),투믹스홀딩스
20260220000091,20260220,코스피,SK하이닉스,000660,주식등의대량보유상황보고서(약식),BlackRockFundAdvisors
20260219002890,20260220,코스피,한국전자홀딩스,006200,주식등의대량보유상황보고서(약식),시너지투자자문
20260219002882,20260220,코스닥,모아데이타,288980,주식등의대량보유상황보고서(일반),한상진
20260219002881,20260220,코스닥,씨엔플러스,115530,주식등의대량보유상황보고서(약식),캠프아레나
20260219002830,20260219,코스닥,씨엔플러스,115530,주식등의대량보유상황보고서(약식),에이아이데이타
20260219002795,20260219,코스닥,빛샘전자,072950,주식등의대량보유상황보고서(일반),강만준
20260219002752,20260219,코스닥,HLB,028300,주식등의대량보유상황보고서(일반),진양곤
20260219002675,20260219,코스닥,포커스에이아이,331380,주식등의대량보유상황보고서(약식),넥스플랜
20260219002662,20260219,코스닥,베노티앤알,206400,주식등의대량보유상황보고서(일반),라미쿠스
20260219002636,20260219,코스닥,오름테라퓨틱,475830,주식등의대량보유상황보고서(일반),이승주
20260219002617,20260219,코스닥,나라셀라,405920,주식등의대량보유상황보고서(일반),나라로지스틱스
20260219002615,20260219,코스닥,위세아이텍,065370,주식등의대량보유상황보고서(일반),김다산
20260219002608,20260219,코스닥,진시스템,363250,주식등의대량보유상황보고서(일반),서유진
20260219002601,20260219,코스닥,미래나노텍,095500,주식등의대량보유상황보고서(일반),김철영
20260219002523,20260219,코스닥,우리넷,115440,주식등의대량보유상황보고서(일반),넷솔루션즈홀딩스
20260219002416,20260219,코스피,엑시큐어하이트론,019490,주식등의대량보유상황보고서(일반),컨두잇투자자문
20260219002372,20260219,코스피,대덕전자,353200,주식등의대량보유상황보고서(일반),대덕
20260219002242,20260219,코스닥,코퍼스코리아,322780,주식등의대량보유상황보고서(약식),수성자산운용
20260219002219,20260219,코스닥,더핑크퐁컴퍼니,403850,주식등의대량보유상황보고서(약식),케이티
20260219002182,20260219,코스닥,아스타,246720,[기재정정]주식등의대량보유상황보고서(일반),조응준
20260219002160,20260219,코스닥,삼화네트웍스,046390,주식등의대량보유상황보고서(일반),신상윤
20260219002140,20260219,코스닥,수성웹툰,084180,주식등의대량보유상황보고서(일반),투믹스홀딩스
20260219002064,20260219,코스피,대양금속,009190,주식등의대량보유상황보고서(일반),디와이엠파트너스
20260219002039,20260219,코스닥,글로벌텍스프리,204620,주식등의대량보유상황보고서(일반),문양근
20260219001809,20260219,코스피,한신공영,004960,주식등의대량보유상황보고서(약식),타이거자산운용투자일임
20260219001178,20260219,코스닥,글로벌텍스프리,204620,주식등의대량보유상황보고서(일반),지티에프홀딩스
20260219001134,20260219,코스닥,앤로보틱스,138360,주식등의대량보유상황보고서(약식),고센인베스트먼트
20260219001095,20260219,코스닥,바이오다인,314930,주식등의대량보유상황보고서(일반),임욱빈
20260219000310,20260219,코스닥,코리아에프티,123410,주식등의대량보유상황보고서(약식),브이아이피자산운용
20260219000119,20260219,코스닥,아리바이오홀딩스,290690,주식등의대량보유상황보고서(일반),정재준
20260219000062,20260219,코스피,엠앤씨솔루션,484870,주식등의대량보유상황보고서(약식),ArtisanPartnersLimitedPartnership
20260213002790,20260213,코스닥,리드코프,012700,주식등의대량보유상황보고서(일반),디케이마린
20260213002788,20260213,코스닥,흥구석유,024060,주식등의대량보유상황보고서(일반),서상덕
20260213002785,20260213,코스닥,대명에너지,389260,주식등의대량보유상황보고서(일반),아네모이제3호
20260213002771,20260213,코스닥,테라뷰,950250,주식등의대량보유상황보고서(일반),데이지프리시젼
20260213002767,20260213,코스닥,가비아,079940,주식등의대량보유상황보고서(일반),얼라인파트너스자산운용
20260213002757,20260213,코스닥,와이지-원,019210,주식등의대량보유상황보고서(일반),송호근
20260213002746,20260213,코스닥,앱튼,270520,주식등의대량보유상황보고서(일반),에이프로젠
20260213002733,20260213,코스피,에이프로젠바이오로직스,003060,주식등의대량보유상황보고서(일반),에이프로젠
20260213002670,20260213,코스피,에이프로젠,007460,주식등의대량보유상황보고서(일반),지베이스
20260213002661,20260213,코스닥,스마트레이더시스템,424960,주식등의대량보유상황보고서(일반),김용환
20260213002655,20260213,코스닥,크라우드웍스,355390,주식등의대량보유상황보고서(일반),엑스알피1호조합
20260213002636,20260213,코스닥,셀루메드,049180,주식등의대량보유상황보고서(일반),프리티
20260213002622,20260213,코스닥,크라우드웍스,355390,[기재정정]주식등의대량보유상황보고서(일반),엑스알피1호조합
20260213002618,20260213,코스닥,한일단조,024740,주식등의대량보유상황보고서(일반),홍진산업
20260213002576,20260213,코스닥,화일약품,061250,주식등의대량보유상황보고서(약식),에이프로젠파마
20260213002556,20260213,코스닥,피아이이,452450,주식등의대량보유상황보고서(일반),최정일
20260213002546,20260213,코스닥,덕산네오룩스,213420,주식등의대량보유상황보고서(일반),이수훈
20260213002519,20260213,코스피,이마트,139480,주식등의대량보유상황보고서(일반),정용진
20260213002507,20260213,코스닥,지구홀딩스,221800,주식등의대량보유상황보고서(일반),이재웅
20260213002488,20260213,코스닥,이노에이엑스,296640,주식등의대량보유상황보고서(일반),김길곤
20260213002473,20260213,코스닥,신스틸,162300,주식등의대량보유상황보고서(일반),신승곤
20260213002454,20260213,코스닥,큐브엔터,182360,주식등의대량보유상황보고서(일반),강승곤
20260213002434,20260213,코스피,하이브,352820,주식등의대량보유상황보고서(일반),방시혁
20260213002385,20260213,코스피,에이플러스에셋,244920,[기재정정]주식등의대량보유상황보고서(일반),얼라인파트너스자산운용
20260213002374,20260213,코스피,솔루엠,248070,[기재정정]주식등의대량보유상황보고서(일반),얼라인파트너스자산운용
20260213002371,20260213,코스피,한국토지신탁,034830,주식등의대량보유상황보고서(일반),엠케이인베스트먼트
20260213002360,20260213,코스피,덴티움,145720,[기재정정]주식등의대량보유상황보고서(일반),얼라인파트너스자산운용
20260213002319,20260213,코스닥,슈프리마에이치큐,094840,주식등의대량보유상황보고서(약식),숨마문화재단
20260213002313,20260213,코스닥,푸드나무,290720,주식등의대량보유상황보고서(일반),온힐파트너스
20260213002283,20260213,코스닥,삼보산업,009620,주식등의대량보유상황보고서(약식),상상인저축은행
20260213002247,20260213,코스닥,PS일렉트로닉스,332570,주식등의대량보유상황보고서(일반),유대규
20260213002236,20260213,코스피,대호에이엘,069460,주식등의대량보유상황보고서(일반),비즈알파
20260213002151,20260213,코스닥,빅텍,065450,주식등의대량보유상황보고서(일반),박승운
20260213002129,20260213,코스닥,세종메디칼,258830,주식등의대량보유상황보고서(일반),비에스제이홀딩스
20260213002036,20260213,코스피,대창,012800,주식등의대량보유상황보고서(일반),서원
20260213001959,20260213,코스닥,로스웰,900260,주식등의대량보유상황보고서(일반),트릴리온럭그룹리미티드
20260213001933,20260213,코스피,경인양행,012610,주식등의대량보유상황보고서(일반),김흥준
20260213001885,20260213,코스닥,피엠티,147760,주식등의대량보유상황보고서(일반),프로텍
20260213001569,20260213,코스피,대호에이엘,069460,주식등의대량보유상황보고서(약식),제이앤제이자산운용
20260213001334,20260213,코스닥,이니텍,053350,주식등의대량보유상황보고서(일반),에스제이제일차홀딩스
20260213001325,20260213,코스닥,이니텍,053350,주식등의대량보유상황보고서(일반),프라임라이트투자조합2호
20260213001210,20260213,코스피,INVENI,015360,주식등의대량보유상황보고서(일반),구자은
20260213001052,20260213,코스닥,알에프텍,061040,주식등의대량보유상황보고서(일반),알에프스탠다드
20260213000739,20260213,코스닥,모바일어플라이언스,087260,주식등의대량보유상황보고서(일반),대광
20260213000513,20260213,코스피,한국타이어앤테크놀로지,161390,주식등의대량보유상황보고서(일반),한국앤컴퍼니
20260213000396,20260213,코스닥,한양디지텍,078350,주식등의대량보유상황보고서(약식),KB자산운용
20260213000287,20260213,코스피,진원생명과학,011000,[기재정정]주식등의대량보유상황보고서(약식),박영근
20260213000259,20260213,코스닥,엔시트론,101400,주식등의대량보유상황보고서(일반),정인견
20260213000162,20260213,코스피,진원생명과학,011000,주식등의대량보유상황보고서(약식),박영근
20260212001747,20260212,코스피,달바글로벌,483650,[기재정정]주식등의대량보유상황보고서(일반),반성연
20260212001710,20260212,코스피,팜스코,036580,주식등의대량보유상황보고서(일반),하림지주
20260212001685,20260212,코스피,코오롱글로벌,003070,주식등의대량보유상황보고서(일반),코오롱
20260212001683,20260212,코스피,동화약품,000020,주식등의대량보유상황보고서(일반),윤도준
20260212001680,20260212,코스닥,누보,332290,주식등의대량보유상황보고서(일반),김창균
20260212001678,20260212,코스피,에쓰씨엔지니어링,023960,[기재정정]주식등의대량보유상황보고서(일반),반도홀딩스
20260212001613,20260212,코스닥,하림지주,003380,주식등의대량보유상황보고서(일반),김홍국
20260212001606,20260212,코스피,솔루엠,248070,주식등의대량보유상황보고서(일반),전성호
20260212001552,20260212,코스닥,티에프이,425420,주식등의대량보유상황보고서(일반),문성주
20260212001441,20260212,코스피,아이에스동서,010780,주식등의대량보유상황보고서(일반),권혁운
20260212001382,20260212,코스피,AJ네트웍스,095570,주식등의대량보유상황보고서(일반),문덕영
20260212001357,20260212,코스피,동성케미컬,102260,주식등의대량보유상황보고서(일반),디에스티아이
20260212001326,20260212,코스닥,한울반도체,320000,주식등의대량보유상황보고서(일반),한울소재과학
20260212001283,20260212,코스닥,이엘씨,041520,주식등의대량보유상황보고서(일반),김중헌
20260212001262,20260212,코스피,사조오양,006090,주식등의대량보유상황보고서(일반),사조대림
20260212001210,20260212,코스닥,디지캡,197140,주식등의대량보유상황보고서(일반),한국렌탈
20260212001189,20260212,코스닥,파인디지털,038950,주식등의대량보유상황보고서(일반),김용훈
20260212001186,20260212,코스닥,에피소드컴퍼니,317530,주식등의대량보유상황보고서(일반),하이라인컴퍼니
20260212001154,20260212,코스닥,국전,307750,주식등의대량보유상황보고서(일반),홍종호
20260212001068,20260212,코스닥,아이씨에이치,368600,주식등의대량보유상황보고서(일반),김영훈
20260212001016,20260212,코스피,달바글로벌,483650,주식등의대량보유상황보고서(일반),반성연
20260212000971,20260212,코스닥,에코프로비엠,247540,[기재정정]주식등의대량보유상황보고서(일반),에코프로
20260212000969,20260212,코스닥,뉴파워프라즈마,144960,주식등의대량보유상황보고서(약식),테크엑스1호신기술투자조합
20260212000918,20260212,코스닥,모바일어플라이언스,087260,주식등의대량보유상황보고서(일반),이재신
20260212000781,20260212,코스닥,엔비티,236810,주식등의대량보유상황보고서(일반),박수근
20260212000584,20260212,코스닥,원익머트리얼즈,104830,주식등의대량보유상황보고서(약식),FILLIMITED
20260212000557,20260212,코스닥,아나패스,123860,주식등의대량보유상황보고서(일반),이경호
20260212000553,20260212,코스닥,나라셀라,405920,주식등의대량보유상황보고서(일반),나라로지스틱스
20260212000519,20260212,코스닥,아스테라시스,450950,주식등의대량보유상황보고서(일반),서은택
20260212000406,20260212,코스닥,HLB파나진,046210,주식등의대량보유상황보고서(일반),HLB
20260212000382,20260212,코스닥,알리코제약,260660,주식등의대량보유상황보고서(약식),교보증권
20260212000371,20260212,코스닥,지에프씨생명과학,388610,주식등의대량보유상황보고서(일반),강희철
20260212000347,20260212,코스닥,한싹,430690,주식등의대량보유상황보고서(약식),(주)한싹 우리사주조합
20260211001136,20260211,코스닥,파두,440110,주식등의대량보유상황보고서(약식),알피씨포워드
20260211001106,20260211,코스피,에쓰씨엔지니어링,023960,주식등의대량보유상황보고서(일반),반도홀딩스
20260211001098,20260211,코스닥,피앤씨테크,237750,주식등의대량보유상황보고서(일반),광명전기
20260211001085,20260211,코스피,웅진,016880,주식등의대량보유상황보고서(일반),윤새봄
20260211001011,20260211,코스닥,티이엠씨,425040,주식등의대량보유상황보고서(일반),유원양
20260211000999,20260211,코스피,이수페타시스,007660,주식등의대량보유상황보고서(약식),BlackRockFundAdvisors
20260211000995,20260211,코스닥,다보링크,340360,주식등의대량보유상황보고서(일반),테라사이언스
20260211000994,20260211,코스닥,토박스코리아,215480,주식등의대량보유상황보고서(일반),이선근
20260211000954,20260211,코스닥,다산네트웍스,039560,주식등의대량보유상황보고서(일반),다산솔루에타
20260211000938,20260211,코스닥,이지스,261520,주식등의대량보유상황보고서(일반),김성호
20260211000916,20260211,코스피,에코프로머티,450080,주식등의대량보유상황보고서(일반),"BRVLOTUSGROWTHFUND2015,L.P."
20260211000912,20260211,코스피,한미반도체,042700,주식등의대량보유상황보고서(약식),미래에셋자산운용
20260211000906,20260211,코스닥,한울반도체,320000,주식등의대량보유상황보고서(약식),상상인저축은행
20260211000886,20260211,코스피,국제약품,002720,주식등의대량보유상황보고서(일반),남영우
20260211000880,20260211,코스닥,교보19호스팩,0098T0,주식등의대량보유상황보고서(약식),하우자산운용
20260211000869,20260211,코스닥,아이티아이즈,372800,주식등의대량보유상황보고서(일반),이성남
20260211000842,20260211,코스피,이엔플러스,074610,주식등의대량보유상황보고서(일반),이엔피안정성장조합
20260211000833,20260211,코스피,전진건설로봇,079900,주식등의대량보유상황보고서(일반),모트렉스
20260211000821,20260211,코스닥,HC보광산업,225530,주식등의대량보유상황보고서(일반),HC홈센타
20260211000812,20260211,코스닥,HC홈센타,060560,주식등의대량보유상황보고서(일반),에이치씨파트너스
20260211000810,20260211,코스닥,디엔에프,092070,주식등의대량보유상황보고서(일반),솔브레인
20260211000798,20260211,코스닥,지엔씨에너지,119850,주식등의대량보유상황보고서(일반),안병철
20260211000793,20260211,코스닥,엔켐,348370,주식등의대량보유상황보고서(일반),오정강
20260211000791,20260211,코스피,유엔젤,072130,주식등의대량보유상황보고서(일반),박지향
20260211000789,20260211,코스닥,GC메디아이,032620,주식등의대량보유상황보고서(일반),GC케어
20260211000788,20260211,코스닥,솔브레인,357780,주식등의대량보유상황보고서(일반),정지완
20260211000754,20260211,코스닥,솔브레인홀딩스,036830,주식등의대량보유상황보고서(일반),정지완
20260211000655,20260211,코스닥,대한뉴팜,054670,주식등의대량보유상황보고서(일반),이완진
20260211000546,20260211,코스피,경보제약,214390,주식등의대량보유상황보고서(일반),종근당홀딩스
20260211000528,20260211,코스피,화승인더스트리,006060,주식등의대량보유상황보고서(일반),현석호
20260211000360,20260211,코스닥,에스비비테크,389500,주식등의대량보유상황보고서(일반),케이피에프
20260211000228,20260211,코스피,대한해운,005880,주식등의대량보유상황보고서(일반),에스엠상선
20260211000108,20260211,코스닥,노바텍,285490,주식등의대량보유상황보고서(일반),오춘택
20260210000938,20260210,코스닥,SKAI,357880,주식등의대량보유상황보고서(일반),디렉터스컴퍼니
20260210000932,20260210,코스닥,아스타,246720,주식등의대량보유상황보고서(일반),에스디바이오센서
20260210000915,20260210,코스닥,한울반도체,320000,주식등의대량보유상황보고서(약식),제이케이(JK)신기술투자조합제7호
20260210000902,20260210,코스닥,휴림에이텍,078590,주식등의대량보유상황보고서(약식),바이로트 투자조합
20260210000901,20260210,코스닥,모두투어,080160,주식등의대량보유상황보고서(약식),야놀자
20260210000888,20260210,코스닥,지에프아이,493330,주식등의대량보유상황보고서(약식),비엔케이 안전 신기술투자조합 제2호
20260210000879,20260210,코스피,조광피혁,004700,주식등의대량보유상황보고서(약식),박영옥
20260210000872,20260210,코스피,우리금융지주,316140,주식등의대량보유상황보고서(약식),BlackRockFundAdvisors
20260210000861,20260210,코스닥,오픈엣지테크놀로지,394280,주식등의대량보유상황보고서(약식),에이티넘인베스트
20260210000860,20260210,코스닥,유니테스트,086390,주식등의대량보유상황보고서(약식),브이아이피자산운용
20260210000856,20260210,코스닥,휴메딕스,200670,주식등의대량보유상황보고서(약식),브이아이피자산운용
20260210000855,20260210,코스닥,휴림에이텍,078590,주식등의대량보유상황보고서(약식),씨에이치엘글로벌
20260210000853,20260210,코스닥,월덱스,101160,주식등의대량보유상황보고서(약식),브이아이피자산운용
20260210000851,20260210,코스피,카카오페이,377300,주식등의대량보유상황보고서(약식),GOLDMANSACHSINTERNATIONAL
20260210000850,20260210,코스닥,하나마이크론,067310,[기재정정]주식등의대량보유상황보고서(일반),최창호
20260210000845,20260210,코스닥,서진시스템,178320,주식등의대량보유상황보고서(약식),네오솔루션즈
20260210000842,20260210,코스닥,휴림에이텍,078590,주식등의대량보유상황보고서(약식),제이케이위더스
20260210000835,20260210,코스닥,APS,054620,주식등의대량보유상황보고서(약식),네오솔루션즈
20260210000826,20260210,코스닥,사람인,143240,주식등의대량보유상황보고서(일반),다우기술
20260210000799,20260210,코스닥,엑스큐어,070300,주식등의대량보유상황보고서(약식),하이츠투자조합
20260210000784,20260210,코스닥,아이엘,307180,주식등의대량보유상황보고서(약식),상상인플러스저축은행
20260210000777,20260210,코스피,엑시큐어하이트론,019490,주식등의대량보유상황보고서(약식),상상인플러스저축은행
20260210000775,20260210,코스닥,차바이오텍,085660,주식등의대량보유상황보고서(일반),차광렬
20260210000773,20260210,코스피,블루산업개발,006740,주식등의대량보유상황보고서(일반),피엠에이조합
20260210000763,20260210,코스닥,엠투엔,033310,주식등의대량보유상황보고서(일반),디케이마린
20260210000753,20260210,코스피,디아이동일,001530,주식등의대량보유상황보고서(약식),동양주택개발
20260210000742,20260210,코스닥,넥스트칩,396270,주식등의대량보유상황보고서(약식),대신증권
20260210000738,20260210,코스닥,ISC,095340,주식등의대량보유상황보고서(약식),삼성자산운용
20260210000732,20260210,코스피,다스코,058730,주식등의대량보유상황보고서(약식),에이원자산운용
20260210000729,20260210,코스닥,다산디엠씨,208860,주식등의대량보유상황보고서(일반),다산네트웍스
20260210000720,20260210,코스닥,동진쎄미켐,005290,주식등의대량보유상황보고서(약식),삼성자산운용
20260210000717,20260210,코스닥,신신제약,002800,주식등의대량보유상황보고서(일반),이병기
20260210000714,20260210,코스닥,딥커머스,900110,주식등의대량보유상황보고서(약식),WEI SHANTING
20260210000708,20260210,코스닥,딥커머스,900110,주식등의대량보유상황보고서(약식),LIAN YUNBO
20260210000707,20260210,코스닥,SFA반도체,036540,주식등의대량보유상황보고서(약식),삼성자산운용
20260210000700,20260210,코스닥,딥커머스,900110,주식등의대량보유상황보고서(약식),DING JIANKANG
20260210000697,20260210,코스피,삼양식품,003230,주식등의대량보유상황보고서(일반),삼양라운드스퀘어
20260210000691,20260210,코스닥,티엘비,356860,주식등의대량보유상황보고서(약식),MORGANSTANLEY&COINTLPLC
20260210000684,20260210,코스닥,티플랙스,081150,주식등의대량보유상황보고서(일반),김영국
20260210000682,20260210,코스피,한화솔루션,009830,주식등의대량보유상황보고서(일반),한화
20260210000672,20260210,코스피,SNT에너지,100840,주식등의대량보유상황보고서(약식),파이프솔루션4호
20260210000666,20260210,코스피,한온시스템,018880,주식등의대량보유상황보고서(약식),NH투자증권
20260210000663,20260210,코스닥,리브스메드,491000,주식등의대량보유상황보고서(약식),스톤브릿지벤처스
20260210000661,20260210,코스닥,원익홀딩스,030530,주식등의대량보유상황보고서(일반),원익
20260210000660,20260210,코스피,플레이그램,009810,주식등의대량보유상황보고서(일반),트라이콘 1호 투자조합
20260210000652,20260210,코스닥,오픈엣지테크놀로지,394280,주식등의대량보유상황보고서(약식),스톤브릿지벤처스
20260210000649,20260210,코스닥,캔버스엔,210120,주식등의대량보유상황보고서(약식),상상인저축은행
20260210000641,20260210,코스닥,모아데이타,288980,주식등의대량보유상황보고서(약식),상상인저축은행
20260210000637,20260210,코스닥,유진스팩12호,0105P0,주식등의대량보유상황보고서(약식),비엔비자산운용
20260210000630,20260210,코스닥,와이랩,432430,주식등의대량보유상황보고서(일반),윤인완
20260210000625,20260210,코스닥,미래에셋비전스팩11호,0099W0,주식등의대량보유상황보고서(약식),비엔비자산운용
20260210000622,20260210,코스닥,미래에셋비전스팩10호,0097F0,주식등의대량보유상황보고서(약식),비엔비자산운용
20260210000614,20260210,코스닥,미래에셋비전스팩9호,0096D0,주식등의대량보유상황보고서(약식),비엔비자산운용
20260210000605,20260210,코스닥,디와이디,219550,주식등의대량보유상황보고서(일반),OULANGETRADELIMITED
20260210000601,20260210,코스닥,메카로,241770,주식등의대량보유상황보고서(일반),이재정
20260210000548,20260210,코스피,케이씨티시,009070,주식등의대량보유상황보고서(일반),이혜숙
20260210000508,20260210,코스닥,케이엔제이,272110,주식등의대량보유상황보고서(일반),심호섭
20260210000488,20260210,코스닥,유일로보틱스,388720,주식등의대량보유상황보고서(일반),김동헌
20260210000409,20260210,코스닥,수성웹툰,084180,주식등의대량보유상황보고서(일반),투믹스홀딩스
20260210000314,20260210,코스닥,미트박스,475460,주식등의대량보유상황보고서(약식),박진호
20260210000275,20260210,코스닥,지엔씨에너지,119850,주식등의대량보유상황보고서(약식),에셋플러스자산운용
20260210000273,20260210,코스닥,마이크로컨텍솔,098120,주식등의대량보유상황보고서(약식),에셋플러스자산운용
20260210000241,20260210,코스닥,사람인,143240,주식등의대량보유상황보고서(약식),SwedbankRoburFonderAB
20260210000217,20260210,코스닥,에코프로비엠,247540,주식등의대량보유상황보고서(일반),에코프로
20260210000215,20260210,코스닥,솔브레인,357780,주식등의대량보유상황보고서(약식),피델리티매니지먼트앤리서치컴퍼니엘엘씨
20260210000170,20260210,코스피,현대제철,004020,주식등의대량보유상황보고서(일반),기아
20260210000145,20260210,코스닥,앱코,129890,주식등의대량보유상황보고서(일반),오광근
20260210000130,20260210,코스피,이지스밸류플러스리츠,334890,주식등의대량보유상황보고서(약식),코람코자산운용
20260210000074,20260210,코스닥,스맥,099440,[기재정정]주식등의대량보유상황보고서(일반),SNT홀딩스
20260210000051,20260210,코스피,시알홀딩스,000480,주식등의대량보유상황보고서(일반),이인옥
20260210000047,20260210,코스닥,삼성스팩13호,0115H0,주식등의대량보유상황보고서(약식),크로톤자산운용
20260210000046,20260210,코스피,SK리츠,395400,주식등의대량보유상황보고서(약식),코람코자산운용
20260210000003,20260210,코스닥,동화기업,025900,주식등의대량보유상황보고서(일반),"DONGWHAINTERNATIONALCO.,LTD"
20260209000736,20260210,코스닥,MDS테크,086960,주식등의대량보유상황보고서(약식),시너지아이비투자
20260209000732,20260210,코스닥,알엔티엑스,123010,주식등의대량보유상황보고서(약식),시너지아이비투자
20260209000730,20260210,코스닥,레이저쎌,412350,주식등의대량보유상황보고서(일반),안건준
20260209000716,20260210,코스피,세아제강지주,003030,주식등의대량보유상황보고서(약식),한국투자신탁운용
20260209000707,20260210,코스피,세아제강,306200,주식등의대량보유상황보고서(약식),한국투자신탁운용
20260209000702,20260210,코스피,케이탑리츠,145270,주식등의대량보유상황보고서(약식),김철
20260209000701,20260210,코스피,케이씨,029460,주식등의대량보유상황보고서(일반),고석태
20260209000699,20260209,코스피,SBS,034120,주식등의대량보유상황보고서(약식),한국투자신탁운용
20260209000692,20260209,코스닥,코맥스,036690,주식등의대량보유상황보고서(일반),변우석
20260209000691,20260209,코스닥,서진시스템,178320,주식등의대량보유상황보고서(일반),전동규
20260209000660,20260209,코스닥,프리시젼바이오,335810,주식등의대량보유상황보고서(일반),광동제약
20260209000649,20260209,코스닥,뉴로메카,348340,주식등의대량보유상황보고서(약식),대신-스카이워크 신기술투자조합
20260209000625,20260209,코스닥,스맥,099440,주식등의대량보유상황보고서(일반),SNT홀딩스
20260209000623,20260209,코스닥,오킨스전자,080580,주식등의대량보유상황보고서(약식),MORGANSTANLEY&COINTLPLC
20260209000609,20260209,코스닥,코맥스,036690,주식등의대량보유상황보고서(일반),경동나비엔
20260209000524,20260209,코스닥,천보,278280,주식등의대량보유상황보고서(약식),케이비증권
20260209000516,20260209,코스닥,케이엠제약,225430,주식등의대량보유상황보고서(일반),강일모
20260209000515,20260209,코스닥,씨엠티엑스,388210,주식등의대량보유상황보고서(약식),한국산업은행
20260209000509,20260209,코스닥,이오테크닉스,039030,주식등의대량보유상황보고서(약식),삼성자산운용
20260209000507,20260209,코스닥,제이에스링크,127120,주식등의대량보유상황보고서(일반),주성씨앤에어
20260209000506,20260209,코스닥,픽셀플러스,087600,주식등의대량보유상황보고서(일반),이서규
20260209000502,20260209,코스닥,리노공업,058470,주식등의대량보유상황보고서(약식),삼성자산운용
20260209000499,20260209,코스닥,파이버프로,368770,주식등의대량보유상황보고서(약식),인터베스트
20260209000480,20260209,코스닥,제이에스링크,127120,주식등의대량보유상황보고서(일반),주성씨앤에어
20260209000469,20260209,코스피,대림바스,005750,주식등의대량보유상황보고서(일반),이해영
20260209000458,20260209,코스닥,피에스케이,319660,주식등의대량보유상황보고서(약식),삼성자산운용
20260209000457,20260209,코스닥,코스메카코리아,241710,주식등의대량보유상황보고서(약식),트러스톤자산운용
20260209000456,20260209,코스닥,인산가,277410,주식등의대량보유상황보고서(일반),김윤세
20260209000438,20260209,코스피,SK가스,018670,주식등의대량보유상황보고서(일반),SK디스커버리
20260209000419,20260209,코스닥,파수AI,150900,주식등의대량보유상황보고서(일반),조규곤
20260209000397,20260209,코스닥,이랜텍,054210,주식등의대량보유상황보고서(약식),정호원
20260209000321,20260209,코스닥,JW신약,067290,주식등의대량보유상황보고서(일반),JW홀딩스
20260209000293,20260209,코스닥,티케이케미칼,104480,주식등의대량보유상황보고서(일반),에스엠인더스트리
20260209000286,20260209,코스피,케이티,030200,주식등의대량보유상황보고서(약식),"티로우프라이스어소시에이트,인크."
20260209000273,20260209,코스닥,서진시스템,178320,주식등의대량보유상황보고서(일반),전동규
20260209000260,20260209,코스닥,APS이노베이션,079810,주식등의대량보유상황보고서(일반),APS
20260209000259,20260209,코스피,신라교역,004970,주식등의대량보유상황보고서(일반),신라홀딩스
20260209000239,20260209,코스피,INVENI,015360,주식등의대량보유상황보고서(약식),디세린그룹엘피
20260209000145,20260209,코스피,차AI헬스케어,025620,주식등의대량보유상황보고서(약식),실버스테이
20260209000105,20260209,코스닥,바이오톡스텍,086040,주식등의대량보유상황보고서(일반),강종구
20260209000100,20260209,코스닥,네오위즈,095660,주식등의대량보유상황보고서(일반),나성균
20260209000051,20260209,코스피,키움증권,039490,주식등의대량보유상황보고서(약식),OrbisInvestmentManagementLimited
20260209000019,20260209,코스피,SK하이닉스,000660,주식등의대량보유상황보고서(약식),CapitalResearchandManagementCompany
20260206002161,20260209,코스닥,크라우드웍스,355390,주식등의대량보유상황보고서(일반),엑스알피1호조합
20260206002159,20260209,코스피,코스모신소재,005070,주식등의대량보유상황보고서(일반),코스모제이호
20260206002147,20260206,코스닥,성원에너텍,340930,주식등의대량보유상황보고서(약식),지브이에이자산운용
20260206002124,20260206,코스닥,러셀,217500,주식등의대량보유상황보고서(약식),이강직
20260206002110,20260206,코스닥,피에이치에이,043370,주식등의대량보유상황보고서(약식),"KopernikGlobalInvestors,LLC"
20260206002095,20260206,코스닥,라온텍,418420,주식등의대량보유상황보고서(일반),김보은
20260206002087,20260206,코스닥,메지온,140410,주식등의대량보유상황보고서(일반),박동현
20260206002086,20260206,코스닥,드림시큐리티,203650,[기재정정]주식등의대량보유상황보고서(일반),범진규
20260206002082,20260206,코스닥,큐브엔터,182360,주식등의대량보유상황보고서(일반),강승곤
20260206002080,20260206,코스피,케이씨씨글라스,344820,주식등의대량보유상황보고서(일반),정몽익
20260206002078,20260206,코스닥,인벤티지랩,389470,주식등의대량보유상황보고서(일반),김주희
20260206002050,20260206,코스닥,모비데이즈,363260,주식등의대량보유상황보고서(약식),원유니버스
20260206002045,20260206,코스피,아이에스동서,010780,주식등의대량보유상황보고서(일반),권혁운
20260206002036,20260206,코스닥,티엘비,356860,주식등의대량보유상황보고서(약식),MORGANSTANLEY&COINTLPLC
20260206002034,20260206,코스닥,로젠,033290,주식등의대량보유상황보고서(일반),대명화학
20260206002027,20260206,코스닥,감성코퍼레이션,036620,주식등의대량보유상황보고서(일반),김호선
20260206002022,20260206,코스피,블루산업개발,006740,주식등의대량보유상황보고서(일반),에스디비조합
20260206002010,20260206,코스닥,대한광통신,010170,주식등의대량보유상황보고서(일반),티에프오인더스트리
20260206002000,20260206,코스닥,CSA 코스믹,083660,주식등의대량보유상황보고서(일반),에스디비조합
20260206001999,20260206,코스닥,신스틸,162300,주식등의대량보유상황보고서(약식),라이노스자산운용
20260206001996,20260206,코스닥,오픈엣지테크놀로지,394280,주식등의대량보유상황보고서(일반),이성현
20260206001990,20260206,코스닥,휴림로봇,090710,주식등의대량보유상황보고서(일반),휴림홀딩스
20260206001917,20260206,코스닥,도이치모터스,067990,주식등의대량보유상황보고서(일반),권오수
20260206001912,20260206,코스닥,뉴온,123840,주식등의대량보유상황보고서(일반),케이피엠테크
20260206001895,20260206,코스피,한솔케미칼,014680,주식등의대량보유상황보고서(약식),베어링자산운용
20260206001885,20260206,코스피,SK,034730,주식등의대량보유상황보고서(일반),최태원
20260206001873,20260206,코스닥,원익머트리얼즈,104830,주식등의대량보유상황보고서(약식),베어링자산운용
20260206001866,20260206,코스닥,파인디앤씨,049120,주식등의대량보유상황보고서(일반),홍성천
20260206001837,20260206,코스피,코오롱,002020,주식등의대량보유상황보고서(일반),이웅열
20260206001835,20260206,코스닥,한중엔시에스,107640,주식등의대량보유상황보고서(일반),김환식
20260206001823,20260206,코스닥,엔바이오니아,317870,[기재정정]주식등의대량보유상황보고서(일반),한정철
20260206001791,20260206,코스닥,에코프로에이치엔,383310,주식등의대량보유상황보고서(일반),에코프로
20260206001789,20260206,코스피,대상,001680,주식등의대량보유상황보고서(약식),베어링자산운용
20260206001787,20260206,코스닥,아이비김영,339950,주식등의대량보유상황보고서(일반),메가스터디교육
20260206001768,20260206,코스닥,슈프리마에이치큐,094840,주식등의대량보유상황보고서(일반),이재원
20260206001753,20260206,코스닥,엠케이전자,033160,주식등의대량보유상황보고서(일반),오션비홀딩스
20260206001752,20260206,코스닥,헥토이노베이션,214180,주식등의대량보유상황보고서(일반),이경민
20260206001749,20260206,코스피,엘브이엠씨,900140,주식등의대량보유상황보고서(일반),오세영
20260206001729,20260206,코스닥,다이나믹솔루션,290660,주식등의대량보유상황보고서(약식),스칸디 신기술조합 제278호
20260206001715,20260206,코스닥,티앤알바이오팹,246710,주식등의대량보유상황보고서(일반),윤원수
20260206001698,20260206,코스피,사조동아원,008040,주식등의대량보유상황보고서(일반),사조씨푸드
20260206001696,20260206,코스닥,비보존 제약,082800,주식등의대량보유상황보고서(일반),비보존홀딩스
20260206001692,20260206,코스닥,삼성스팩13호,0115H0,주식등의대량보유상황보고서(약식),수성자산운용
20260206001653,20260206,코스닥,엔켐,348370,주식등의대량보유상황보고서(약식),삼성자산운용
20260206001646,20260206,코스피,동국홀딩스,001230,주식등의대량보유상황보고서(일반),장세주
20260206001630,20260206,코스닥,에스앤에스텍,101490,주식등의대량보유상황보고서(약식),삼성자산운용
20260206001625,20260206,코스닥,중앙첨단소재,051980,주식등의대량보유상황보고서(약식),카르보인베스트먼트
20260206001613,20260206,코스닥,비트플래닛,049470,주식등의대량보유상황보고서(일반),에스지에이홀딩스
20260206001611,20260206,코스닥,테크윙,089030,주식등의대량보유상황보고서(약식),삼성자산운용
20260206001610,20260206,코스닥,프롬바이오,377220,주식등의대량보유상황보고서(일반),심태진
20260206001591,20260206,코스닥,나노신소재,121600,주식등의대량보유상황보고서(약식),삼성자산운용
20260206001586,20260206,코스닥,야스,255440,주식등의대량보유상황보고서(일반),정광호
20260206001584,20260206,코스피,다올투자증권,030210,주식등의대량보유상황보고서(일반),이병철
20260206001561,20260206,코스닥,에코프로,086520,주식등의대량보유상황보고서(약식),삼성자산운용
20260206001545,20260206,코스피,크래프톤,259960,주식등의대량보유상황보고서(일반),장병규
20260206001544,20260206,코스닥,클로봇,466100,주식등의대량보유상황보고서(약식),삼성자산운용
20260206001527,20260206,코스닥,바이넥스,053030,주식등의대량보유상황보고서(약식),삼성자산운용
20260206001519,20260206,코스닥,빌리언스,044480,주식등의대량보유상황보고서(일반),휴마시스
20260206001505,20260206,코스닥,RFHIC,218410,주식등의대량보유상황보고서(약식),삼성자산운용
20260206001495,20260206,코스피,진원생명과학,011000,주식등의대량보유상황보고서(약식),박영근
20260206001478,20260206,코스닥,글로벌텍스프리,204620,주식등의대량보유상황보고서(일반),문양근
20260206001458,20260206,코스닥,차바이오텍,085660,주식등의대량보유상황보고서(일반),한화손해보험
20260206001457,20260206,코스닥,SGA솔루션즈,184230,주식등의대량보유상황보고서(일반),에스지에이홀딩스
20260206001434,20260206,코스피,에쓰씨엔지니어링,023960,주식등의대량보유상황보고서(약식),이브이첨단소재
20260206001338,20260206,코스닥,잉크테크,049550,주식등의대량보유상황보고서(일반),김정돈
20260206001325,20260206,코스피,DB,012030,주식등의대량보유상황보고서(일반),김남호
20260206001273,20260206,코스닥,넥스턴앤롤코리아,089140,주식등의대량보유상황보고서(약식),에스엘에너지
20260206001228,20260206,코스피,만호제강,001080,주식등의대량보유상황보고서(일반),엠에이치그룹홀딩스
20260206001131,20260206,코스피,한화비전,489790,주식등의대량보유상황보고서(약식),OrbisInvestmentManagementLimited
20260206001080,20260206,코스닥,대화제약,067080,주식등의대량보유상황보고서(일반),고준진
20260206001067,20260206,코스닥,더블유에스아이,299170,주식등의대량보유상황보고서(약식),라이프자산운용
20260206001048,20260206,코스닥,KB제29호스팩,478390,주식등의대량보유상황보고서(일반),케이비증권
20260206000873,20260206,코스닥,쿼드메디슨,464490,주식등의대량보유상황보고서(약식),신한벤처투자
20260206000855,20260206,코스피,만호제강,001080,주식등의대량보유상황보고서(일반),김상환
20260206000835,20260206,코스피,SK오션플랜트,100090,주식등의대량보유상황보고서(일반),송무석
20260206000805,20260206,코스피,현대글로비스,086280,주식등의대량보유상황보고서(일반),정의선
20260206000445,20260206,코스피,INVENI,015360,주식등의대량보유상황보고서(일반),구자은
20260206000374,20260206,코스닥,바텍,043150,주식등의대량보유상황보고서(약식),피델리티매니지먼트앤리서치컴퍼니엘엘씨
20260206000344,20260206,코스피,HD현대마린솔루션,443060,주식등의대량보유상황보고서(약식),GICPrivateLimited
20260206000332,20260206,코스닥,티에스이,131290,주식등의대량보유상황보고서(일반),김철호
20260206000091,20260206,코스피,진원생명과학,011000,주식등의대량보유상황보고서(약식),박영근
20260206000084,20260206,코스피,진원생명과학,011000,[기재정정]주식등의대량보유상황보고서(일반),박영근
20260206000067,20260206,코스피,진원생명과학,011000,[기재정정]주식등의대량보유상황보고서(일반),박영근
20260205000623,20260205,코스닥,인카금융서비스,211050,주식등의대량보유상황보고서(일반),최병채
20260205000616,20260205,코스닥,스피어,347700,주식등의대량보유상황보고서(일반),최광수
20260205000615,20260205,코스닥,컨텍,451760,[기재정정]주식등의대량보유상황보고서(약식),힐스프링인베스트먼트
20260205000614,20260205,코스닥,에임드바이오,0009K0,주식등의대량보유상황보고서(약식),인터베스트
20260205000609,20260205,코스피,DB손해보험,005830,주식등의대량보유상황보고서(일반),김준기
20260205000601,20260205,코스닥,미코,059090,주식등의대량보유상황보고서(일반),전선규
20260205000595,20260205,코스닥,빛과전자,069540,주식등의대량보유상황보고서(일반),비에치지조합
20260205000588,20260205,코스피,코스모화학,005420,주식등의대량보유상황보고서(일반),코스모앤컴퍼니
20260205000586,20260205,코스피,비비안,002070,주식등의대량보유상황보고서(약식),이니텍
20260205000584,20260205,코스닥,에이비엘바이오,298380,주식등의대량보유상황보고서(일반),LEESANGHOON
20260205000565,20260205,코스닥,파버나인,177830,주식등의대량보유상황보고서(일반),이제훈
20260205000554,20260205,코스닥,한싹,430690,주식등의대량보유상황보고서(일반),이주도
20260205000553,20260205,코스닥,폰드그룹,472850,주식등의대량보유상황보고서(일반),대명화학
20260205000540,20260205,코스닥,솔브레인,357780,주식등의대량보유상황보고서(일반),정지완
20260205000529,20260205,코스피,HL홀딩스,060980,주식등의대량보유상황보고서(약식),브이아이피자산운용
20260205000528,20260205,코스닥,젠큐릭스,229000,주식등의대량보유상황보고서(일반),조상래
20260205000526,20260205,코스닥,케이이엠텍,106080,주식등의대량보유상황보고서(일반),에이치에스홀딩스
20260205000523,20260205,코스닥,디엔에프,092070,주식등의대량보유상황보고서(일반),솔브레인
20260205000520,20260205,코스닥,케이이엠텍,106080,주식등의대량보유상황보고서(일반),에이치에스홀딩스
20260205000503,20260205,코스닥,웨이버스,336060,주식등의대량보유상황보고서(일반),김학성
20260205000488,20260205,코스닥,솔브레인,357780,주식등의대량보유상황보고서(약식),미래에셋자산운용
20260205000487,20260205,코스닥,뉴로메카,348340,주식등의대량보유상황보고서(약식),미래에셋자산운용
20260205000486,20260205,코스닥,유니슨,018000,주식등의대량보유상황보고서(일반),명운산업개발
20260205000481,20260205,코스닥,넥스틴,348210,주식등의대량보유상황보고서(일반),AP시스템
20260205000479,20260205,코스닥,빛과전자,069540,주식등의대량보유상황보고서(일반),케이헤드조합
20260205000471,20260205,코스닥,유니슨,018000,주식등의대량보유상황보고서(약식),아네모이
20260205000455,20260205,코스닥,필옵틱스,161580,주식등의대량보유상황보고서(약식),삼성자산운용
20260205000452,20260205,코스닥,소프트캠프,258790,주식등의대량보유상황보고서(일반),배환국
20260205000450,20260205,코스닥,태성,323280,주식등의대량보유상황보고서(약식),삼성자산운용
20260205000449,20260205,코스닥,빛과전자,069540,주식등의대량보유상황보고서(일반),비엔에스조합
20260205000445,20260205,코스닥,주성엔지니어링,036930,주식등의대량보유상황보고서(약식),삼성자산운용
20260205000440,20260205,코스닥,유진로봇,056080,주식등의대량보유상황보고서(약식),삼성자산운용
20260205000438,20260205,코스닥,심텍,222800,주식등의대량보유상황보고서(약식),삼성자산운용
20260205000424,20260205,코스닥,로보티즈,108490,주식등의대량보유상황보고서(약식),삼성자산운용
20260205000418,20260205,코스닥,넥스틴,348210,주식등의대량보유상황보고서(약식),삼성자산운용
20260205000417,20260205,코스닥,엠브레인,169330,주식등의대량보유상황보고서(일반),"MACROMILL,INC."
20260205000416,20260205,코스피,까뮤이앤씨,013700,주식등의대량보유상황보고서(일반),베이스
20260205000407,20260205,코스닥,에코글로우,159910,주식등의대량보유상황보고서(일반),더편한
20260205000397,20260205,코스닥,한국알콜,017890,주식등의대량보유상황보고서(일반),트러스톤자산운용
20260205000393,20260205,코스피,한국석유공업,004090,주식등의대량보유상황보고서(일반),강승모
20260205000392,20260205,코스피,제이에스코퍼레이션,194370,주식등의대량보유상황보고서(약식),삼성액티브자산운용
20260205000382,20260205,코스닥,에코글로우,159910,주식등의대량보유상황보고서(약식),크리스티아너티
20260205000381,20260205,코스닥,크레오에스지,040350,주식등의대량보유상황보고서(일반),큐로홀딩스
20260205000370,20260205,코스피,동남합성,023450,주식등의대량보유상황보고서(일반),미원홀딩스
20260205000337,20260205,코스닥,앤씨앤,092600,주식등의대량보유상황보고서(일반),김경수
20260205000237,20260205,코스닥,에코프로,086520,주식등의대량보유상황보고서(일반),이동채
20260205000228,20260205,코스피,에코프로머티,450080,주식등의대량보유상황보고서(일반),에코프로
20260205000120,20260205,코스닥,알톤,123750,주식등의대량보유상황보고서(약식),나우IB
20260205000117,20260205,코스피,KISCO홀딩스,001940,주식등의대량보유상황보고서(일반),장세홍
20260205000093,20260205,코스닥,컨텍,451760,[기재정정]주식등의대량보유상황보고서(약식),힐스프링인베스트먼트
20260205000083,20260205,코스닥,DXVX,180400,주식등의대량보유상황보고서(일반),임종윤
20260205000079,20260205,코스닥,글로벌텍스프리,204620,주식등의대량보유상황보고서(약식),abrdnAsiaLimited
20260205000055,20260205,코스피,솔루엠,248070,주식등의대량보유상황보고서(일반),전성호
20260204000604,20260205,코스닥,제노코,361390,주식등의대량보유상황보고서(약식),삼성 이노베이티브 신기술사업투자조합 제2호
20260204000603,20260205,코스닥,시노펙스,025320,주식등의대량보유상황보고서(일반),시노다이나믹스
20260204000601,20260204,코스닥,지아이이노베이션,358570,주식등의대량보유상황보고서(일반),장명호
20260204000587,20260204,코스닥,드림시큐리티,203650,주식등의대량보유상황보고서(일반),범진규
20260204000583,20260204,코스닥,디티앤씨,187220,주식등의대량보유상황보고서(일반),박채규
20260204000568,20260204,코스닥,성창오토텍,080470,주식등의대량보유상황보고서(일반),고우종
20260204000550,20260204,코스닥,컨텍,451760,주식등의대량보유상황보고서(약식),힐스프링인베스트먼트
20260204000549,20260204,코스피,시디즈,134790,주식등의대량보유상황보고서(일반),일룸
20260204000547,20260204,코스닥,중앙첨단소재,051980,주식등의대량보유상황보고서(일반),엔켐
20260204000545,20260204,코스닥,하나마이크론,067310,주식등의대량보유상황보고서(일반),최창호
20260204000544,20260204,코스닥,케이이엠텍,106080,주식등의대량보유상황보고서(약식),상상인저축은행
20260204000543,20260204,코스닥,성호전자,043260,주식등의대량보유상황보고서(일반),서룡전자
20260204000534,20260204,코스피,이수스페셜티케미컬,457190,주식등의대량보유상황보고서(일반),이수
20260204000516,20260204,코스닥,매커스,093520,주식등의대량보유상황보고서(약식),MiriCapitalManagementLLC
20260204000493,20260204,코스닥,엠에프씨,432980,주식등의대량보유상황보고서(일반),황성관
20260204000490,20260204,코스피,형지엘리트,093240,주식등의대량보유상황보고서(일반),형지I&C
20260204000487,20260204,코스닥,한울앤제주,276730,주식등의대량보유상황보고서(일반),한울반도체
20260204000471,20260204,코스닥,유아이디,069330,주식등의대량보유상황보고서(일반),박종수
20260204000469,20260204,코스닥,한울반도체,320000,주식등의대량보유상황보고서(일반),한울소재과학
20260204000460,20260204,코스닥,와이지-원,019210,주식등의대량보유상황보고서(일반),송호근
20260204000439,20260204,코스닥,하나마이크론,067310,주식등의대량보유상황보고서(약식),삼성자산운용
20260204000438,20260204,코스닥,더블유에스아이,299170,주식등의대량보유상황보고서(일반),박정섭
20260204000423,20260204,코스닥,큐렉소,060280,주식등의대량보유상황보고서(약식),삼성자산운용
20260204000421,20260204,코스닥,웨이버스,336060,[기재정정]주식등의대량보유상황보고서(일반),김학성
20260204000417,20260204,코스닥,엔바이오니아,317870,주식등의대량보유상황보고서(일반),한정철
20260204000409,20260204,코스닥,피에스케이홀딩스,031980,주식등의대량보유상황보고서(일반),박경수
20260204000408,20260204,코스닥,코미코,183300,주식등의대량보유상황보고서(약식),삼성자산운용
20260204000405,20260204,코스닥,피에스케이,319660,주식등의대량보유상황보고서(일반),피에스케이홀딩스
20260204000399,20260204,코스닥,제룡전기,033100,주식등의대량보유상황보고서(약식),삼성자산운용
20260204000390,20260204,코스닥,고영,098460,주식등의대량보유상황보고서(약식),삼성자산운용
20260204000384,20260204,코스닥,제주반도체,080220,주식등의대량보유상황보고서(약식),삼성자산운용
20260204000377,20260204,코스닥,두산테스나,131970,주식등의대량보유상황보고서(약식),삼성자산운용
20260204000376,20260204,코스닥,HB테크놀러지,078150,주식등의대량보유상황보고서(일반),에이치비콥
20260204000372,20260204,코스닥,HPSP,403870,주식등의대량보유상황보고서(약식),삼성자산운용
20260204000371,20260204,코스닥,바이오니아,064550,주식등의대량보유상황보고서(일반),박한오
20260204000329,20260204,코스닥,넥스턴앤롤코리아,089140,주식등의대량보유상황보고서(일반),로아앤코홀딩스
20260204000328,20260204,코스피,우신시스템,017370,주식등의대량보유상황보고서(일반),허우영
20260204000311,20260204,코스닥,아이디스,143160,주식등의대량보유상황보고서(일반),아이디스홀딩스
20260204000304,20260204,코스닥,KS인더스트리,101000,주식등의대량보유상황보고서(일반),케이에스아이1호 성장투자조합
20260204000286,20260204,코스닥,비씨월드제약,200780,주식등의대량보유상황보고서(일반),홍성한
20260204000179,20260204,코스피,삼천리,004690,주식등의대량보유상황보고서(약식),더제이자산운용
20260204000173,20260204,코스닥,HC보광산업,225530,주식등의대량보유상황보고서(일반),HC홈센타
20260204000169,20260204,코스닥,HC홈센타,060560,주식등의대량보유상황보고서(일반),에이치씨파트너스
20260204000154,20260204,코스닥,롤링스톤,214610,주식등의대량보유상황보고서(약식),김우찬
20260204000119,20260204,코스닥,진바이오텍,086060,주식등의대량보유상황보고서(일반),김성호
20260204000098,20260204,코스닥,덕양에너젠,0001A0,주식등의대량보유상황보고서(일반),김기철
20260204000088,20260204,코스닥,엑스페릭스,317770,주식등의대량보유상황보고서(일반),윤상철
20260203000454,20260203,코스닥,오이솔루션,138080,주식등의대량보유상황보고서(일반),박찬
20260203000450,20260203,코스닥,라온피플,300120,주식등의대량보유상황보고서(일반),이석중
20260203000449,20260203,코스닥,리메드,302550,주식등의대량보유상황보고서(일반),이근용
20260203000444,20260203,코스닥,모바일어플라이언스,087260,주식등의대량보유상황보고서(일반),이재신
20260203000441,20260203,코스닥,KD,044180,주식등의대량보유상황보고서(일반),케이디기술투자
20260203000440,20260203,코스닥,알트,459550,주식등의대량보유상황보고서(일반),크로스로드6호사모투자
20260203000424,20260203,코스닥,성우,458650,주식등의대량보유상황보고서(일반),박종헌
20260203000417,20260203,코스닥,지씨지놈,340450,주식등의대량보유상황보고서(약식),지노베이션1호사모투자
20260203000404,20260203,코스닥,원익IPS,240810,주식등의대량보유상황보고서(약식),삼성자산운용
20260203000357,20260203,코스닥,폴라리스AI핸디,220180,주식등의대량보유상황보고서(약식),다산네트웍스
20260203000354,20260203,코스닥,카페24,042000,주식등의대량보유상황보고서(일반),우창균
20260203000351,20260203,코스닥,모비스,250060,주식등의대량보유상황보고서(일반),김지헌
20260203000342,20260203,코스피,유유제약,000220,주식등의대량보유상황보고서(일반),유원상
20260203000330,20260203,코스닥,라온피플,300120,주식등의대량보유상황보고서(약식),NH투자증권
20260203000325,20260203,코스닥,케이엔제이,272110,주식등의대량보유상황보고서(일반),포커스원투자목적회사
20260203000318,20260203,코스닥,파인텍,131760,주식등의대량보유상황보고서(일반),강원일
20260203000313,20260203,코스피,종근당,185750,주식등의대량보유상황보고서(일반),이장한
20260203000305,20260203,코스피,미원화학,134380,주식등의대량보유상황보고서(일반),김정돈
20260203000299,20260203,코스닥,피에이치에이,043370,주식등의대량보유상황보고서(약식),신영자산운용
20260203000269,20260203,코스닥,씨앤투스,352700,주식등의대량보유상황보고서(일반),하춘욱
20260203000267,20260203,코스피,디와이덕양,024900,주식등의대량보유상황보고서(일반),윤성희
20260203000261,20260203,코스닥,레이저옵텍,199550,주식등의대량보유상황보고서(일반),주홍
20260203000238,20260203,코스닥,성원에너텍,340930,주식등의대량보유상황보고서(일반),정연길
20260203000229,20260203,코스닥,케스피온,079190,주식등의대량보유상황보고서(일반),이앤에스인베스트먼트
20260203000204,20260203,코스닥,온코크로스,382150,주식등의대량보유상황보고서(약식),이현자산운용
20260203000182,20260203,코스닥,HLB이노베이션,024850,주식등의대량보유상황보고서(일반),HLB
20260203000143,20260203,코스닥,원익머트리얼즈,104830,주식등의대량보유상황보고서(약식),FILLIMITED
20260203000131,20260203,코스닥,영우디에스피,143540,주식등의대량보유상황보고서(약식),블랙펄자산운용
20260203000130,20260203,코스닥,신라섬유,001000,주식등의대량보유상황보고서(약식),김대용
20260203000090,20260203,코스피,대한조선,439260,주식등의대량보유상황보고서(일반),안다에이치자산운용
20260203000079,20260203,코스닥,티에프이,425420,주식등의대량보유상황보고서(약식),KB자산운용
20260203000078,20260203,코스닥,한중엔시에스,107640,주식등의대량보유상황보고서(약식),KB자산운용
20260203000077,20260203,코스닥,브이엠,089970,주식등의대량보유상황보고서(약식),KB자산운용
20260203000076,20260203,코스닥,한양디지텍,078350,주식등의대량보유상황보고서(약식),KB자산운용
20260203000073,20260203,코스닥,와이즈넛,096250,주식등의대량보유상황보고서(약식),KB자산운용
20260203000028,20260203,코스닥,이녹스첨단소재,272290,주식등의대량보유상황보고서(일반),이녹스
20260202001333,20260202,코스피,엑시큐어하이트론,019490,[기재정정]주식등의대량보유상황보고서(일반),컨두잇투자자문
20260202001314,20260202,코스닥,와이즈버즈,273060,주식등의대량보유상황보고서(일반),코스톤성장전략엠앤에이사모투자
20260202001279,20260202,코스닥,메지온,140410,주식등의대량보유상황보고서(일반),박동현
20260202001245,20260202,코스닥,엔비티,236810,[기재정정]주식등의대량보유상황보고서(일반),박수근
20260202001235,20260202,코스피,SNT에너지,100840,주식등의대량보유상황보고서(일반),SNT홀딩스
20260202001225,20260202,코스닥,코이즈,121850,[기재정정]주식등의대량보유상황보고서(일반),조재형
20260202001208,20260202,코스닥,야스,255440,주식등의대량보유상황보고서(일반),정광호
20260202001158,20260202,코스피,에이플러스에셋,244920,주식등의대량보유상황보고서(일반),얼라인파트너스자산운용
20260202001156,20260202,코스닥,세종메디칼,258830,주식등의대량보유상황보고서(일반),비에스제이홀딩스
20260202001151,20260202,코스닥,청담글로벌,362320,주식등의대량보유상황보고서(일반),구상모
20260202001138,20260202,코스닥,리더스코스메틱,016100,주식등의대량보유상황보고서(일반),김진구
20260202001130,20260202,코스닥,글로벌텍스프리,204620,주식등의대량보유상황보고서(일반),문양근
20260202001123,20260202,코스닥,꿈비,407400,주식등의대량보유상황보고서(일반),박영건
20260202001121,20260202,코스닥,차바이오텍,085660,주식등의대량보유상황보고서(일반),차광렬
20260202001120,20260202,코스피,대원강업,000430,주식등의대량보유상황보고서(일반),현대지에프홀딩스
20260202001103,20260202,코스닥,하나머티리얼즈,166090,주식등의대량보유상황보고서(일반),하나마이크론
20260202001094,20260202,코스닥,티에프이,425420,주식등의대량보유상황보고서(약식),미래에셋자산운용
20260202001093,20260202,코스피,SK리츠,395400,주식등의대량보유상황보고서(약식),미래에셋자산운용
20260202001092,20260202,코스닥,에스넷,038680,주식등의대량보유상황보고서(일반),박효대
20260202001091,20260202,코스피,롯데리츠,330590,주식등의대량보유상황보고서(약식),미래에셋자산운용
20260202001090,20260202,코스닥,피에스케이,319660,주식등의대량보유상황보고서(약식),미래에셋자산운용
20260202001086,20260202,코스닥,원익IPS,240810,주식등의대량보유상황보고서(약식),미래에셋자산운용
20260202001084,20260202,코스닥,ISC,095340,주식등의대량보유상황보고서(약식),미래에셋자산운용
20260202001076,20260202,코스피,맥쿼리인프라,088980,주식등의대량보유상황보고서(약식),미래에셋자산운용
20260202001070,20260202,코스피,DB하이텍,000990,주식등의대량보유상황보고서(약식),미래에셋자산운용
20260202001045,20260202,코스닥,상아프론테크,089980,주식등의대량보유상황보고서(일반),이상원
20260202001008,20260202,코스피,케이티,030200,주식등의대량보유상황보고서(약식),국민연금공단
20260202000995,20260202,코스피,HS효성첨단소재,298050,주식등의대량보유상황보고서(약식),국민연금공단
20260202000976,20260202,코스피,효성티앤씨,298020,주식등의대량보유상황보고서(약식),국민연금공단
20260202000968,20260202,코스피,KB금융,105560,주식등의대량보유상황보고서(약식),국민연금공단
20260202000928,20260202,코스닥,브이엠,089970,주식등의대량보유상황보고서(일반),최우형
20260202000845,20260202,코스닥,에스에스알,275630,주식등의대량보유상황보고서(일반),지란지교시큐리티
20260202000808,20260202,코스닥,링네트,042500,주식등의대량보유상황보고서(일반),링네트우리사주조합
20260202000741,20260202,코스닥,링네트,042500,주식등의대량보유상황보고서(일반),이주석
20260202000627,20260202,코스피,엑시큐어하이트론,019490,주식등의대량보유상황보고서(일반),컨두잇투자자문
20260202000582,20260202,코스피,엑시큐어하이트론,019490,[기재정정]주식등의대량보유상황보고서(일반),컨두잇투자자문
20260202000536,20260202,코스닥,태웅로직스,124560,주식등의대량보유상황보고서(일반),한재동
20260202000395,20260202,코스피,남선알미늄,008350,주식등의대량보유상황보고서(일반),삼라
20260202000282,20260202,코스닥,케이엠제약,225430,주식등의대량보유상황보고서(일반),강일모
20260202000174,20260202,코스닥,선진뷰티사이언스,086710,주식등의대량보유상황보고서(일반),이성호
20260202000148,20260202,코스닥,아이티센엔텍,010280,주식등의대량보유상황보고서(일반),아이티센씨티에스
20260202000117,20260202,코스닥,네오팜,092730,주식등의대량보유상황보고서(약식),FILLIMITED
20260202000050,20260202,코스닥,제이엘케이,322510,주식등의대량보유상황보고서(일반),김원태
20260202000016,20260202,코스닥,레이,228670,주식등의대량보유상황보고서(일반),레이홀딩스
20260202000001,20260202,코스닥,푸드나무,290720,주식등의대량보유상황보고서(일반),온힐파트너스
20260130000754,20260130,코스닥,알엔티엑스,123010,주식등의대량보유상황보고서(일반),알엔투테크놀로지
20260130000752,20260130,코스닥,오스테오닉,226400,주식등의대량보유상황보고서(일반),이동원
20260130000746,20260130,코스닥,서부T&D,006730,주식등의대량보유상황보고서(일반),엠와이에이치
20260130000737,20260130,코스닥,인바디,041830,주식등의대량보유상황보고서(일반),차인준
20260130000736,20260130,코스닥,서진시스템,178320,주식등의대량보유상황보고서(일반),전동규
20260130000730,20260130,코스피,삼성전자,005930,주식등의대량보유상황보고서(일반),삼성물산
20260130000720,20260130,코스피,우리금융지주,316140,주식등의대량보유상황보고서(일반),(주)우리금융지주 우리사주조합
20260130000716,20260130,코스닥,알엔티엑스,123010,[기재정정]주식등의대량보유상황보고서(일반),알엔투테크놀로지
20260130000703,20260130,코스닥,이노메트리,302430,주식등의대량보유상황보고서(약식),김준보
20260130000699,20260130,코스닥,엠케이전자,033160,주식등의대량보유상황보고서(일반),오션비홀딩스
20260130000698,20260130,코스닥,아크릴,0007C0,주식등의대량보유상황보고서(일반),LG전자
20260130000692,20260130,코스피,롯데지주,004990,[기재정정]주식등의대량보유상황보고서(일반),신동빈
20260130000689,20260130,코스닥,마이크로디지탈,305090,주식등의대량보유상황보고서(일반),김경남
20260130000681,20260130,코스닥,CG인바이츠,083790,주식등의대량보유상황보고서(일반),뉴레이크인바이츠투자
20260130000674,20260130,코스피,블루산업개발,006740,주식등의대량보유상황보고서(일반),피엠에이조합
20260130000672,20260130,코스닥,바이오스마트,038460,주식등의대량보유상황보고서(일반),박혜린
20260130000660,20260130,코스피,한국토지신탁,034830,주식등의대량보유상황보고서(일반),엠케이인베스트먼트
20260130000654,20260130,코스닥,비비씨,318410,주식등의대량보유상황보고서(일반),강기태
20260130000653,20260130,코스피,종근당,185750,주식등의대량보유상황보고서(약식),"KopernikGlobalInvestors,LLC"
20260130000646,20260130,코스닥,한울소재과학,091440,주식등의대량보유상황보고서(일반),루시
20260130000627,20260130,코스닥,오르비텍,046120,주식등의대량보유상황보고서(일반),비앤피주성
20260130000619,20260130,코스피,SYTS,002170,주식등의대량보유상황보고서(일반),허준홍
20260130000614,20260130,코스닥,디지틀조선,033130,주식등의대량보유상황보고서(약식),박영옥
20260130000612,20260130,코스피,동양고속,084670,주식등의대량보유상황보고서(일반),최성원
20260130000611,20260130,코스닥,한국파마,032300,주식등의대량보유상황보고서(일반),박은희
20260130000610,20260130,코스닥,지놈앤컴퍼니,314130,주식등의대량보유상황보고서(약식),SV인베스트먼트
20260130000597,20260130,코스닥,사토시홀딩스,223310,주식등의대량보유상황보고서(일반),메타플렉스
20260130000590,20260130,코스피,콜마홀딩스,024720,주식등의대량보유상황보고서(일반),윤상현
20260130000587,20260130,코스피,엘브이엠씨,900140,주식등의대량보유상황보고서(일반),오세영
20260130000586,20260130,코스닥,파인엠텍,441270,주식등의대량보유상황보고서(일반),홍성천
20260130000566,20260130,코스닥,디에이치엑스컴퍼니,031860,주식등의대량보유상황보고서(일반),대흥중앙산업개발투자
20260130000552,20260130,코스닥,사토시홀딩스,223310,주식등의대량보유상황보고서(약식),나카모토투자조합
20260130000550,20260130,코스닥,앱튼,270520,주식등의대량보유상황보고서(약식),아름드리코퍼레이션
20260130000546,20260130,코스닥,인텔리안테크,189300,주식등의대량보유상황보고서(일반),성상엽
20260130000542,20260130,코스닥,제이엠아이,033050,주식등의대량보유상황보고서(일반),제이엠티
20260130000541,20260130,코스피,신성이엔지,011930,주식등의대량보유상황보고서(일반),이완근
20260130000537,20260130,코스닥,그래디언트,035080,주식등의대량보유상황보고서(일반),이기형
20260130000533,20260130,코스닥,유일로보틱스,388720,주식등의대량보유상황보고서(일반),김동헌
20260130000513,20260130,코스닥,코이즈,121850,주식등의대량보유상황보고서(일반),조재형
20260130000512,20260130,코스닥,비보존 제약,082800,주식등의대량보유상황보고서(일반),비보존홀딩스
20260130000506,20260130,코스피,코오롱,002020,주식등의대량보유상황보고서(일반),이웅열
20260130000500,20260130,코스닥,동진쎄미켐,005290,주식등의대량보유상황보고서(일반),동진홀딩스
20260130000496,20260130,코스닥,비아트론,141000,주식등의대량보유상황보고서(일반),김형준
20260130000491,20260130,코스피,한화,000880,주식등의대량보유상황보고서(일반),김승연
20260130000484,20260130,코스닥,와이지-원,019210,주식등의대량보유상황보고서(일반),송호근
20260130000480,20260130,코스닥,카카오게임즈,293490,주식등의대량보유상황보고서(일반),카카오
20260130000478,20260130,코스닥,우리기술투자,041190,주식등의대량보유상황보고서(일반),이완근
20260130000472,20260130,코스닥,디어유,376300,주식등의대량보유상황보고서(일반),안종오
20260130000469,20260130,코스피,크래프톤,259960,주식등의대량보유상황보고서(일반),장병규
20260130000468,20260130,코스닥,제노레이,122310,주식등의대량보유상황보고서(약식),오라이언자산운용
20260130000455,20260130,코스닥,코난테크놀로지,402030,주식등의대량보유상황보고서(일반),김영섬
20260130000453,20260130,코스닥,삼일,032280,주식등의대량보유상황보고서(일반),티디
20260130000450,20260130,코스닥,KD,044180,주식등의대량보유상황보고서(약식),상상인저축은행
20260130000447,20260130,코스닥,네오크레마,311390,주식등의대량보유상황보고서(약식),대호에이엘
20260130000446,20260130,코스피,케이씨씨,002380,주식등의대량보유상황보고서(일반),정몽진
20260130000442,20260130,코스피,케이카,381970,주식등의대량보유상황보고서(일반),한앤코오토서비스홀딩스
20260130000428,20260130,코스닥,메가스터디,072870,주식등의대량보유상황보고서(약식),디세린그룹엘피
20260130000411,20260130,코스닥,에스오에스랩,464080,주식등의대량보유상황보고서(약식),KB자산운용
20260130000408,20260130,코스닥,엑셈,205100,주식등의대량보유상황보고서(약식),KB자산운용
20260130000398,20260130,코스닥,에코프로비엠,247540,주식등의대량보유상황보고서(일반),에코프로
20260130000385,20260130,코스닥,미래나노텍,095500,주식등의대량보유상황보고서(약식),신한밸류업제팔차
20260130000366,20260130,코스닥,오르비텍,046120,[기재정정]주식등의대량보유상황보고서(일반),비앤피주성
20260130000358,20260130,코스닥,오르비텍,046120,[기재정정]주식등의대량보유상황보고서(일반),비앤피주성
20260130000332,20260130,코스피,씨에스윈드,112610,주식등의대량보유상황보고서(일반),김성권
20260130000330,20260130,코스닥,캔버스엔,210120,[기재정정]주식등의대량보유상황보고서(일반),디비투자조합
20260130000329,20260130,코스피,케이티앤지,033780,주식등의대량보유상황보고서(약식),BlackRockFundAdvisors
20260130000314,20260130,코스닥,옵티코어,380540,주식등의대량보유상황보고서(약식),디에스투자조합
20260130000309,20260130,코스닥,에스앤에스텍,101490,주식등의대량보유상황보고서(일반),정수홍
20260130000286,20260130,코스닥,잉크테크,049550,주식등의대량보유상황보고서(일반),김정돈
20260130000241,20260130,코스닥,케이사인,192250,주식등의대량보유상황보고서(일반),최승락
20260130000229,20260130,코스닥,상보,027580,주식등의대량보유상황보고서(일반),김상근
20260130000216,20260130,코스닥,디지틀조선,033130,주식등의대량보유상황보고서(일반),방상훈
20260130000089,20260130,코스피,롯데렌탈,089860,주식등의대량보유상황보고서(약식),브이아이피자산운용
20260129000759,20260129,코스닥,윙스풋,335870,주식등의대량보유상황보고서(일반),모티바코리아
20260129000740,20260129,코스닥,아크릴,0007C0,주식등의대량보유상황보고서(약식),티그리스인베스트먼트
20260129000727,20260129,코스닥,엑세스바이오,950130,주식등의대량보유상황보고서(일반),팜젠사이언스
20260129000659,20260129,코스닥,위세아이텍,065370,주식등의대량보유상황보고서(일반),김다산
20260129000656,20260129,코스피,금양,001570,주식등의대량보유상황보고서(일반),류광지
20260129000651,20260129,코스피,TP,007980,주식등의대량보유상황보고서(일반),임석원
20260129000641,20260129,코스닥,파워넷,037030,주식등의대량보유상황보고서(약식),아이디어브릿지자산운용
20260129000638,20260129,코스피,아센디오,012170,주식등의대량보유상황보고서(약식),티디엠투자조합2호
20260129000636,20260129,코스닥,켐트로스,220260,주식등의대량보유상황보고서(일반),챔피온홀딩스
20260129000633,20260129,코스닥,가온칩스,399720,주식등의대량보유상황보고서(일반),정규동
20260129000621,20260129,코스닥,청담글로벌,362320,주식등의대량보유상황보고서(일반),최석주
20260129000615,20260129,코스닥,인크레더블버즈,064090,주식등의대량보유상황보고서(일반),휴먼웰니스
20260129000613,20260129,코스닥,뉴로핏,380550,주식등의대량보유상황보고서(약식),삼성액티브자산운용
20260129000610,20260129,코스닥,엠투엔,033310,주식등의대량보유상황보고서(일반),디케이마린
20260129000603,20260129,코스피,JB금융지주,175330,주식등의대량보유상황보고서(일반),삼양사
20260129000593,20260129,코스닥,메가터치,446540,주식등의대량보유상황보고서(일반),휘스턴재료과학
20260129000585,20260129,코스닥,데이원컴퍼니,373160,주식등의대량보유상황보고서(일반),패스트파이브
20260129000580,20260129,코스닥,성호전자,043260,주식등의대량보유상황보고서(일반),서룡전자
20260129000567,20260129,코스닥,하나기술,299030,주식등의대량보유상황보고서(일반),오태봉
20260129000558,20260129,코스피,팜스코,036580,주식등의대량보유상황보고서(일반),하림지주
20260129000555,20260129,코스닥,솔본,035610,주식등의대량보유상황보고서(일반),홍기태
20260129000552,20260129,코스닥,서진시스템,178320,주식등의대량보유상황보고서(일반),전동규
20260129000542,20260129,코스피,선진,136490,주식등의대량보유상황보고서(일반),하림지주
20260129000540,20260129,코스닥,캔버스엔,210120,[기재정정]주식등의대량보유상황보고서(일반),디비투자조합
20260129000533,20260129,코스닥,하림,136480,주식등의대량보유상황보고서(일반),하림지주
20260129000528,20260129,코스피,팬오션,028670,주식등의대량보유상황보고서(일반),하림지주
20260129000509,20260129,코스피,다이나믹디자인,145210,주식등의대량보유상황보고서(약식),정인파트너스
20260129000454,20260129,코스닥,에피소드컴퍼니,317530,주식등의대량보유상황보고서(일반),한정훈
20260129000452,20260129,코스닥,케이옥션,102370,주식등의대량보유상황보고서(일반),티에이어드바이저
20260129000435,20260129,코스닥,삼미금속,012210,주식등의대량보유상황보고서(약식),아이비케이에스 와이지 턴어라운드 신기술투자조합 제1호
20260129000399,20260129,코스닥,진성티이씨,036890,주식등의대량보유상황보고서(약식),마이다스에셋자산운용
20260129000243,20260129,코스피,DB손해보험,005830,주식등의대량보유상황보고서(약식),BlackRockFundAdvisors
20260129000223,20260129,코스닥,신성에스티,416180,[기재정정]주식등의대량보유상황보고서(약식),안병두
20260129000203,20260129,코스닥,한양이엔지,045100,주식등의대량보유상황보고서(일반),김윤상
20260129000199,20260129,코스닥,아틀라스링크,297570,주식등의대량보유상황보고서(일반),신정관
20260129000196,20260129,코스닥,에코프로,086520,주식등의대량보유상황보고서(일반),이동채
20260129000178,20260129,코스닥,캔버스엔,210120,주식등의대량보유상황보고서(일반),디비투자조합
20260129000067,20260129,코스닥,아스테라시스,450950,주식등의대량보유상황보고서(일반),서은택
20260128000559,20260129,코스닥,스피어,347700,주식등의대량보유상황보고서(일반),최광수
20260128000555,20260128,코스닥,신성에스티,416180,주식등의대량보유상황보고서(약식),안병두
20260128000554,20260128,코스닥,한양이엔지,045100,주식등의대량보유상황보고서(일반),김형육
20260128000549,20260128,코스닥,아틀라스링크,297570,주식등의대량보유상황보고서(일반),권충식
20260128000539,20260128,코스닥,신한제12호스팩,474660,주식등의대량보유상황보고서(약식),LS증권
20260128000524,20260128,코스닥,리더스코스메틱,016100,주식등의대량보유상황보고서(일반),김진구
20260128000523,20260128,코스닥,파인디앤씨,049120,주식등의대량보유상황보고서(일반),홍성천
20260128000514,20260128,코스닥,진바이오텍,086060,주식등의대량보유상황보고서(일반),김성호
20260128000505,20260128,코스닥,마크로젠,038290,주식등의대량보유상황보고서(일반),서정선
20260128000492,20260128,코스닥,뉴로메카,348340,주식등의대량보유상황보고서(약식),미래에셋자산운용
20260128000491,20260128,코스닥,티쓰리,204610,주식등의대량보유상황보고서(일반),김기영
20260128000484,20260128,코스닥,레이저쎌,412350,주식등의대량보유상황보고서(약식),앰지코리아
20260128000463,20260128,코스닥,하이로닉,149980,주식등의대량보유상황보고서(일반),캑터스웨스트뷰스페셜시츄에이션사모투자
20260128000460,20260128,코스닥,엠에프씨,432980,주식등의대량보유상황보고서(약식),스마일게이트인베스트먼트
20260128000456,20260128,코스닥,리브스메드,491000,주식등의대량보유상황보고서(일반),이정주
20260128000452,20260128,코스피,롯데지주,004990,주식등의대량보유상황보고서(일반),신동빈
20260128000438,20260128,코스피,롯데쇼핑,023530,주식등의대량보유상황보고서(일반),신동빈
20260128000429,20260128,코스닥,셀루메드,049180,주식등의대량보유상황보고서(일반),티디랜드마크조합1호
20260128000406,20260128,코스닥,파인디앤씨,049120,[기재정정]주식등의대량보유상황보고서(일반),홍성천
20260128000405,20260128,코스닥,코퍼스코리아,322780,주식등의대량보유상황보고서(일반),오영섭
20260128000383,20260128,코스닥,리메드,302550,주식등의대량보유상황보고서(일반),이근용
20260128000379,20260128,코스닥,파인디앤씨,049120,[기재정정]주식등의대량보유상황보고서(일반),홍성천
20260128000364,20260128,코스닥,나노신소재,121600,주식등의대량보유상황보고서(일반),박장우
20260128000362,20260128,코스피,유엔젤,072130,주식등의대량보유상황보고서(일반),박지향
20260128000360,20260128,코스닥,플랜티넷,075130,주식등의대량보유상황보고서(일반),김태주
20260128000359,20260128,코스닥,알지노믹스,476830,주식등의대량보유상황보고서(약식),에이온인베스트먼트
20260128000356,20260128,코스피,미스토홀딩스,081660,주식등의대량보유상황보고서(일반),피에몬테
20260128000355,20260128,코스닥,넵튠,217270,주식등의대량보유상황보고서(일반),크래프톤
20260128000338,20260128,코스피,다우기술,023590,주식등의대량보유상황보고서(일반),다우데이타
20260128000334,20260128,코스닥,덱스터,206560,주식등의대량보유상황보고서(일반),김용화
20260128000322,20260128,코스닥,모비스,250060,주식등의대량보유상황보고서(일반),혁신자산운용
20260128000310,20260128,코스피,LG씨엔에스,064400,주식등의대량보유상황보고서(일반),크리스탈코리아
20260128000306,20260128,코스닥,에르코스,435570,주식등의대량보유상황보고서(일반),김슬기
20260128000301,20260128,코스닥,휴림에이텍,078590,주식등의대량보유상황보고서(약식),제이디케이1호조합
20260128000295,20260128,코스닥,젠큐릭스,229000,주식등의대량보유상황보고서(약식),금성백조주택
20260128000277,20260128,코스닥,엑시온그룹,069920,주식등의대량보유상황보고서(약식),쓰리문개발
20260128000257,20260128,코스닥,HC보광산업,225530,주식등의대량보유상황보고서(일반),HC홈센타
20260128000255,20260128,코스닥,오름테라퓨틱,475830,[기재정정]주식등의대량보유상황보고서(일반),이승주
20260128000240,20260128,코스닥,HC홈센타,060560,주식등의대량보유상황보고서(일반),에이치씨파트너스
20260128000217,20260128,코스닥,오스코텍,039200,주식등의대량보유상황보고서(약식),타이거자산운용투자일임
20260128000159,20260128,코스피,다이나믹디자인,145210,주식등의대량보유상황보고서(약식),베이트리
20260128000121,20260128,코스피,다이나믹디자인,145210,주식등의대량보유상황보고서(약식),베이트리
20260128000107,20260128,코스닥,멤레이비티,072770,주식등의대량보유상황보고서(약식),네오버스
20260128000091,20260128,코스닥,하이로닉,149980,[기재정정]주식등의대량보유상황보고서(일반),이진우
20260128000089,20260128,코스닥,지구홀딩스,221800,주식등의대량보유상황보고서(약식),엔디에스
20260128000086,20260128,코스닥,이노테나,333050,주식등의대량보유상황보고서(약식),고재현
20260128000085,20260128,코스닥,하이로닉,149980,[기재정정]주식등의대량보유상황보고서(일반),이진우
20260128000038,20260128,코스닥,웨이비스,289930,주식등의대량보유상황보고서(일반),김정곤
20260127000443,20260128,코스닥,아시아경제,127710,주식등의대량보유상황보고서(일반),올인이룸
20260127000421,20260127,코스닥,삼성스팩13호,0115H0,주식등의대량보유상황보고서(약식),리딩투자증권
20260127000420,20260127,코스닥,사람인,143240,주식등의대량보유상황보고서(일반),다우기술
20260127000410,20260127,코스닥,코텍,052330,주식등의대량보유상황보고서(일반),아이디스홀딩스
20260127000409,20260127,코스닥,하림지주,003380,주식등의대량보유상황보고서(일반),김홍국
20260127000404,20260127,코스닥,하이로닉,149980,[기재정정]주식등의대량보유상황보고서(일반),이진우
20260127000375,20260127,코스닥,삼성스팩13호,0115H0,주식등의대량보유상황보고서(약식),크로톤자산운용
20260127000372,20260127,코스피,코스맥스비티아이,044820,주식등의대량보유상황보고서(약식),리캐피탈
20260127000362,20260127,코스피,계양전기,012200,주식등의대량보유상황보고서(일반),해성산업
20260127000346,20260127,코스닥,누리플랜,069140,주식등의대량보유상황보고서(약식),수성자산운용
20260127000344,20260127,코스닥,위메이드플레이,123420,주식등의대량보유상황보고서(일반),위믹스코리아
20260127000340,20260127,코스닥,셀로맥스사이언스,471820,주식등의대량보유상황보고서(일반),서정민
20260127000321,20260127,코스피,우성머티리얼스,011300,주식등의대량보유상황보고서(일반),더블유에스
20260127000311,20260127,코스피,참엔지니어링,009310,주식등의대량보유상황보고서(일반),에이치비홀딩스그룹
20260127000300,20260127,코스닥,LSK아이로봇,091970,주식등의대량보유상황보고서(약식),에스에이치미라클에이나노성장조합
20260127000294,20260127,코스닥,흥구석유,024060,주식등의대량보유상황보고서(일반),김상우
20260127000292,20260127,코스닥,셀로맥스사이언스,471820,주식등의대량보유상황보고서(약식),박민정
20260127000288,20260127,코스닥,지구홀딩스,221800,주식등의대량보유상황보고서(일반),이재웅
20260127000282,20260127,코스닥,센서뷰,321370,주식등의대량보유상황보고서(일반),김병남
20260127000262,20260127,코스닥,에르코스,435570,주식등의대량보유상황보고서(약식),수성자산운용
20260127000257,20260127,코스닥,해성에어로보틱스,059270,주식등의대량보유상황보고서(일반),티피씨글로벌
20260127000252,20260127,코스피,휴니드테크놀러지스,005870,주식등의대량보유상황보고서(일반),김유진
20260127000224,20260127,코스닥,일월지엠엘,178780,주식등의대량보유상황보고서(일반),일월
20260127000207,20260127,코스닥,비스토스,419540,주식등의대량보유상황보고서(일반),씨유메디칼
20260127000204,20260127,코스닥,LSK아이로봇,091970,주식등의대량보유상황보고서(약식),더테크놀로지
20260127000193,20260127,코스닥,트루엔,417790,주식등의대량보유상황보고서(일반),안재천
20260127000184,20260127,코스닥,하이로닉,149980,주식등의대량보유상황보고서(일반),이진우
20260127000171,20260127,코스피,DB하이텍,000990,주식등의대량보유상황보고서(일반),DB
20260127000169,20260127,코스닥,캔버스엔,210120,주식등의대량보유상황보고서(약식),품에자산운용
20260127000168,20260127,코스피,진원생명과학,011000,주식등의대량보유상황보고서(일반),박영근
20260127000128,20260127,코스피,대한제강,084010,주식등의대량보유상황보고서(일반),오치훈
20260127000120,20260127,코스닥,지앤비에스 에코,382800,주식등의대량보유상황보고서(일반),박상순
20260127000100,20260127,코스닥,미래나노텍,095500,주식등의대량보유상황보고서(일반),김철영
20260127000019,20260127,코스닥,리드코프,012700,주식등의대량보유상황보고서(일반),디케이마린
20260127000012,20260127,코스피,파미셀,005690,주식등의대량보유상황보고서(일반),김현수
20260127000001,20260127,코스닥,씨앤지하이테크,264660,주식등의대량보유상황보고서(일반),홍사문
20260126000547,20260126,코스닥,모비데이즈,363260,주식등의대량보유상황보고서(일반),유범령
20260126000531,20260126,코스닥,서호전기,065710,주식등의대량보유상황보고서(약식),그린이노베이션제사차
20260126000525,20260126,코스닥,삼성스팩13호,0115H0,주식등의대량보유상황보고서(일반),삼성증권
20260126000523,20260126,코스닥,CSA 코스믹,083660,주식등의대량보유상황보고서(일반),브이핑크홀딩스
20260126000511,20260126,코스피,SK텔레콤,017670,주식등의대량보유상황보고서(약식),WellingtonManagementCompanyLLP
20260126000504,20260126,코스닥,우리기술,032820,주식등의대량보유상황보고서(일반),노갑선
20260126000481,20260126,코스닥,엔비티,236810,주식등의대량보유상황보고서(일반),박수근
20260126000461,20260126,코스닥,킵스파마,256940,주식등의대량보유상황보고서(일반),둠밈
20260126000446,20260126,코스닥,오킨스전자,080580,주식등의대량보유상황보고서(일반),전진국
20260126000426,20260126,코스닥,한주에이알티,058450,주식등의대량보유상황보고서(일반),피앤에이투자조합
20260126000420,20260126,코스닥,노바렉스,194700,주식등의대량보유상황보고서(일반),권석형
20260126000417,20260126,코스닥,디엔에프,092070,주식등의대량보유상황보고서(일반),솔브레인
20260126000416,20260126,코스피,진원생명과학,011000,주식등의대량보유상황보고서(일반),박영근
20260126000411,20260126,코스피,KG케미칼,001390,주식등의대량보유상황보고서(일반),케이지제로인
20260126000400,20260126,코스닥,해성옵틱스,076610,주식등의대량보유상황보고서(약식),안광호
20260126000394,20260126,코스닥,한스바이오메드,042520,주식등의대량보유상황보고서(약식),네오영
20260126000391,20260126,코스닥,한스바이오메드,042520,주식등의대량보유상황보고서(약식),오스템임플란트
20260126000365,20260126,코스닥,이엠텍,091120,주식등의대량보유상황보고서(일반),정승규
20260126000363,20260126,코스피,엑시큐어하이트론,019490,주식등의대량보유상황보고서(일반),손오공
20260126000362,20260126,코스닥,로보로보,215100,주식등의대량보유상황보고서(일반),최영석
20260126000337,20260126,코스닥,파인텍,131760,주식등의대량보유상황보고서(일반),강원일
20260126000335,20260126,코스피,DN오토모티브,007340,주식등의대량보유상황보고서(일반),김상헌
20260126000332,20260126,코스피,케이씨씨,002380,주식등의대량보유상황보고서(일반),정몽진
20260126000331,20260126,코스피,엑시큐어하이트론,019490,주식등의대량보유상황보고서(일반),더테크놀로지
20260126000325,20260126,코스닥,퀀타매트릭스,317690,주식등의대량보유상황보고서(일반),권성훈
20260126000315,20260126,코스피,스틱인베스트먼트,026890,주식등의대량보유상황보고서(일반),도용환
20260126000314,20260126,코스닥,바이젠셀,308080,주식등의대량보유상황보고서(일반),가은글로벌
20260126000313,20260126,코스닥,퀀타매트릭스,317690,주식등의대량보유상황보고서(일반),에즈라채리터블트러스트
20260126000302,20260126,코스피,세아홀딩스,058650,주식등의대량보유상황보고서(일반),이태성
20260126000297,20260126,코스닥,신테카바이오,226330,주식등의대량보유상황보고서(일반),정종선
20260126000279,20260126,코스닥,샘씨엔에스,252990,주식등의대량보유상황보고서(약식),대신 신기술투자조합 제11호
20260126000273,20260126,코스피,DS단석,017860,주식등의대량보유상황보고서(일반),한승욱
20260126000271,20260126,코스닥,미트박스,475460,주식등의대량보유상황보고서(약식),박진호
20260126000259,20260126,코스닥,인스피언,465480,주식등의대량보유상황보고서(일반),최정규
20260126000212,20260126,코스닥,APS,054620,주식등의대량보유상황보고서(일반),정기로
20260126000123,20260126,코스닥,알엔티엑스,123010,주식등의대량보유상황보고서(일반),아이윈
20260126000112,20260126,코스피,DKME,015590,주식등의대량보유상황보고서(일반),엠스퀘어글로벌
20260126000100,20260126,코스닥,모비스,250060,[기재정정]주식등의대량보유상황보고서(일반),김지헌
20260126000091,20260126,코스닥,삼성스팩13호,0115H0,주식등의대량보유상황보고서(일반),머스트벤처스
20260123000555,20260123,코스닥,폴라리스세원,234100,주식등의대량보유상황보고서(일반),폴라리스오피스
20260123000549,20260123,코스피,삼성생명,032830,주식등의대량보유상황보고서(일반),삼성물산
20260123000544,20260123,코스피,삼성전자,005930,주식등의대량보유상황보고서(일반),삼성물산
20260123000535,20260123,코스닥,이녹스첨단소재,272290,주식등의대량보유상황보고서(약식),베어링자산운용
20260123000519,20260123,코스닥,큐브엔터,182360,주식등의대량보유상황보고서(일반),강승곤
20260123000507,20260123,코스닥,쎄트렉아이,099320,주식등의대량보유상황보고서(일반),한화에어로스페이스
20260123000466,20260123,코스닥,나인테크,267320,주식등의대량보유상황보고서(일반),박근노
20260123000465,20260123,코스피,GS,078930,주식등의대량보유상황보고서(일반),허창수
20260123000455,20260123,코스피,HS효성첨단소재,298050,주식등의대량보유상황보고서(일반),HS효성
20260123000445,20260123,코스닥,오픈엣지테크놀로지,394280,[기재정정]주식등의대량보유상황보고서(일반),이성현
20260123000440,20260123,코스닥,오픈엣지테크놀로지,394280,[기재정정]주식등의대량보유상황보고서(일반),이성현
20260123000438,20260123,코스닥,핑거,163730,주식등의대량보유상황보고서(일반),박민수
20260123000429,20260123,코스닥,디와이피엔에프,104460,주식등의대량보유상황보고서(일반),조좌진
20260123000427,20260123,코스피,아센디오,012170,주식등의대량보유상황보고서(일반),키위제1호조합
20260123000416,20260123,코스닥,페스카로,0015S0,주식등의대량보유상황보고서(일반),홍석민
20260123000397,20260123,코스닥,야스,255440,주식등의대량보유상황보고서(일반),정광호
20260123000396,20260123,코스닥,현대바이오,048410,주식등의대량보유상황보고서(일반),씨앤팜
20260123000391,20260123,코스닥,아이비김영,339950,주식등의대량보유상황보고서(일반),메가스터디교육
20260123000386,20260123,코스피,신원,009270,주식등의대량보유상황보고서(일반),티앤엠커뮤니케이션즈
20260123000376,20260123,코스닥,헬릭스미스,084990,주식등의대량보유상황보고서(일반),김선영
20260123000354,20260123,코스피,미스토홀딩스,081660,주식등의대량보유상황보고서(약식),MORGANSTANLEY&COINTLPLC
20260123000346,20260123,코스닥,비투엔,307870,주식등의대량보유상황보고서(일반),엑스트윈스1호조합
20260123000342,20260123,코스닥,판타지오,032800,주식등의대량보유상황보고서(일반),아티스트
20260123000338,20260123,코스닥,경남제약,053950,주식등의대량보유상황보고서(일반),빌리언스
20260123000329,20260123,코스닥,와이지-원,019210,주식등의대량보유상황보고서(일반),송호근
20260123000322,20260123,코스닥,감성코퍼레이션,036620,주식등의대량보유상황보고서(일반),김호선
20260123000316,20260123,코스피,드림텍,192650,주식등의대량보유상황보고서(일반),임창완
20260123000280,20260123,코스닥,오름테라퓨틱,475830,주식등의대량보유상황보고서(일반),이승주
20260123000211,20260123,코스닥,삼성스팩13호,0115H0,주식등의대량보유상황보고서(약식),코오롱인베스트먼트
20260123000209,20260123,코스닥,글로벌텍스프리,204620,주식등의대량보유상황보고서(일반),지티에프홀딩스
20260123000144,20260123,코스닥,와이즈넛,096250,주식등의대량보유상황보고서(약식),KB자산운용
20260123000139,20260123,코스닥,제이엘케이,322510,주식등의대량보유상황보고서(일반),김원태
20260123000137,20260123,코스닥,매커스,093520,주식등의대량보유상황보고서(약식),피델리티매니지먼트앤리서치컴퍼니엘엘씨
20260123000133,20260123,코스닥,우진비앤지,018620,주식등의대량보유상황보고서(일반),강재구
20260123000094,20260123,코스닥,영림원소프트랩,060850,주식등의대량보유상황보고서(일반),권영범
20260123000088,20260123,코스닥,인포바인,115310,주식등의대량보유상황보고서(약식),MiriCapitalManagementLLC
20260123000073,20260123,코스닥,신스틸,162300,주식등의대량보유상황보고서(일반),신승곤
20260123000059,20260123,코스닥,비에이치아이,083650,주식등의대량보유상황보고서(약식),J.P.MORGANSECURITIESPLC
20260123000052,20260123,코스닥,로젠,033290,주식등의대량보유상황보고서(일반),대명화학
20260123000048,20260123,코스닥,휴엠앤씨,263920,주식등의대량보유상황보고서(일반),휴온스글로벌
20260123000035,20260123,코스닥,리브스메드,491000,주식등의대량보유상황보고서(약식),스톤브릿지벤처스
20260123000031,20260123,코스닥,아시아경제,127710,주식등의대량보유상황보고서(약식),브로드하이자산운용
20260122000516,20260122,코스피,삼립,005610,주식등의대량보유상황보고서(일반),상미당홀딩스
20260122000513,20260122,코스닥,지에프아이,493330,[기재정정]주식등의대량보유상황보고서(일반),이상섭
20260122000510,20260122,코스피,크라운제과,264900,[기재정정]주식등의대량보유상황보고서(약식),베어링자산운용
20260122000492,20260122,코스닥,코메론,049430,주식등의대량보유상황보고서(약식),FederatedHermesLimited
20260122000477,20260122,코스피,삼일제약,000520,주식등의대량보유상황보고서(일반),허승범
20260122000466,20260122,코스닥,삼성스팩13호,0115H0,주식등의대량보유상황보고서(약식),수성자산운용
20260122000448,20260122,코스닥,꿈비,407400,주식등의대량보유상황보고서(일반),박영건
20260122000431,20260122,코스닥,유니트론텍,142210,주식등의대량보유상황보고서(일반),남궁선
20260122000426,20260122,코스닥,HLB제약,047920,주식등의대량보유상황보고서(일반),HLB생명과학
20260122000423,20260122,코스피,오리온,271560,주식등의대량보유상황보고서(일반),오리온홀딩스
20260122000414,20260122,코스닥,아이로보틱스,066430,주식등의대량보유상황보고서(약식),이상섭
20260122000403,20260122,코스피,오리온홀딩스,001800,주식등의대량보유상황보고서(일반),이화경
20260122000398,20260122,코스피,JB금융지주,175330,주식등의대량보유상황보고서(일반),얼라인파트너스자산운용
20260122000395,20260122,코스피,극동유화,014530,주식등의대량보유상황보고서(약식),한국타이어앤테크놀로지
20260122000388,20260122,코스닥,에코글로우,159910,주식등의대량보유상황보고서(약식),크리스티아너티
20260122000384,20260122,코스피,대한해운,005880,주식등의대량보유상황보고서(일반),에스엠상선
20260122000370,20260122,코스닥,PS일렉트로닉스,332570,주식등의대량보유상황보고서(일반),유대규
20260122000352,20260122,코스피,KISCO홀딩스,001940,주식등의대량보유상황보고서(일반),장세홍
20260122000347,20260122,코스피,BGF리테일,282330,주식등의대량보유상황보고서(일반),BGF
20260122000339,20260122,코스피,한국철강,104700,주식등의대량보유상황보고서(일반),KISCO홀딩스
20260122000336,20260122,코스닥,에스와이,109610,주식등의대량보유상황보고서(일반),홍영돈
20260122000322,20260122,코스닥,씨젠,096530,주식등의대량보유상황보고서(일반),천종윤
20260122000314,20260122,코스피,상상인증권,001290,주식등의대량보유상황보고서(일반),상상인
20260122000305,20260122,코스닥,현대힘스,460930,주식등의대량보유상황보고서(일반),허큘리스홀딩스
20260122000290,20260122,코스닥,파라택시스이더리움,290560,주식등의대량보유상황보고서(일반),PARATAXISHOLDINGSLLC
20260122000270,20260122,코스닥,솔브레인,357780,주식등의대량보유상황보고서(일반),정지완
20260122000185,20260122,코스피,스틱인베스트먼트,026890,주식등의대량보유상황보고서(일반),MiriCapitalManagementLLC
20260122000135,20260122,코스닥,미래에셋비전스팩8호,0093G0,주식등의대량보유상황보고서(약식),비엔비자산운용
20260122000123,20260122,코스닥,키움히어로제1호스팩,466690,주식등의대량보유상황보고서(약식),비엔비자산운용
20260122000084,20260122,코스닥,지구홀딩스,221800,주식등의대량보유상황보고서(약식),대웅
20260122000074,20260122,코스피,케이티,030200,주식등의대량보유상황보고서(약식),WellingtonManagementCompanyLLP
20260122000061,20260122,코스피,경농,002100,주식등의대량보유상황보고서(일반),이용진
20260122000059,20260122,코스닥,바이오톡스텍,086040,주식등의대량보유상황보고서(일반),강종구
20260122000046,20260122,코스닥,폰드그룹,472850,주식등의대량보유상황보고서(일반),대명화학
20260122000025,20260122,코스피,솔루엠,248070,주식등의대량보유상황보고서(일반),전성호
20260122000019,20260122,코스닥,넥스턴앤롤코리아,089140,주식등의대량보유상황보고서(약식),에스엘에너지
20260122000015,20260122,코스닥,하이즈항공,221840,주식등의대량보유상황보고서(일반),하상헌
20260121000510,20260121,코스닥,엔비알모션,0004V0,[기재정정]주식등의대량보유상황보고서(약식),아이비케이스톤브릿지혁신성장사모투자
20260121000502,20260121,코스피,대원강업,000430,주식등의대량보유상황보고서(일반),현대지에프홀딩스
20260121000493,20260121,코스피,에쓰씨엔지니어링,023960,주식등의대량보유상황보고서(일반),이브이첨단소재
20260121000476,20260121,코스피,크라운제과,264900,주식등의대량보유상황보고서(약식),베어링자산운용
20260121000466,20260121,코스닥,에이직랜드,445090,주식등의대량보유상황보고서(일반),이종민
20260121000455,20260121,코스닥,케이이엠텍,106080,주식등의대량보유상황보고서(약식),케이씨에스 1호 조합
20260121000436,20260121,코스닥,에이루트,096690,주식등의대량보유상황보고서(일반),최정임
20260121000425,20260121,코스피,INVENI,015360,주식등의대량보유상황보고서(일반),구자은
20260121000421,20260121,코스닥,성호전자,043260,주식등의대량보유상황보고서(일반),서룡전자
20260121000418,20260121,코스닥,엔비알모션,0004V0,주식등의대량보유상황보고서(약식),아이비케이스톤브릿지혁신성장사모투자
20260121000393,20260121,코스닥,동진쎄미켐,005290,주식등의대량보유상황보고서(약식),미래에셋자산운용
20260121000372,20260121,코스닥,엔비알모션,0004V0,주식등의대량보유상황보고서(약식),액시스인베스트먼트
20260121000364,20260121,코스닥,와이지엔터테인먼트,122870,주식등의대량보유상황보고서(일반),양현석
20260121000361,20260121,코스피,태원물산,001420,주식등의대량보유상황보고서(일반),남기영
20260121000354,20260121,코스닥,HC보광산업,225530,주식등의대량보유상황보고서(일반),HC홈센타
20260121000351,20260121,코스닥,디티앤씨,187220,주식등의대량보유상황보고서(약식),수성자산운용
20260121000350,20260121,코스닥,엔비알모션,0004V0,주식등의대량보유상황보고서(약식),SBI인베스트먼트
20260121000346,20260121,코스닥,HC홈센타,060560,주식등의대량보유상황보고서(일반),에이치씨파트너스
20260121000340,20260121,코스피,코스모신소재,005070,주식등의대량보유상황보고서(일반),코스모화학
20260121000312,20260121,코스피,인터지스,129260,주식등의대량보유상황보고서(일반),동국홀딩스
20260121000299,20260121,코스닥,비스토스,419540,주식등의대량보유상황보고서(약식),이후정
20260121000277,20260121,코스닥,흥국,010240,[기재정정]주식등의대량보유상황보고서(일반),류종묵
20260121000205,20260121,코스닥,엔비알모션,0004V0,주식등의대량보유상황보고서(약식),나노
20260121000175,20260121,코스닥,에이에스텍,453860,주식등의대량보유상황보고서(일반),윤종배
20260121000135,20260121,코스닥,케이아이엔엑스,093320,주식등의대량보유상황보고서(약식),MiriCapitalManagementLLC
20260121000098,20260121,코스닥,토비스,051360,주식등의대량보유상황보고서(일반),김용범
20260121000020,20260121,코스피,한미약품,128940,주식등의대량보유상황보고서(일반),한미사이언스
20260121000019,20260121,코스닥,로젠,033290,주식등의대량보유상황보고서(일반),대명화학
20260121000006,20260121,코스닥,엠투엔,033310,주식등의대량보유상황보고서(일반),디케이마린
20260120000385,20260120,코스닥,지에프아이,493330,주식등의대량보유상황보고서(약식),비엔케이 안전 신기술투자조합 제2호
20260120000358,20260120,코스닥,에코캡,128540,주식등의대량보유상황보고서(약식),최영천
20260120000350,20260120,코스피,SNT에너지,100840,주식등의대량보유상황보고서(약식),파이프솔루션4호
20260120000349,20260120,코스피,아이에스동서,010780,주식등의대량보유상황보고서(일반),권혁운
20260120000340,20260120,코스피,SNT다이내믹스,003570,주식등의대량보유상황보고서(약식),파이프솔루션4호
20260120000339,20260120,코스닥,파인디앤씨,049120,주식등의대량보유상황보고서(일반),홍성천
20260120000335,20260120,코스피,SNT에너지,100840,주식등의대량보유상황보고서(약식),파이프솔루션3호
20260120000329,20260120,코스닥,동구바이오제약,006620,주식등의대량보유상황보고서(일반),조용준
20260120000323,20260120,코스피,에이플러스에셋,244920,주식등의대량보유상황보고서(일반),얼라인파트너스자산운용
20260120000318,20260120,코스피,SNT다이내믹스,003570,주식등의대량보유상황보고서(약식),파이프솔루션3호
20260120000311,20260120,코스닥,애드바이오텍,179530,주식등의대량보유상황보고서(일반),정홍걸
20260120000306,20260120,코스닥,유틸렉스,263050,주식등의대량보유상황보고서(일반),권병세
20260120000277,20260120,코스닥,지에프아이,493330,주식등의대량보유상황보고서(일반),이상섭
20260120000255,20260120,코스닥,인텔리안테크,189300,주식등의대량보유상황보고서(일반),성상엽
20260120000253,20260120,코스피,카카오페이,377300,주식등의대량보유상황보고서(약식),삼성증권
20260120000250,20260120,코스닥,아이씨에이치,368600,주식등의대량보유상황보고서(일반),김영훈
20260120000248,20260120,코스닥,아진엑스텍,059120,주식등의대량보유상황보고서(일반),김창호
20260120000234,20260120,코스닥,한울반도체,320000,주식등의대량보유상황보고서(일반),한울소재과학
20260120000232,20260120,코스닥,아이티엠반도체,084850,주식등의대량보유상황보고서(일반),NICE
20260120000230,20260120,코스닥,파라택시스이더리움,290560,주식등의대량보유상황보고서(일반),정재훈
20260120000227,20260120,코스닥,태웅로직스,124560,주식등의대량보유상황보고서(일반),한재동
20260120000225,20260120,코스피,NICE,034310,주식등의대량보유상황보고서(일반),김원우
20260120000224,20260120,코스피,디아이,003160,주식등의대량보유상황보고서(일반),박원호
20260120000221,20260120,코스피,미래아이앤지,007120,주식등의대량보유상황보고서(약식),이명헌
20260120000209,20260120,코스닥,키스트론,475430,주식등의대량보유상황보고서(일반),홍영철
20260120000182,20260120,코스닥,메디포스트,078160,주식등의대량보유상황보고서(일반),마블2022홀딩스
20260120000181,20260120,코스닥,파인텍,131760,주식등의대량보유상황보고서(일반),강원일
20260120000180,20260120,코스피,한국토지신탁,034830,주식등의대량보유상황보고서(일반),엠케이인베스트먼트
20260120000175,20260120,코스닥,제놀루션,225220,주식등의대량보유상황보고서(일반),호일바이오메드
20260120000138,20260120,코스닥,티케이케미칼,104480,주식등의대량보유상황보고서(일반),에스엠인더스트리
20260120000117,20260120,코스닥,이퓨쳐,134060,주식등의대량보유상황보고서(일반),이기현
20260120000102,20260120,코스닥,대호특수강,021040,주식등의대량보유상황보고서(일반),영흥
20260120000024,20260120,코스닥,해성옵틱스,076610,주식등의대량보유상황보고서(약식),안광호
20260120000012,20260120,코스닥,빅텍,065450,주식등의대량보유상황보고서(일반),박승운
20260120000003,20260120,코스닥,펄어비스,263750,주식등의대량보유상황보고서(약식),서용수
20260119000290,20260119,코스닥,피에스케이,319660,주식등의대량보유상황보고서(약식),삼성자산운용
20260119000286,20260119,코스닥,에이텍모빌리티,224110,주식등의대량보유상황보고서(일반),신승영
20260119000285,20260119,코스피,ESR켄달스퀘어리츠,365550,주식등의대량보유상황보고서(약식),삼성자산운용
20260119000277,20260119,코스닥,FSN,214270,주식등의대량보유상황보고서(일반),제이투비
20260119000274,20260119,코스닥,스맥,099440,주식등의대량보유상황보고서(일반),최영섭
20260119000271,20260119,코스닥,네오크레마,311390,주식등의대량보유상황보고서(일반),아시아홀딩컴퍼니
20260119000270,20260119,코스피,블루산업개발,006740,주식등의대량보유상황보고서(일반),피엠에이조합
20260119000269,20260119,코스닥,아톤,158430,주식등의대량보유상황보고서(일반),김종서
20260119000267,20260119,코스피,유안타증권,003470,주식등의대량보유상황보고서(일반),유안타씨큐리티즈아시아파이낸셜서비시스프라이빗리미티드
20260119000261,20260119,코스닥,이엠텍,091120,주식등의대량보유상황보고서(일반),정승규
20260119000256,20260119,코스닥,엘컴텍,037950,주식등의대량보유상황보고서(일반),파트론
20260119000245,20260119,코스닥,비보존 제약,082800,주식등의대량보유상황보고서(일반),비보존홀딩스
20260119000239,20260119,코스닥,드림씨아이에스,223250,주식등의대량보유상황보고서(일반),HONGKONGTIGERMED
20260119000228,20260119,코스닥,오텍,067170,주식등의대량보유상황보고서(일반),에코리드
20260119000225,20260119,코스피,에쓰씨엔지니어링,023960,주식등의대량보유상황보고서(일반),반도홀딩스
20260119000202,20260119,코스닥,윙스풋,335870,주식등의대량보유상황보고서(일반),모티바코리아
20260119000201,20260119,코스닥,위메이드,112040,주식등의대량보유상황보고서(일반),박관호
20260119000197,20260119,코스닥,다산솔루에타,154040,주식등의대량보유상황보고서(일반),다산인베스트
20260119000190,20260119,코스닥,고영,098460,주식등의대량보유상황보고서(일반),고영홀딩스
20260119000178,20260119,코스닥,페스카로,0015S0,주식등의대량보유상황보고서(약식),한화투자증권
20260119000173,20260119,코스피,와이투솔루션,011690,주식등의대량보유상황보고서(일반),덕우전자
20260119000150,20260119,코스닥,애드바이오텍,179530,주식등의대량보유상황보고서(일반),비케이파트너스투자조합1호
20260119000148,20260119,코스닥,에이에스텍,453860,주식등의대량보유상황보고서(일반),윤종배
20260119000136,20260119,코스닥,현대사료,016790,주식등의대량보유상황보고서(일반),비에스제이에스
20260119000125,20260119,코스닥,현대사료,016790,주식등의대량보유상황보고서(일반),뜰안채건설
20260119000100,20260119,코스닥,에코프로,086520,주식등의대량보유상황보고서(일반),이동채
20260119000082,20260119,코스닥,백금T&A,046310,주식등의대량보유상황보고서(일반),임학규
20260119000076,20260119,코스닥,인산가,277410,주식등의대량보유상황보고서(일반),김윤세
20260119000063,20260119,코스닥,APS,054620,주식등의대량보유상황보고서(일반),정기로
20260119000049,20260119,코스닥,시지메드텍,056090,주식등의대량보유상황보고서(일반),시지바이오
20260119000047,20260119,코스닥,시지메드텍,056090,주식등의대량보유상황보고서(일반),시지바이오
20260119000034,20260119,코스닥,아이디스,143160,주식등의대량보유상황보고서(일반),아이디스홀딩스
20260119000025,20260119,코스닥,아시아경제,127710,[기재정정]주식등의대량보유상황보고서(일반),올인이룸
20260116000485,20260116,코스피,롯데관광개발,032350,주식등의대량보유상황보고서(일반),김기병
20260116000483,20260116,코스피,LG디스플레이,034220,주식등의대량보유상황보고서(일반),LG전자
20260116000481,20260116,코스닥,스피어,347700,주식등의대량보유상황보고서(일반),최광수
20260116000477,20260116,코스닥,크레버스,096240,주식등의대량보유상황보고서(일반),김영화
20260116000454,20260116,코스닥,알엔티엑스,123010,주식등의대량보유상황보고서(일반),알엔투테크놀로지
20260116000453,20260116,코스피,이리츠코크렙,088260,주식등의대량보유상황보고서(일반),이랜드리테일
20260116000451,20260116,코스피,삼성전자,005930,주식등의대량보유상황보고서(일반),삼성물산
20260116000449,20260116,코스피,DB손해보험,005830,주식등의대량보유상황보고서(일반),김준기
20260116000448,20260116,코스닥,에스엠씨지,460870,주식등의대량보유상황보고서(일반),최승호
20260116000445,20260116,코스피,DB증권,016610,주식등의대량보유상황보고서(일반),DB손해보험
20260116000435,20260116,코스피,DB,012030,주식등의대량보유상황보고서(일반),김남호
20260116000430,20260116,코스닥,앤로보틱스,138360,주식등의대량보유상황보고서(약식),두산미래산업
20260116000420,20260116,코스닥,젬백스,082270,주식등의대량보유상황보고서(일반),젬앤컴퍼니
20260116000418,20260116,코스피,DB하이텍,000990,주식등의대량보유상황보고서(일반),DB
20260116000405,20260116,코스닥,콜마비앤에이치,200130,주식등의대량보유상황보고서(일반),콜마홀딩스
20260116000401,20260116,코스닥,리브스메드,491000,주식등의대량보유상황보고서(약식),스톤브릿지벤처스
20260116000391,20260116,코스피,금비,008870,주식등의대량보유상황보고서(약식),무학
20260116000363,20260116,코스닥,누리플랜,069140,주식등의대량보유상황보고서(약식),수성자산운용
20260116000357,20260116,코스피,카카오페이,377300,주식등의대량보유상황보고서(일반),카카오
20260116000335,20260116,코스피,우신시스템,017370,주식등의대량보유상황보고서(일반),허우영
20260116000325,20260116,코스닥,위세아이텍,065370,주식등의대량보유상황보고서(일반),김다산
20260116000321,20260116,코스피,신원,009270,주식등의대량보유상황보고서(일반),티앤엠커뮤니케이션즈
20260116000303,20260116,코스닥,다보링크,340360,주식등의대량보유상황보고서(일반),테라사이언스
20260116000302,20260116,코스닥,파로스아이바이오,388870,주식등의대량보유상황보고서(일반),윤정혁
20260116000297,20260116,코스닥,덴티스,261200,주식등의대량보유상황보고서(일반),심기봉
20260116000292,20260116,코스닥,오픈엣지테크놀로지,394280,주식등의대량보유상황보고서(일반),이성현
20260116000290,20260116,코스닥,네오크레마,311390,주식등의대량보유상황보고서(약식),대호에이엘
20260116000287,20260116,코스피,LS에코에너지,229640,주식등의대량보유상황보고서(일반),LS전선
20260116000277,20260116,코스닥,오름테라퓨틱,475830,주식등의대량보유상황보고서(일반),이승주
20260116000264,20260116,코스피,종근당홀딩스,001630,주식등의대량보유상황보고서(일반),이장한
20260116000262,20260116,코스닥,테라뷰,950250,주식등의대량보유상황보고서(일반),데이지프리시젼
20260116000259,20260116,코스닥,에이전트AI,060900,[기재정정]주식등의대량보유상황보고서(약식),상상인저축은행
20260116000237,20260116,코스피,한솔케미칼,014680,주식등의대량보유상황보고서(일반),조동혁
20260116000228,20260116,코스닥,오킨스전자,080580,주식등의대량보유상황보고서(약식),MORGANSTANLEY&COINTLPLC
20260116000225,20260116,코스닥,코리아에프티,123410,주식등의대량보유상황보고서(약식),브이아이피자산운용
20260116000196,20260116,코스닥,일월지엠엘,178780,주식등의대량보유상황보고서(일반),일월
20260116000182,20260116,코스피,티웨이홀딩스,004870,주식등의대량보유상황보고서(일반),이기호
20260116000179,20260116,코스닥,에이전트AI,060900,[기재정정]주식등의대량보유상황보고서(약식),상상인저축은행
20260116000164,20260116,코스닥,진성티이씨,036890,주식등의대량보유상황보고서(약식),마이다스에셋자산운용
20260116000145,20260116,코스닥,하나36호스팩,0101C0,주식등의대량보유상황보고서(약식),에이펙스자산운용
20260116000141,20260116,코스피,AK홀딩스,006840,주식등의대량보유상황보고서(일반),채형석
20260116000132,20260116,코스닥,미래에셋비전스팩9호,0096D0,주식등의대량보유상황보고서(약식),비엔비자산운용
20260116000130,20260116,코스닥,미래에셋비전스팩11호,0099W0,주식등의대량보유상황보고서(약식),비엔비자산운용
20260116000127,20260116,코스닥,미래에셋비전스팩10호,0097F0,주식등의대량보유상황보고서(약식),비엔비자산운용
20260116000126,20260116,코스닥,베셀,177350,주식등의대량보유상황보고서(일반),THE E&M
20260116000051,20260116,코스닥,세니젠,188260,주식등의대량보유상황보고서(일반),박정웅
20260116000001,20260116,코스닥,LS티라유텍,322180,주식등의대량보유상황보고서(일반),제이케이엘이에스지미래모빌리티밸류체인사모투자
20260115000433,20260116,코스닥,수성웹툰,084180,주식등의대량보유상황보고서(일반),투믹스홀딩스
20260115000426,20260115,코스닥,캡스톤파트너스,452300,주식등의대량보유상황보고서(일반),송은강
20260115000425,20260115,코스닥,젠큐릭스,229000,주식등의대량보유상황보고서(일반),조상래
20260115000399,20260115,코스피,황금에스티,032560,주식등의대량보유상황보고서(일반),김종현
20260115000380,20260115,코스피,HD현대마린솔루션,443060,[기재정정]주식등의대량보유상황보고서(일반),HD현대
20260115000375,20260115,코스닥,코메론,049430,[기재정정]주식등의대량보유상황보고서(약식),FederatedHermesLimited
20260115000360,20260115,코스닥,코메론,049430,[기재정정]주식등의대량보유상황보고서(약식),FederatedHermesLimited
20260115000345,20260115,코스닥,코메론,049430,주식등의대량보유상황보고서(약식),HermesInvestmentManagementLimited
20260115000314,20260115,코스피,삼호개발,010960,주식등의대량보유상황보고서(일반),이종호
20260115000310,20260115,코스닥,디지털대성,068930,주식등의대량보유상황보고서(일반),대성출판
20260115000309,20260115,코스닥,뷰티스킨,406820,주식등의대량보유상황보고서(약식),글로벌강소기업키움엠앤에이전략창업벤처전문사모투자
20260115000303,20260115,코스피,HD현대마린솔루션,443060,주식등의대량보유상황보고서(일반),HD현대
20260115000288,20260115,코스닥,신성에스티,416180,주식등의대량보유상황보고서(약식),안병두
20260115000270,20260115,코스닥,대진첨단소재,393970,주식등의대량보유상황보고서(일반),유성준
20260115000268,20260115,코스닥,로스웰,900260,주식등의대량보유상황보고서(일반),트릴리온럭그룹리미티드
20260115000263,20260115,코스닥,신스틸,162300,주식등의대량보유상황보고서(일반),신승곤
20260115000244,20260115,코스피,한화,000880,주식등의대량보유상황보고서(일반),김승연
20260115000242,20260115,코스닥,NHN벅스,104200,주식등의대량보유상황보고서(일반),NHN
20260115000237,20260115,코스닥,대원산업,005710,주식등의대량보유상황보고서(일반),허재건
20260115000226,20260115,코스닥,코이즈,121850,주식등의대량보유상황보고서(약식),NH투자증권
20260115000223,20260115,코스닥,중앙첨단소재,051980,주식등의대량보유상황보고서(일반),엔켐
20260115000196,20260115,코스피,크래프톤,259960,주식등의대량보유상황보고서(일반),장병규
20260115000186,20260115,코스닥,HLB제넥스,187420,주식등의대량보유상황보고서(일반),HLB
20260115000159,20260115,코스피,CJ대한통운,000120,주식등의대량보유상황보고서(약식),NorgesBank
20260115000152,20260115,코스닥,와이엠텍,273640,주식등의대량보유상황보고서(일반),캑터스바이아웃제9호투자조합
20260115000104,20260115,코스피,한국종합기술,023350,주식등의대량보유상황보고서(일반),한국종합기술홀딩스
20260115000088,20260115,코스닥,LSK아이로봇,091970,주식등의대량보유상황보고서(약식),제이에이치나노1호투자조합
20260115000086,20260115,코스닥,제이앤티씨,204270,주식등의대량보유상황보고서(일반),진우엔지니어링
20260115000078,20260115,코스닥,모다이노칩,080420,주식등의대량보유상황보고서(일반),대명화학
20260115000066,20260115,코스피,대양금속,009190,주식등의대량보유상황보고서(일반),디와이엠파트너스
20260115000063,20260115,코스닥,에이에스텍,453860,주식등의대량보유상황보고서(일반),FirmenichTradingCorporationSA
20260115000035,20260115,코스닥,바이오톡스텍,086040,주식등의대량보유상황보고서(일반),강종구
20260115000015,20260115,코스닥,비에이치아이,083650,주식등의대량보유상황보고서(약식),J.P.MORGANSECURITIESPLC
20260115000014,20260115,코스피,한익스프레스,014130,주식등의대량보유상황보고서(일반),Lee Drew Sukhwan 이석환
20260114000409,20260115,코스닥,멕아이씨에스,058110,[기재정정]주식등의대량보유상황보고서(일반),김종철
20260114000395,20260114,코스닥,쿠콘,294570,주식등의대량보유상황보고서(일반),위피앤씨
20260114000389,20260114,코스닥,엔브이에이치코리아,067570,주식등의대량보유상황보고서(일반),구자겸
20260114000385,20260114,코스닥,케이이엠텍,106080,주식등의대량보유상황보고서(약식),케이씨에스 1호 조합
20260114000368,20260114,코스피,범양건영,002410,주식등의대량보유상황보고서(약식),상상인플러스저축은행
20260114000363,20260114,코스닥,동일기연,032960,주식등의대량보유상황보고서(일반),손동준
20260114000352,20260114,코스닥,티앤알바이오팹,246710,주식등의대량보유상황보고서(일반),윤원수
20260114000344,20260114,코스닥,한국비엔씨,256840,주식등의대량보유상황보고서(일반),최완규
20260114000341,20260114,코스닥,씨앤지하이테크,264660,주식등의대량보유상황보고서(일반),홍사문
20260114000329,20260114,코스닥,HPSP,403870,주식등의대량보유상황보고서(약식),미래에셋자산운용
20260114000313,20260114,코스피,계양전기,012200,주식등의대량보유상황보고서(일반),해성산업
20260114000305,20260114,코스닥,케이엔제이,272110,주식등의대량보유상황보고서(일반),심호섭
20260114000294,20260114,코스닥,캔버스엔,210120,주식등의대량보유상황보고서(일반),디비투자조합
20260114000289,20260114,코스피,한국타이어앤테크놀로지,161390,주식등의대량보유상황보고서(일반),한국앤컴퍼니
20260114000276,20260114,코스닥,국전,307750,주식등의대량보유상황보고서(일반),홍종호
20260114000232,20260114,코스피,티에이치엔,019180,주식등의대량보유상황보고서(일반),채승훈
20260114000229,20260114,코스닥,아리바이오홀딩스,290690,주식등의대량보유상황보고서(일반),정재준
20260114000225,20260114,코스피,미스토홀딩스,081660,주식등의대량보유상황보고서(일반),피에몬테
20260114000223,20260114,코스닥,엘앤케이바이오,156100,주식등의대량보유상황보고서(일반),강국진
20260114000219,20260114,코스피,티에이치엔,019180,주식등의대량보유상황보고서(일반),채철
20260114000210,20260114,코스닥,코이즈,121850,주식등의대량보유상황보고서(일반),조재형
20260114000207,20260114,코스닥,한일사료,005860,주식등의대량보유상황보고서(일반),차상협
20260114000204,20260114,코스닥,성호전자,043260,주식등의대량보유상황보고서(일반),서룡전자
20260114000202,20260114,코스닥,파인텍,131760,주식등의대량보유상황보고서(일반),강원일
20260114000197,20260114,코스닥,지구홀딩스,221800,주식등의대량보유상황보고서(일반),에스씨지솔루션즈
20260114000181,20260114,코스닥,TS트릴리온,317240,주식등의대량보유상황보고서(일반),디에스조합
20260114000161,20260114,코스닥,씨앤투스,352700,주식등의대량보유상황보고서(일반),하춘욱
20260114000150,20260114,코스피,한미사이언스,008930,주식등의대량보유상황보고서(일반),송영숙
20260114000147,20260114,코스피,한국앤컴퍼니,000240,주식등의대량보유상황보고서(일반),조현식
20260114000146,20260114,코스닥,멕아이씨에스,058110,주식등의대량보유상황보고서(일반),김종철
20260114000128,20260114,코스닥,빛과전자,069540,주식등의대량보유상황보고서(일반),라이트론홀딩스
20260114000099,20260114,코스닥,모아라이프플러스,142760,주식등의대량보유상황보고서(약식),리코자산운용
20260114000076,20260114,코스닥,HC보광산업,225530,주식등의대량보유상황보고서(일반),HC홈센타
20260114000075,20260114,코스닥,HC홈센타,060560,주식등의대량보유상황보고서(일반),에이치씨파트너스
20260114000067,20260114,코스닥,TS트릴리온,317240,주식등의대량보유상황보고서(약식),이혜원
20260114000057,20260114,코스닥,머큐리,100590,주식등의대량보유상황보고서(약식),포커스자산운용
20260114000048,20260114,코스닥,스피어,347700,주식등의대량보유상황보고서(약식),빌랑스 신기술조합 제19호
20260114000015,20260114,코스닥,엑셈,205100,주식등의대량보유상황보고서(일반),조종암
20260113000761,20260113,코스닥,이상네트웍스,080010,주식등의대량보유상황보고서(약식),하성일
20260113000760,20260113,코스닥,성호전자,043260,주식등의대량보유상황보고서(일반),서룡전자
20260113000759,20260113,코스닥,하이드로리튬,101670,[기재정정]주식등의대량보유상황보고서(일반),전웅
20260113000753,20260113,코스닥,캐스텍코리아,071850,[기재정정]주식등의대량보유상황보고서(일반),이학철
20260113000752,20260113,코스닥,테라뷰,950250,주식등의대량보유상황보고서(약식),TTNOMINEESLIMITED
20260113000750,20260113,코스닥,테라뷰,950250,주식등의대량보유상황보고서(약식),FCITERAVIEWLP
20260113000749,20260113,코스닥,와이제이링크,209640,주식등의대량보유상황보고서(일반),박순일
20260113000745,20260113,코스닥,테라뷰,950250,주식등의대량보유상황보고서(약식),FCITERAVIEWLP
20260113000743,20260113,코스닥,테라뷰,950250,주식등의대량보유상황보고서(약식),TTNOMINEESLIMITED
20260113000742,20260113,코스닥,메디포스트,078160,주식등의대량보유상황보고서(일반),양윤선
20260113000735,20260113,코스닥,캐스텍코리아,071850,주식등의대량보유상황보고서(일반),이학철
20260113000733,20260113,코스닥,메디포스트,078160,주식등의대량보유상황보고서(일반),스카이메디
20260113000732,20260113,코스닥,테라뷰,950250,주식등의대량보유상황보고서(약식),UniversityofEastAnglia
20260113000728,20260113,코스닥,우리넷,115440,주식등의대량보유상황보고서(일반),넷솔루션즈홀딩스
20260113000726,20260113,코스닥,테라뷰,950250,주식등의대량보유상황보고서(약식),UniversityofEastAnglia
20260113000725,20260113,코스피,DB증권,016610,주식등의대량보유상황보고서(일반),DB손해보험
20260113000720,20260113,코스닥,케이지에이,455180,주식등의대량보유상황보고서(약식),삼성증권
20260113000711,20260113,코스닥,네오티스,085910,주식등의대량보유상황보고서(일반),권은영
20260113000702,20260113,코스피,메리츠금융지주,138040,주식등의대량보유상황보고서(일반),조정호
20260113000699,20260113,코스닥,스튜디오미르,408900,주식등의대량보유상황보고서(일반),유재명
20260113000685,20260113,코스닥,좋은사람들,033340,주식등의대량보유상황보고서(일반),우리인터텍스
20260113000654,20260113,코스닥,디케이락,105740,주식등의대량보유상황보고서(약식),MORGANSTANLEY&COINTLPLC
20260113000652,20260113,코스피,한화에어로스페이스,012450,주식등의대량보유상황보고서(일반),한화
20260113000640,20260113,코스닥,서진시스템,178320,주식등의대량보유상황보고서(일반),전동규
20260113000635,20260113,코스닥,파버나인,177830,주식등의대량보유상황보고서(일반),이제훈
20260113000634,20260113,코스닥,이원컴포텍,088290,주식등의대량보유상황보고서(일반),래인파트너스
20260113000627,20260113,코스닥,GC메디아이,032620,주식등의대량보유상황보고서(일반),GC케어
20260113000609,20260113,코스닥,파인디앤씨,049120,주식등의대량보유상황보고서(약식),파인테크닉스
20260113000582,20260113,코스닥,뉴로메카,348340,주식등의대량보유상황보고서(약식),삼성액티브자산운용
20260113000557,20260113,코스닥,이엠앤아이,083470,주식등의대량보유상황보고서(약식),시너지아이비투자
20260113000488,20260113,코스닥,이오테크닉스,039030,주식등의대량보유상황보고서(약식),삼성자산운용
20260113000476,20260113,코스닥,리노공업,058470,주식등의대량보유상황보고서(약식),삼성자산운용
20260113000471,20260113,코스닥,에스앤에스텍,101490,주식등의대량보유상황보고서(약식),삼성자산운용
20260113000469,20260113,코스닥,애드바이오텍,179530,주식등의대량보유상황보고서(약식),이화전기공업
20260113000460,20260113,코스닥,뉴로메카,348340,주식등의대량보유상황보고서(약식),삼성자산운용
20260113000439,20260113,코스닥,피엔에이치테크,239890,주식등의대량보유상황보고서(일반),현서용
20260113000380,20260113,코스닥,메이슨캐피탈,021880,주식등의대량보유상황보고서(일반),리드코프
20260113000277,20260113,코스닥,비트컴퓨터,032850,주식등의대량보유상황보고서(일반),조현정
20260113000258,20260113,코스피,대창,012800,주식등의대량보유상황보고서(일반),서원
20260113000249,20260113,코스닥,에피소드컴퍼니,317530,주식등의대량보유상황보고서(일반),도트리
20260113000230,20260113,코스피,극동유화,014530,주식등의대량보유상황보고서(일반),장선우
20260113000191,20260113,코스닥,시지트로닉스,429270,주식등의대량보유상황보고서(일반),심규환
20260113000187,20260113,코스닥,탑엔지니어링,065130,주식등의대량보유상황보고서(일반),김원남
20260113000056,20260113,코스닥,서린바이오,038070,주식등의대량보유상황보고서(약식),수성에셋인베스트먼트
20260112000470,20260112,코스닥,한컴,030520,주식등의대량보유상황보고서(일반),한컴위드
20260112000457,20260112,코스닥,에코글로우,159910,주식등의대량보유상황보고서(약식),상상인저축은행
20260112000449,20260112,코스닥,파인디앤씨,049120,주식등의대량보유상황보고서(일반),홍성천
20260112000444,20260112,코스닥,지아이텍,382480,주식등의대량보유상황보고서(일반),이인영
20260112000437,20260112,코스닥,스피어,347700,주식등의대량보유상황보고서(약식),상상인저축은행
20260112000434,20260112,코스닥,우리넷,115440,주식등의대량보유상황보고서(일반),넷솔루션즈홀딩스
20260112000421,20260112,코스닥,유진스팩12호,0105P0,주식등의대량보유상황보고서(약식),비엔비자산운용
20260112000417,20260112,코스닥,동구바이오제약,006620,주식등의대량보유상황보고서(일반),조용준
20260112000408,20260112,코스피,HDC,012630,주식등의대량보유상황보고서(일반),정몽규
20260112000404,20260112,코스닥,피에스케이,319660,주식등의대량보유상황보고서(약식),미래에셋자산운용
20260112000397,20260112,코스피,셀트리온,068270,주식등의대량보유상황보고서(일반),셀트리온홀딩스
20260112000396,20260112,코스닥,에이전트AI,060900,주식등의대량보유상황보고서(약식),상상인저축은행
20260112000392,20260112,코스피,아이에스동서,010780,주식등의대량보유상황보고서(일반),권혁운
20260112000387,20260112,코스닥,비츠로시스,054220,주식등의대량보유상황보고서(약식),상상인저축은행
20260112000379,20260112,코스닥,씨티케이,260930,주식등의대량보유상황보고서(일반),정인용
20260112000378,20260112,코스닥,제이아이테크,417500,주식등의대량보유상황보고서(일반),함석헌
20260112000376,20260112,코스피,엑시큐어하이트론,019490,주식등의대량보유상황보고서(약식),상상인플러스저축은행
20260112000364,20260112,코스닥,넥스턴앤롤코리아,089140,주식등의대량보유상황보고서(약식),에스엘에너지
20260112000356,20260112,코스피,차AI헬스케어,025620,주식등의대량보유상황보고서(약식),제이엔코스메틱
20260112000352,20260112,코스닥,다산디엠씨,208860,주식등의대량보유상황보고서(일반),다산네트웍스
20260112000313,20260112,코스닥,흥구석유,024060,주식등의대량보유상황보고서(일반),서상덕
20260112000303,20260112,코스닥,SM Life Design,063440,주식등의대량보유상황보고서(약식),엔레벨
20260112000300,20260112,코스피,파미셀,005690,주식등의대량보유상황보고서(일반),김현수
20260112000267,20260112,코스닥,비나텍,126340,주식등의대량보유상황보고서(약식),대신증권
20260112000266,20260112,코스닥,에이치엔에스하이텍,044990,주식등의대량보유상황보고서(일반),김정희
20260112000259,20260112,코스피,TYM,002900,주식등의대량보유상황보고서(일반),김식
20260112000248,20260112,코스닥,천보,278280,[기재정정]주식등의대량보유상황보고서(약식),케이비증권
20260112000240,20260112,코스닥,오스테오닉,226400,주식등의대량보유상황보고서(일반),이동원
20260112000224,20260112,코스닥,HPSP,403870,주식등의대량보유상황보고서(일반),히트2025홀딩스
20260112000171,20260112,코스피,우진,105840,주식등의대량보유상황보고서(일반),이재원
20260112000170,20260112,코스닥,케이엠제약,225430,주식등의대량보유상황보고서(일반),강일모
20260112000038,20260112,코스닥,온코닉테라퓨틱스,476060,주식등의대량보유상황보고서(일반),제일약품
20260109000701,20260109,코스닥,천보,278280,주식등의대량보유상황보고서(약식),케이비증권
20260109000688,20260109,코스피,삼성물산,028260,주식등의대량보유상황보고서(일반),이재용
20260109000686,20260109,코스닥,IBKS제25호스팩,0099X0,주식등의대량보유상황보고서(약식),마일스톤자산운용
20260109000684,20260109,코스닥,미래에셋비전스팩10호,0097F0,주식등의대량보유상황보고서(약식),마일스톤자산운용
20260109000682,20260109,코스닥,티로보틱스,117730,주식등의대량보유상황보고서(일반),안승욱
20260109000680,20260109,코스피,삼성전자,005930,주식등의대량보유상황보고서(일반),삼성물산
20260109000662,20260109,코스피,에이플러스에셋,244920,주식등의대량보유상황보고서(일반),곽근호
20260109000659,20260109,코스피,엑시큐어하이트론,019490,주식등의대량보유상황보고서(일반),컨두잇투자자문
20260109000658,20260109,코스닥,앱튼,270520,주식등의대량보유상황보고서(약식),아름드리코퍼레이션
20260109000651,20260109,코스피,DB,012030,주식등의대량보유상황보고서(일반),김남호
20260109000647,20260109,코스닥,휴림에이텍,078590,주식등의대량보유상황보고서(약식),바이로트 투자조합
20260109000644,20260109,코스닥,한울앤제주,276730,주식등의대량보유상황보고서(약식),그린스트리트
20260109000641,20260109,코스피,대원강업,000430,주식등의대량보유상황보고서(일반),허승호
20260109000630,20260109,코스닥,모아라이프플러스,142760,주식등의대량보유상황보고서(일반),모아데이타
20260109000628,20260109,코스닥,아이에스티이,212710,주식등의대량보유상황보고서(일반),조창현
20260109000627,20260109,코스닥,에이치브이엠,295310,주식등의대량보유상황보고서(약식),KB자산운용
20260109000610,20260109,코스닥,야스,255440,주식등의대량보유상황보고서(약식),LG디스플레이
20260109000603,20260109,코스닥,더블유씨피,393890,주식등의대량보유상황보고서(약식),파라투스혁신성장엠앤에이2호사모투자
20260109000595,20260109,코스닥,한울소재과학,091440,주식등의대량보유상황보고서(약식),해리슨투자조합1호
20260109000593,20260109,코스닥,한울소재과학,091440,[기재정정]주식등의대량보유상황보고서(약식),해리슨투자조합1호
20260109000592,20260109,코스닥,솔브레인,357780,주식등의대량보유상황보고서(일반),정지완
20260109000590,20260109,코스닥,한울소재과학,091440,[기재정정]주식등의대량보유상황보고서(약식),해리슨투자조합1호
20260109000588,20260109,코스닥,한울소재과학,091440,[기재정정]주식등의대량보유상황보고서(약식),해리슨투자조합1호
20260109000587,20260109,코스닥,대진첨단소재,393970,주식등의대량보유상황보고서(약식),광무
20260109000580,20260109,코스닥,조이웍스앤코,309930,주식등의대량보유상황보고서(약식),나형균
20260109000576,20260109,코스닥,조이웍스앤코,309930,주식등의대량보유상황보고서(약식),오하임투자조합
20260109000574,20260109,코스닥,ISC,095340,주식등의대량보유상황보고서(약식),미래에셋자산운용
20260109000564,20260109,코스닥,파로스아이바이오,388870,주식등의대량보유상황보고서(약식),컴퍼니케이
20260109000560,20260109,코스닥,넥써쓰,205500,주식등의대량보유상황보고서(일반),링크드
20260109000556,20260109,코스피,대원강업,000430,주식등의대량보유상황보고서(일반),현대지에프홀딩스
20260109000553,20260109,코스피,키움증권,039490,주식등의대량보유상황보고서(일반),다우기술
20260109000535,20260109,코스닥,수산아이앤티,050960,주식등의대량보유상황보고서(일반),정보윤
20260109000531,20260109,코스피,디아이동일,001530,주식등의대량보유상황보고서(약식),동양주택개발
20260109000529,20260109,코스닥,젝시믹스,337930,주식등의대량보유상황보고서(약식),한국투자파트너스
20260109000528,20260109,코스피,동아쏘시오홀딩스,000640,주식등의대량보유상황보고서(약식),베어링자산운용
20260109000526,20260109,코스피,HD건설기계,267270,주식등의대량보유상황보고서(일반),에이치디현대사이트솔루션
20260109000525,20260109,코스닥,엠브레인,169330,주식등의대량보유상황보고서(일반),"MACROMILL,INC."
20260109000518,20260109,코스닥,하이딥,365590,주식등의대량보유상황보고서(일반),고범규
20260109000513,20260109,코스닥,지구홀딩스,221800,주식등의대량보유상황보고서(일반),이재웅
20260109000510,20260109,코스닥,아로마티카,0015N0,주식등의대량보유상황보고서(일반),케이씨삼호투자
20260109000509,20260109,코스닥,다이나믹솔루션,290660,주식등의대량보유상황보고서(약식),스칸디 신기술조합 제278호
20260109000502,20260109,코스닥,우진비앤지,018620,주식등의대량보유상황보고서(일반),강재구
20260109000495,20260109,코스닥,고영,098460,주식등의대량보유상황보고서(일반),고영홀딩스
20260109000486,20260109,코스닥,에프앤가이드,064850,주식등의대량보유상황보고서(일반),화천기공
20260109000485,20260109,코스닥,리브스메드,491000,주식등의대량보유상황보고서(약식),스톤브릿지벤처스
20260109000473,20260109,코스닥,핌스,347770,주식등의대량보유상황보고서(일반),주광연
20260109000466,20260109,코스피,카카오페이,377300,주식등의대량보유상황보고서(약식),GOLDMANSACHSINTERNATIONAL
20260109000461,20260109,코스닥,DH오토웨어,025440,주식등의대량보유상황보고서(일반),디에이치글로벌
20260109000436,20260109,코스닥,성원에너텍,340930,주식등의대량보유상황보고서(일반),정연길
20260109000425,20260109,코스닥,위세아이텍,065370,주식등의대량보유상황보고서(일반),김다산
20260109000386,20260109,코스닥,포인트엔지니어링,256630,주식등의대량보유상황보고서(일반),안범모
20260109000362,20260109,코스닥,쓰리빌리언,394800,주식등의대량보유상황보고서(약식),MORGANSTANLEY&COINTLPLC
20260109000358,20260109,코스닥,오킨스전자,080580,주식등의대량보유상황보고서(약식),MORGANSTANLEY&COINTLPLC
20260109000354,20260109,코스닥,DH오토리드,290120,주식등의대량보유상황보고서(약식),한국채권투자운용
20260109000349,20260109,코스닥,엠로,058970,주식등의대량보유상황보고서(약식),한국투자신탁운용
20260109000346,20260109,코스닥,한솔아이원스,114810,주식등의대량보유상황보고서(일반),한솔테크닉스
20260109000328,20260109,코스닥,SGA솔루션즈,184230,주식등의대량보유상황보고서(약식),시너지아이비투자
20260109000319,20260109,코스닥,잉크테크,049550,주식등의대량보유상황보고서(일반),김정돈
20260109000295,20260109,코스닥,티디에스팜,464280,주식등의대량보유상황보고서(일반),김철준
20260109000284,20260109,코스닥,오텍,067170,주식등의대량보유상황보고서(일반),강성희
20260109000281,20260109,코스닥,세미파이브,490470,[기재정정]주식등의대량보유상황보고서(약식),한국산업은행
20260109000280,20260109,코스피,LX인터내셔널,001120,주식등의대량보유상황보고서(약식),한화자산운용
20260109000246,20260109,코스닥,씨엠티엑스,388210,주식등의대량보유상황보고서(약식),한국산업은행
20260109000226,20260109,코스닥,엑스페릭스,317770,주식등의대량보유상황보고서(일반),윤상철
20260109000225,20260109,코스닥,에스바이오메딕스,304360,주식등의대량보유상황보고서(일반),KANG SAEIL
20260109000178,20260109,코스피,한국항공우주,047810,주식등의대량보유상황보고서(약식),피델리티매니지먼트앤리서치컴퍼니엘엘씨
20260109000170,20260109,코스닥,미트박스,475460,주식등의대량보유상황보고서(약식),박진호
20260109000168,20260109,코스닥,링네트,042500,주식등의대량보유상황보고서(일반),링네트우리사주조합
20260109000106,20260109,코스닥,에이유브랜즈,481070,주식등의대량보유상황보고서(약식),무신사파트너스
20260109000104,20260109,코스닥,교보19호스팩,0098T0,주식등의대량보유상황보고서(약식),라이언자산운용
20260109000101,20260109,코스닥,아이스크림미디어,461300,주식등의대량보유상황보고서(일반),시공테크
20260109000064,20260109,코스닥,레이,228670,주식등의대량보유상황보고서(일반),레이홀딩스
20260108000625,20260109,코스피,티웨이홀딩스,004870,주식등의대량보유상황보고서(일반),이기호
20260108000623,20260108,코스닥,박셀바이오,323990,주식등의대량보유상황보고서(일반),이제중
20260108000618,20260108,코스닥,엣지파운드리,105550,주식등의대량보유상황보고서(일반),남용현
20260108000597,20260108,코스피,드림텍,192650,주식등의대량보유상황보고서(일반),임창완
20260108000578,20260108,코스닥,바이오니아,064550,주식등의대량보유상황보고서(일반),박한오
20260108000572,20260108,코스닥,에코프로에이치엔,383310,주식등의대량보유상황보고서(일반),에코프로
20260108000560,20260108,코스닥,DXVX,180400,주식등의대량보유상황보고서(일반),임종윤
20260108000548,20260108,코스피,한국특강,007280,주식등의대량보유상황보고서(일반),매직홀딩스
20260108000546,20260108,코스닥,레드캡투어,038390,주식등의대량보유상황보고서(일반),구본호
20260108000532,20260108,코스피,삼성제약,001360,주식등의대량보유상황보고서(일반),젬백스
20260108000526,20260108,코스닥,오리콤,010470,주식등의대량보유상황보고서(일반),두산
20260108000524,20260108,코스피,BGF,027410,주식등의대량보유상황보고서(일반),홍석조
20260108000510,20260108,코스피,BGF리테일,282330,주식등의대량보유상황보고서(일반),BGF
20260108000506,20260108,코스닥,앱클론,174900,주식등의대량보유상황보고서(일반),이종서
20260108000505,20260108,코스피,풀무원,017810,주식등의대량보유상황보고서(일반),남승우
20260108000501,20260108,코스피,두산,000150,주식등의대량보유상황보고서(일반),박정원
20260108000490,20260108,코스닥,알티캐스트,085810,주식등의대량보유상황보고서(일반),베노티앤알
20260108000488,20260108,코스피,에코프로머티,450080,주식등의대량보유상황보고서(일반),에코프로
20260108000484,20260108,코스피,동원수산,030720,주식등의대량보유상황보고서(일반),왕기철
20260108000477,20260108,코스닥,씨엠티엑스,388210,주식등의대량보유상황보고서(약식),미래에셋자산운용
20260108000470,20260108,코스피,한온시스템,018880,주식등의대량보유상황보고서(일반),한국타이어앤테크놀로지
20260108000453,20260108,코스닥,티앤알바이오팹,246710,주식등의대량보유상황보고서(일반),윤원수
20260108000452,20260108,코스닥,네오위즈,095660,주식등의대량보유상황보고서(일반),나성균
20260108000441,20260108,코스닥,웰크론,065950,주식등의대량보유상황보고서(일반),이영규
20260108000435,20260108,코스피,한화에어로스페이스,012450,주식등의대량보유상황보고서(일반),한화
20260108000423,20260108,코스피,애경케미칼,161000,주식등의대량보유상황보고서(일반),AK홀딩스
20260108000416,20260108,코스피,한온시스템,018880,주식등의대량보유상황보고서(약식),NH투자증권
20260108000406,20260108,코스닥,바이오에프디엔씨,251120,주식등의대량보유상황보고서(일반),모상현
20260108000390,20260108,코스닥,싸이닉솔루션,234030,주식등의대량보유상황보고서(약식),아이비케이에스 디자인 신기술투자조합
20260108000374,20260108,코스닥,쎄트렉아이,099320,주식등의대량보유상황보고서(일반),박성동
20260108000352,20260108,코스피,이수페타시스,007660,주식등의대량보유상황보고서(약식),MORGANSTANLEY&COINTLPLC
20260108000345,20260108,코스닥,TS트릴리온,317240,주식등의대량보유상황보고서(일반),이제이앤피
20260108000344,20260108,코스닥,에이치시티,072990,주식등의대량보유상황보고서(일반),이수찬
20260108000325,20260108,코스닥,엠투엔,033310,주식등의대량보유상황보고서(일반),디케이마린
20260108000312,20260108,코스닥,퀀타매트릭스,317690,주식등의대량보유상황보고서(약식),타이거자산운용투자일임
20260108000279,20260108,코스닥,야스,255440,주식등의대량보유상황보고서(일반),정광호
20260108000268,20260108,코스피,퍼시스,016800,주식등의대량보유상황보고서(일반),퍼시스지주
20260108000237,20260108,코스피,미스토홀딩스,081660,주식등의대량보유상황보고서(약식),MORGANSTANLEY&COINTLPLC
20260108000172,20260108,코스닥,동운아나텍,094170,주식등의대량보유상황보고서(약식),한국증권금융
20260108000170,20260108,코스닥,미투온,201490,주식등의대량보유상황보고서(약식),한국증권금융
20260108000169,20260108,코스닥,셀바스헬스케어,208370,주식등의대량보유상황보고서(약식),한국증권금융
20260108000168,20260108,코스닥,쎄크,081180,주식등의대량보유상황보고서(약식),한국증권금융
20260108000167,20260108,코스닥,아난티,025980,주식등의대량보유상황보고서(약식),한국증권금융
20260108000166,20260108,코스닥,에이아이코리아,364950,주식등의대량보유상황보고서(약식),한국증권금융
20260108000165,20260108,코스닥,M83,476080,주식등의대량보유상황보고서(약식),한국증권금융
20260108000163,20260108,코스닥,우진엔텍,457550,주식등의대량보유상황보고서(약식),한국증권금융
20260108000162,20260108,코스닥,제주반도체,080220,주식등의대량보유상황보고서(약식),한국증권금융
20260108000161,20260108,코스닥,켐트로닉스,089010,주식등의대량보유상황보고서(약식),한국증권금융
20260108000160,20260108,코스닥,폴라리스AI,039980,주식등의대량보유상황보고서(약식),한국증권금융
20260108000158,20260108,코스닥,우듬지팜,403490,주식등의대량보유상황보고서(약식),한국증권금융
20260108000157,20260108,코스닥,대모,317850,주식등의대량보유상황보고서(약식),한국증권금융
20260108000156,20260108,코스닥,바이오플러스,099430,주식등의대량보유상황보고서(약식),한국증권금융
20260108000155,20260108,코스닥,보성파워텍,006910,주식등의대량보유상황보고서(약식),한국증권금융
20260108000154,20260108,코스닥,세명전기,017510,주식등의대량보유상황보고서(약식),한국증권금융
20260108000152,20260108,코스닥,에프엔에스테크,083500,주식등의대량보유상황보고서(약식),한국증권금융
20260108000151,20260108,코스닥,엘티씨,170920,주식등의대량보유상황보고서(약식),한국증권금융
20260108000150,20260108,코스닥,우리기술투자,041190,주식등의대량보유상황보고서(약식),한국증권금융
20260108000149,20260108,코스닥,퓨런티어,370090,주식등의대량보유상황보고서(약식),한국증권금융
20260108000147,20260108,코스닥,나라스페이스테크놀로지,478340,주식등의대량보유상황보고서(약식),포스코기술투자
20260108000112,20260108,코스닥,바이오톡스텍,086040,주식등의대량보유상황보고서(일반),강종구
20260108000087,20260108,코스피,HD현대마린솔루션,443060,주식등의대량보유상황보고서(약식),GICPrivateLimited
20260108000086,20260108,코스피,지누스,013890,주식등의대량보유상황보고서(약식),리빙모어
20260108000077,20260108,코스닥,글로벌텍스프리,204620,주식등의대량보유상황보고서(약식),abrdnAsiaLimited
20260108000061,20260108,코스닥,피플바이오,304840,주식등의대량보유상황보고서(일반),휴먼데이타
20260108000047,20260108,코스피,JW홀딩스,096760,주식등의대량보유상황보고서(일반),이경하
20260108000042,20260108,코스피,KC코트렐,119650,주식등의대량보유상황보고서(일반),KC그린홀딩스
20260107000745,20260108,코스닥,쿼드메디슨,464490,주식등의대량보유상황보고서(일반),백승기
20260107000707,20260107,코스닥,스피어,347700,주식등의대량보유상황보고서(일반),최광수
20260107000702,20260107,코스닥,KD,044180,주식등의대량보유상황보고서(일반),케이디기술투자
20260107000689,20260107,코스피,IPARK현대산업개발,294870,주식등의대량보유상황보고서(일반),HDC
20260107000682,20260107,코스닥,모아데이타,288980,주식등의대량보유상황보고서(일반),한상진
20260107000674,20260107,코스닥,SGA솔루션즈,184230,주식등의대량보유상황보고서(일반),에스지에이홀딩스
20260107000673,20260107,코스닥,제이스코홀딩스,023440,주식등의대량보유상황보고서(일반),캐디언스시스템
20260107000672,20260107,코스닥,탑코미디어,134580,주식등의대량보유상황보고서(일반),엔키홀딩스
20260107000663,20260107,코스피,디와이,013570,주식등의대량보유상황보고서(일반),조병호
20260107000654,20260107,코스피,엑시큐어하이트론,019490,주식등의대량보유상황보고서(일반),더테크놀로지
20260107000646,20260107,코스닥,KX,122450,주식등의대량보유상황보고서(일반),최상주
20260107000622,20260107,코스닥,리노공업,058470,주식등의대량보유상황보고서(약식),미래에셋자산운용
20260107000618,20260107,코스닥,젠큐릭스,229000,주식등의대량보유상황보고서(일반),조상래
20260107000617,20260107,코스피,현대제철,004020,주식등의대량보유상황보고서(일반),기아
20260107000616,20260107,코스닥,셀바이오휴먼텍,318160,주식등의대량보유상황보고서(일반),이권선
20260107000611,20260107,코스닥,유니슨,018000,주식등의대량보유상황보고서(일반),명운산업개발
20260107000607,20260107,코스닥,에코프로,086520,주식등의대량보유상황보고서(일반),이동채
20260107000595,20260107,코스피,엑시큐어하이트론,019490,주식등의대량보유상황보고서(일반),손오공
20260107000593,20260107,코스닥,성호전자,043260,주식등의대량보유상황보고서(일반),서룡전자
20260107000589,20260107,코스피,우진,105840,주식등의대량보유상황보고서(일반),이재원
20260107000570,20260107,코스피,KG모빌리티,003620,주식등의대량보유상황보고서(일반),KG에코솔루션
20260107000561,20260107,코스피,스틱인베스트먼트,026890,주식등의대량보유상황보고서(일반),도용환
20260107000553,20260107,코스닥,대원,007680,주식등의대량보유상황보고서(일반),대원칸타빌
20260107000549,20260107,코스닥,에스와이스틸텍,365330,주식등의대량보유상황보고서(일반),에스와이
20260107000543,20260107,코스닥,에스엠씨지,460870,주식등의대량보유상황보고서(약식),브이아이피자산운용
20260107000538,20260107,코스닥,동일기연,032960,주식등의대량보유상황보고서(일반),손동준
20260107000537,20260107,코스피,디와이파워,210540,주식등의대량보유상황보고서(일반),디와이
20260107000533,20260107,코스닥,대화제약,067080,주식등의대량보유상황보고서(일반),고준진
20260107000527,20260107,코스닥,인벤티지랩,389470,주식등의대량보유상황보고서(약식),스마일게이트인베스트먼트
20260107000512,20260107,코스닥,소프트캠프,258790,주식등의대량보유상황보고서(일반),배환국
20260107000500,20260107,코스닥,SOOP,067160,주식등의대량보유상황보고서(약식),UBSAG
20260107000499,20260107,코스닥,상보,027580,주식등의대량보유상황보고서(일반),김상근
20260107000466,20260107,코스닥,더네이쳐홀딩스,298540,[기재정정]주식등의대량보유상황보고서(일반),박영준
20260107000460,20260107,코스닥,인산가,277410,주식등의대량보유상황보고서(일반),김윤세
20260107000459,20260107,코스닥,파라택시스이더리움,290560,주식등의대량보유상황보고서(일반),PARATAXISHOLDINGSLLC
20260107000378,20260107,코스피,하이트진로,000080,주식등의대량보유상황보고서(일반),하이트진로홀딩스
20260107000349,20260107,코스피,신세계푸드,031440,주식등의대량보유상황보고서(일반),이마트
20260107000347,20260107,코스닥,조이웍스앤코,309930,주식등의대량보유상황보고서(일반),조이웍스
20260107000345,20260107,코스피,한세예스24홀딩스,016450,주식등의대량보유상황보고서(일반),김동녕
20260107000335,20260107,코스닥,엔바이오니아,317870,주식등의대량보유상황보고서(일반),한정철
20260107000331,20260107,코스닥,대성하이텍,129920,주식등의대량보유상황보고서(일반),최호형
20260107000318,20260107,코스닥,메디포스트,078160,주식등의대량보유상황보고서(일반),엔에이치우리뉴딜그로쓰알파제1호사모투자
20260107000317,20260107,코스닥,더네이쳐홀딩스,298540,주식등의대량보유상황보고서(일반),박영준
20260107000302,20260107,코스닥,에피소드컴퍼니,317530,주식등의대량보유상황보고서(일반),넷마블에프앤씨
20260107000299,20260107,코스닥,엠에프씨,432980,주식등의대량보유상황보고서(일반),황성관
20260107000290,20260107,코스닥,HC보광산업,225530,주식등의대량보유상황보고서(일반),HC홈센타
20260107000284,20260107,코스닥,HC홈센타,060560,주식등의대량보유상황보고서(일반),에이치씨파트너스
20260107000255,20260107,코스닥,대아티아이,045390,주식등의대량보유상황보고서(일반),최진우
20260107000232,20260107,코스닥,HPSP,403870,주식등의대량보유상황보고서(약식),한미반도체
20260107000227,20260107,코스닥,파인메딕스,387570,주식등의대량보유상황보고서(약식),엔브이씨파트너스
20260107000063,20260107,코스피,JB금융지주,175330,주식등의대량보유상황보고서(약식),CapitalResearchandManagementCompany
20260107000046,20260107,코스닥,피코그램,376180,주식등의대량보유상황보고서(일반),최석림
20260107000042,20260107,코스닥,씨엠티엑스,388210,주식등의대량보유상황보고서(약식),기술보증기금
20260107000038,20260107,코스닥,씨엠티엑스,388210,주식등의대량보유상황보고서(약식),기술보증기금
20260107000033,20260107,코스닥,오텍,067170,주식등의대량보유상황보고서(일반),강성희
20260107000026,20260107,코스닥,씨엠티엑스,388210,주식등의대량보유상황보고서(약식),기술보증기금
20260107000014,20260107,코스닥,비에이치아이,083650,주식등의대량보유상황보고서(일반),박은미
20260107000003,20260107,코스닥,제이에스링크,127120,주식등의대량보유상황보고서(일반),주성씨앤에어
20260106000706,20260107,코스피,남선알미늄,008350,[기재정정]주식등의대량보유상황보고서(일반),삼라
20260106000674,20260106,코스닥,세미파이브,490470,주식등의대량보유상황보고서(일반),조명현
20260106000667,20260106,코스닥,세미파이브,490470,주식등의대량보유상황보고서(약식),미래에셋벤처투자
20260106000655,20260106,코스닥,힘스,238490,주식등의대량보유상황보고서(일반),김주환
20260106000647,20260106,코스닥,아이윈,090150,주식등의대량보유상황보고서(일반),신규진
20260106000593,20260106,코스닥,파라택시스이더리움,290560,주식등의대량보유상황보고서(일반),엑셈
20260106000591,20260106,코스닥,에피소드컴퍼니,317530,주식등의대량보유상황보고서(일반),박창신
20260106000589,20260106,코스닥,이오테크닉스,039030,주식등의대량보유상황보고서(약식),밸리기포드오버시즈리미티드
20260106000588,20260106,코스피,코아스,071950,주식등의대량보유상황보고서(약식),임재철
20260106000587,20260106,코스피,카카오페이,377300,주식등의대량보유상황보고서(일반),카카오
20260106000585,20260106,코스피,코아스,071950,주식등의대량보유상황보고서(약식),김복덕
20260106000575,20260106,코스닥,마이크로투나노,424980,주식등의대량보유상황보고서(일반),황규호
20260106000561,20260106,코스닥,진시스템,363250,주식등의대량보유상황보고서(약식),미래에셋자산운용
20260106000552,20260106,코스닥,퓨런티어,370090,주식등의대량보유상황보고서(약식),배상신
20260106000551,20260106,코스피,고려아연,010130,[기재정정]주식등의대량보유상황보고서(일반),크루시블제이브이
20260106000549,20260106,코스닥,디모아,016670,주식등의대량보유상황보고서(약식),이니텍
20260106000548,20260106,코스피,이지스밸류플러스리츠,334890,주식등의대량보유상황보고서(약식),미래에셋자산운용
20260106000547,20260106,코스피,이리츠코크렙,088260,주식등의대량보유상황보고서(약식),미래에셋자산운용
20260106000546,20260106,코스닥,넥스틴,348210,주식등의대량보유상황보고서(약식),미래에셋자산운용
20260106000545,20260106,코스닥,현대에이치티,039010,주식등의대량보유상황보고서(일반),이건구
20260106000540,20260106,코스닥,피앤에스로보틱스,460940,[기재정정]주식등의대량보유상황보고서(일반),박광훈
20260106000535,20260106,코스닥,한울반도체,320000,주식등의대량보유상황보고서(일반),한울소재과학
20260106000532,20260106,코스피,트리니티항공,091810,주식등의대량보유상황보고서(약식),DB증권
20260106000526,20260106,코스피,형지엘리트,093240,주식등의대량보유상황보고서(일반),형지I&C
20260106000523,20260106,코스피,이지스밸류플러스리츠,334890,주식등의대량보유상황보고서(약식),코람코자산운용
20260106000516,20260106,코스닥,수성웹툰,084180,주식등의대량보유상황보고서(일반),투믹스홀딩스
20260106000509,20260106,코스닥,유비온,084440,주식등의대량보유상황보고서(일반),임재환
20260106000503,20260106,코스닥,넵튠,217270,주식등의대량보유상황보고서(일반),크래프톤
20260106000494,20260106,코스닥,제이앤티씨,204270,주식등의대량보유상황보고서(일반),진우엔지니어링
20260106000483,20260106,코스닥,와이엠티,251370,주식등의대량보유상황보고서(일반),전성욱
20260106000465,20260106,코스피,케이씨씨,002380,주식등의대량보유상황보고서(일반),정몽진
20260106000460,20260106,코스닥,세미파이브,490470,주식등의대량보유상황보고서(일반),두산
20260106000459,20260106,코스피,대동,000490,주식등의대량보유상황보고서(일반),김준식
20260106000454,20260106,코스닥,비트맥스,377030,주식등의대량보유상황보고서(일반),메타플랫폼 투자조합
20260106000442,20260106,코스닥,노타,486990,주식등의대량보유상황보고서(약식),LB인베스트먼트
20260106000439,20260106,코스닥,포커스에이아이,331380,주식등의대량보유상황보고서(일반),위허브
20260106000438,20260106,코스닥,퓨릿,445180,주식등의대량보유상황보고서(일반),한국알콜
20260106000428,20260106,코스닥,엠플러스,259630,주식등의대량보유상황보고서(일반),김종성
20260106000420,20260106,코스닥,크레오에스지,040350,주식등의대량보유상황보고서(일반),큐로홀딩스
20260106000415,20260106,코스닥,메가스터디,072870,[기재정정]주식등의대량보유상황보고서(약식),디세린그룹엘피
20260106000403,20260106,코스닥,파인텍,131760,주식등의대량보유상황보고서(일반),강원일
20260106000383,20260106,코스닥,이니텍,053350,주식등의대량보유상황보고서(일반),에스제이제일차홀딩스
20260106000376,20260106,코스닥,파마리서치,214450,주식등의대량보유상황보고서(약식),MORGANSTANLEY&COINTLPLC
20260106000360,20260106,코스닥,오늘이엔엠,192410,주식등의대량보유상황보고서(약식),이화전기공업
20260106000358,20260106,코스닥,DH오토웨어,025440,주식등의대량보유상황보고서(일반),디에이치글로벌
20260106000350,20260106,코스닥,코렌텍,104540,주식등의대량보유상황보고서(일반),한투한화디지털헬스케어제1호사모투자
20260106000337,20260106,코스닥,디케이락,105740,주식등의대량보유상황보고서(약식),MORGANSTANLEY&COINTLPLC
20260106000225,20260106,코스닥,오르비텍,046120,[기재정정]주식등의대량보유상황보고서(일반),비앤피주성
20260106000187,20260106,코스닥,에스티아이,039440,[기재정정]주식등의대량보유상황보고서(약식),KB자산운용
20260106000182,20260106,코스닥,해성옵틱스,076610,주식등의대량보유상황보고서(약식),이스페이스인베스텍
20260106000166,20260106,코스닥,피앤에스로보틱스,460940,주식등의대량보유상황보고서(일반),박광훈
20260106000162,20260106,코스닥,피앤에스로보틱스,460940,주식등의대량보유상황보고서(일반),박광훈
20260106000110,20260106,코스닥,삼미금속,012210,주식등의대량보유상황보고서(약식),아이비케이에스 와이지 턴어라운드 신기술투자조합 제1호
20260106000085,20260106,코스닥,지구홀딩스,221800,주식등의대량보유상황보고서(일반),김진태
20260106000078,20260106,코스닥,버킷스튜디오,066410,주식등의대량보유상황보고서(일반),이니셜 1호 투자조합
20260106000016,20260106,코스닥,에이치브이엠,295310,주식등의대량보유상황보고서(약식),KB자산운용
20260106000015,20260106,코스닥,한양디지텍,078350,주식등의대량보유상황보고서(약식),KB자산운용
20260105000450,20260106,코스피,고려아연,010130,주식등의대량보유상황보고서(일반),크루시블제이브이
20260105000436,20260105,코스닥,엔켐,348370,주식등의대량보유상황보고서(일반),오정강
20260105000435,20260105,코스피,HDC,012630,주식등의대량보유상황보고서(일반),정몽규
20260105000426,20260105,코스닥,삼표시멘트,038500,주식등의대량보유상황보고서(일반),삼표산업
20260105000396,20260105,코스닥,청담글로벌,362320,주식등의대량보유상황보고서(일반),최석주
20260105000390,20260105,코스닥,한스바이오메드,042520,주식등의대량보유상황보고서(약식),KB자산운용
20260105000389,20260105,코스닥,에이비엘바이오,298380,주식등의대량보유상황보고서(일반),LEESANGHOON
20260105000387,20260105,코스닥,에스티아이,039440,주식등의대량보유상황보고서(약식),KB자산운용
20260105000381,20260105,코스피,아이에스동서,010780,주식등의대량보유상황보고서(일반),권혁운
20260105000375,20260105,코스닥,제놀루션,225220,주식등의대량보유상황보고서(일반),호일바이오메드
20260105000374,20260105,코스닥,아진산업,013310,주식등의대량보유상황보고서(일반),우신산업
20260105000366,20260105,코스피,SK디앤디,210980,주식등의대량보유상황보고서(일반),SK디스커버리
20260105000364,20260105,코스닥,디알텍,214680,주식등의대량보유상황보고서(약식),오스템임플란트
20260105000359,20260105,코스닥,이오테크닉스,039030,주식등의대량보유상황보고서(약식),미래에셋자산운용
20260105000358,20260105,코스피,DB하이텍,000990,주식등의대량보유상황보고서(약식),미래에셋자산운용
20260105000356,20260105,코스피,삼호개발,010960,주식등의대량보유상황보고서(일반),이종호
20260105000353,20260105,코스닥,한스바이오메드,042520,주식등의대량보유상황보고서(약식),오스템임플란트
20260105000347,20260105,코스피,INVENI,015360,주식등의대량보유상황보고서(약식),디세린그룹엘피
20260105000345,20260105,코스닥,차바이오텍,085660,주식등의대량보유상황보고서(일반),차광렬
20260105000341,20260105,코스피,디와이에이,002880,주식등의대량보유상황보고서(일반),영일이
20260105000339,20260105,코스닥,지놈앤컴퍼니,314130,주식등의대량보유상황보고서(약식),인터베스트오픈이노베이션사모투자
20260105000332,20260105,코스닥,씨앤지하이테크,264660,주식등의대량보유상황보고서(일반),홍사문
20260105000325,20260105,코스닥,이랜시스,264850,주식등의대량보유상황보고서(일반),이랜텍
20260105000323,20260105,코스닥,메가스터디,072870,주식등의대량보유상황보고서(약식),디세린그룹엘피
20260105000314,20260105,코스닥,국전,307750,주식등의대량보유상황보고서(일반),홍종호
20260105000302,20260105,코스닥,유라클,088340,주식등의대량보유상황보고서(일반),조준희
20260105000299,20260105,코스피,애경케미칼,161000,주식등의대량보유상황보고서(일반),AK홀딩스
20260105000284,20260105,코스닥,파인엠텍,441270,주식등의대량보유상황보고서(일반),홍성천
20260105000281,20260105,코스피,현대자동차,005380,주식등의대량보유상황보고서(일반),현대모비스
20260105000279,20260105,코스닥,코칩,126730,주식등의대량보유상황보고서(일반),손진형
20260105000266,20260105,코스닥,한국알콜,017890,주식등의대량보유상황보고서(일반),케이씨엔에이
20260105000250,20260105,코스닥,이루온,065440,주식등의대량보유상황보고서(일반),이승구
20260105000249,20260105,코스닥,파라택시스이더리움,290560,주식등의대량보유상황보고서(일반),엑셈
20260105000242,20260105,코스닥,알에스오토메이션,140670,주식등의대량보유상황보고서(일반),강덕현
20260105000241,20260105,코스닥,엑스플러스,373200,주식등의대량보유상황보고서(약식),팩토링플러스투자조합
20260105000237,20260105,코스닥,이노테크,469610,주식등의대량보유상황보고서(약식),SBI인베스트먼트
20260105000213,20260105,코스닥,와이지-원,019210,주식등의대량보유상황보고서(일반),송호근
20260105000212,20260105,코스닥,아셈스,136410,주식등의대량보유상황보고서(일반),장지상
20260105000209,20260105,코스피,코스모신소재,005070,주식등의대량보유상황보고서(일반),코스모화학
20260105000201,20260105,코스닥,에스피시스템스,317830,주식등의대량보유상황보고서(일반),심상균
20260105000200,20260105,코스닥,현대에버다임,041440,주식등의대량보유상황보고서(일반),현대지에프홀딩스
20260105000198,20260105,코스닥,지에프씨생명과학,388610,주식등의대량보유상황보고서(일반),강희철
20260105000191,20260105,코스피,만호제강,001080,주식등의대량보유상황보고서(약식),엠케이에셋
20260105000178,20260105,코스닥,중앙첨단소재,051980,주식등의대량보유상황보고서(일반),엔켐
20260105000167,20260105,코스피,보락,002760,주식등의대량보유상황보고서(약식),최경애
20260105000154,20260105,코스닥,중앙첨단소재,051980,주식등의대량보유상황보고서(일반),아틀라스팔천
20260105000148,20260105,코스피,NC,036570,주식등의대량보유상황보고서(약식),SaudiElectronicGamingHoldingCompany
20260105000147,20260105,코스닥,풍강,093380,주식등의대량보유상황보고서(일반),김진용
20260105000146,20260105,코스피,NC,036570,주식등의대량보유상황보고서(약식),PublicInvestmentFund
20260105000137,20260105,코스피,DB하이텍,000990,주식등의대량보유상황보고서(일반),DB
20260105000133,20260105,코스피,INVENI,015360,주식등의대량보유상황보고서(일반),구자은
20260105000121,20260105,코스피,SP삼화,000390,주식등의대량보유상황보고서(일반),김현정
20260105000119,20260105,코스피,SP삼화,000390,주식등의대량보유상황보고서(일반),김장연
20260105000118,20260105,코스닥,이랜텍,054210,주식등의대량보유상황보고서(일반),이해성
20260105000115,20260105,코스닥,아나패스,123860,주식등의대량보유상황보고서(일반),이경호
20260105000111,20260105,코스닥,버넥트,438700,주식등의대량보유상황보고서(일반),하태진
20260105000051,20260105,코스피,디앤디플랫폼리츠,377190,주식등의대량보유상황보고서(약식),삼성자산운용
20260105000049,20260105,코스닥,윈하이텍,192390,주식등의대량보유상황보고서(일반),송규정
20260105000031,20260105,코스닥,오비고,352910,주식등의대량보유상황보고서(일반),장영준
20260105000016,20260105,코스닥,레이,228670,주식등의대량보유상황보고서(일반),레이홀딩스
20260105000003,20260105,코스닥,제이에스링크,127120,주식등의대량보유상황보고서(일반),주성씨앤에어
20260102000453,20260102,코스닥,KG이니시스,035600,주식등의대량보유상황보고서(일반),KG케미칼
20260102000452,20260102,코스닥,티앤엘,340570,주식등의대량보유상황보고서(일반),최윤소
20260102000444,20260102,코스닥,메가스터디교육,215200,주식등의대량보유상황보고서(약식),FILLIMITED
20260102000440,20260102,코스닥,에스티아이,039440,주식등의대량보유상황보고서(약식),국민연금공단
20260102000437,20260102,코스피,한온시스템,018880,주식등의대량보유상황보고서(약식),국민연금공단
20260102000435,20260102,코스닥,이니텍,053350,주식등의대량보유상황보고서(일반),프라임라이트투자조합2호
20260102000434,20260102,코스닥,리브스메드,491000,주식등의대량보유상황보고서(일반),이정주
20260102000431,20260102,코스닥,리브스메드,491000,주식등의대량보유상황보고서(약식),타임폴리오자산운용
20260102000429,20260102,코스닥,유비쿼스,264450,주식등의대량보유상황보고서(약식),국민연금공단
20260102000426,20260102,코스닥,하이퍼코퍼레이션,065650,주식등의대량보유상황보고서(일반),FSN
20260102000422,20260102,코스피,삼성에피스홀딩스,0126Z0,주식등의대량보유상황보고서(약식),국민연금공단
20260102000414,20260102,코스피,GS피앤엘,499790,주식등의대량보유상황보고서(약식),국민연금공단
20260102000413,20260102,코스닥,하이퍼코퍼레이션,065650,주식등의대량보유상황보고서(일반),KSTRATEGYHOLDINGSPTE.LTD.
20260102000411,20260102,코스피,한화비전,489790,주식등의대량보유상황보고서(약식),국민연금공단
20260102000409,20260102,코스닥,주성엔지니어링,036930,주식등의대량보유상황보고서(일반),황철주
20260102000406,20260102,코스피,엠앤씨솔루션,484870,주식등의대량보유상황보고서(약식),국민연금공단
20260102000404,20260102,코스닥,컴투스,078340,주식등의대량보유상황보고서(일반),컴투스홀딩스
20260102000403,20260102,코스피,달바글로벌,483650,주식등의대량보유상황보고서(약식),국민연금공단
20260102000402,20260102,코스피,동국제강,460860,주식등의대량보유상황보고서(약식),국민연금공단
20260102000398,20260102,코스피,SK스퀘어,402340,주식등의대량보유상황보고서(약식),국민연금공단
20260102000396,20260102,코스닥,CSA 코스믹,083660,[기재정정]주식등의대량보유상황보고서(일반),지앤비조합
20260102000393,20260102,코스닥,디어유,376300,주식등의대량보유상황보고서(약식),국민연금공단
20260102000388,20260102,코스피,DL이앤씨,375500,주식등의대량보유상황보고서(약식),국민연금공단
20260102000386,20260102,코스닥,알멕,354320,주식등의대량보유상황보고서(일반),다이엑스
20260102000384,20260102,코스피,블루산업개발,006740,주식등의대량보유상황보고서(일반),피엠에이조합
20260102000381,20260102,코스닥,뉴온,123840,주식등의대량보유상황보고서(일반),케이피엠테크
20260102000380,20260102,코스닥,진시스템,363250,주식등의대량보유상황보고서(약식),국민연금공단
20260102000378,20260102,코스피,솔루스첨단소재,336370,주식등의대량보유상황보고서(약식),국민연금공단
20260102000377,20260102,코스닥,버킷스튜디오,066410,주식등의대량보유상황보고서(일반),와비사비홀딩스
20260102000376,20260102,코스닥,피에스케이,319660,주식등의대량보유상황보고서(약식),국민연금공단
20260102000374,20260102,코스닥,에이치브이엠,295310,주식등의대량보유상황보고서(약식),국민연금공단
20260102000373,20260102,코스닥,엔비티,236810,주식등의대량보유상황보고서(일반),박수근
20260102000370,20260102,코스피,IPARK현대산업개발,294870,주식등의대량보유상황보고서(약식),국민연금공단
20260102000368,20260102,코스피,케이씨텍,281820,주식등의대량보유상황보고서(약식),국민연금공단
20260102000365,20260102,코스닥,이녹스첨단소재,272290,주식등의대량보유상황보고서(약식),국민연금공단
20260102000362,20260102,코스닥,도이치모터스,067990,주식등의대량보유상황보고서(일반),권오수
20260102000359,20260102,코스피,오리온,271560,주식등의대량보유상황보고서(약식),국민연금공단
20260102000358,20260102,코스피,화승엔터프라이즈,241590,주식등의대량보유상황보고서(약식),국민연금공단
20260102000353,20260102,코스닥,SKAI,357880,주식등의대량보유상황보고서(일반),디렉터스컴퍼니
20260102000352,20260102,코스닥,RFHIC,218410,주식등의대량보유상황보고서(약식),국민연금공단
20260102000350,20260102,코스닥,덕산네오룩스,213420,주식등의대량보유상황보고서(약식),국민연금공단
20260102000348,20260102,코스닥,버킷스튜디오,066410,주식등의대량보유상황보고서(일반),이니셜 1호 투자조합
20260102000347,20260102,코스닥,레뷰코퍼레이션,443250,주식등의대량보유상황보고서(일반),글로벌커넥트플랫폼사모투자
20260102000345,20260102,코스피,HL만도,204320,주식등의대량보유상황보고서(약식),국민연금공단
20260102000344,20260102,코스닥,국보디자인,066620,주식등의대량보유상황보고서(약식),박영옥
20260102000341,20260102,코스피,제이에스코퍼레이션,194370,주식등의대량보유상황보고서(약식),국민연금공단
20260102000337,20260102,코스피,코스맥스,192820,주식등의대량보유상황보고서(약식),국민연금공단
20260102000335,20260102,코스닥,국보디자인,066620,[기재정정]주식등의대량보유상황보고서(약식),박영옥
20260102000334,20260102,코스피,더블유게임즈,192080,주식등의대량보유상황보고서(약식),국민연금공단
20260102000331,20260102,코스피,동아에스티,170900,주식등의대량보유상황보고서(약식),국민연금공단
20260102000328,20260102,코스피,한국콜마,161890,주식등의대량보유상황보고서(약식),국민연금공단
20260102000325,20260102,코스피,덴티움,145720,주식등의대량보유상황보고서(약식),국민연금공단
20260102000324,20260102,코스닥,포바이포,389140,주식등의대량보유상황보고서(일반),윤준호
20260102000323,20260102,코스피,이마트,139480,주식등의대량보유상황보고서(약식),국민연금공단
20260102000318,20260102,코스닥,비나텍,126340,주식등의대량보유상황보고서(약식),국민연금공단
20260102000316,20260102,코스닥,와이지엔터테인먼트,122870,주식등의대량보유상황보고서(약식),국민연금공단
20260102000315,20260102,코스닥,인크로스,216050,주식등의대량보유상황보고서(일반),SK스퀘어
20260102000314,20260102,코스피,코오롱인더,120110,주식등의대량보유상황보고서(약식),국민연금공단
20260102000311,20260102,코스피,씨에스윈드,112610,주식등의대량보유상황보고서(약식),국민연금공단
20260102000310,20260102,코스닥,아이티센글로벌,124500,주식등의대량보유상황보고서(일반),강진모
20260102000309,20260102,코스피,한세실업,105630,주식등의대량보유상황보고서(약식),국민연금공단
20260102000308,20260102,코스피,SNT에너지,100840,주식등의대량보유상황보고서(약식),국민연금공단
20260102000307,20260102,코스닥,TS인베스트먼트,246690,주식등의대량보유상황보고서(일반),김웅
20260102000305,20260102,코스피,SK오션플랜트,100090,주식등의대량보유상황보고서(약식),국민연금공단
20260102000302,20260102,코스피,CJ제일제당,097950,주식등의대량보유상황보고서(약식),국민연금공단
20260102000301,20260102,코스닥,테스,095610,주식등의대량보유상황보고서(약식),국민연금공단
20260102000297,20260102,코스닥,ISC,095340,주식등의대량보유상황보고서(약식),국민연금공단
20260102000292,20260102,코스닥,유진테크,084370,주식등의대량보유상황보고서(약식),국민연금공단
20260102000290,20260102,코스닥,레뷰코퍼레이션,443250,주식등의대량보유상황보고서(일반),케이던스캐피탈
20260102000287,20260102,코스닥,인산가,277410,주식등의대량보유상황보고서(일반),김윤세
20260102000281,20260102,코스피,LIG디펜스앤에어로스페이스,079550,주식등의대량보유상황보고서(약식),국민연금공단
20260102000279,20260102,코스피,엘앤에프,066970,주식등의대량보유상황보고서(약식),국민연금공단
20260102000278,20260102,코스피,콜마홀딩스,024720,주식등의대량보유상황보고서(일반),윤상현
20260102000274,20260102,코스피,HL홀딩스,060980,주식등의대량보유상황보고서(약식),국민연금공단
20260102000272,20260102,코스닥,미코,059090,주식등의대량보유상황보고서(약식),국민연금공단
20260102000271,20260102,코스닥,인크로스,216050,주식등의대량보유상황보고서(일반),SK네트웍스
20260102000270,20260102,코스피,이수페타시스,007660,주식등의대량보유상황보고서(일반),이수
20260102000269,20260102,코스닥,SFA,056190,주식등의대량보유상황보고서(약식),국민연금공단
20260102000266,20260102,코스피,한전기술,052690,주식등의대량보유상황보고서(약식),국민연금공단
20260102000265,20260102,코스피,하나투어,039130,주식등의대량보유상황보고서(약식),국민연금공단
20260102000264,20260102,코스닥,비씨엔씨,146320,주식등의대량보유상황보고서(일반),김돈한
20260102000262,20260102,코스닥,감성코퍼레이션,036620,주식등의대량보유상황보고서(약식),국민연금공단
20260102000260,20260102,코스피,NC,036570,주식등의대량보유상황보고서(약식),국민연금공단
20260102000258,20260102,코스닥,JYP Ent.,035900,주식등의대량보유상황보고서(약식),국민연금공단
20260102000257,20260102,코스피,파라다이스,034230,주식등의대량보유상황보고서(약식),국민연금공단
20260102000255,20260102,코스피,롯데관광개발,032350,주식등의대량보유상황보고서(약식),국민연금공단
20260102000253,20260102,코스닥,동운아나텍,094170,주식등의대량보유상황보고서(일반),김동철
20260102000252,20260102,코스닥,한컴,030520,주식등의대량보유상황보고서(약식),국민연금공단
20260102000251,20260102,코스닥,엔투텍,227950,주식등의대량보유상황보고서(일반),몬타나 신기술조합 제72호
20260102000250,20260102,코스피,제일기획,030000,주식등의대량보유상황보고서(약식),국민연금공단
20260102000246,20260102,코스피,한국단자공업,025540,주식등의대량보유상황보고서(약식),국민연금공단
20260102000244,20260102,코스닥,빌리언스,044480,주식등의대량보유상황보고서(일반),휴마시스
20260102000241,20260102,코스닥,와이지-원,019210,주식등의대량보유상황보고서(일반),송호근
20260102000239,20260102,코스닥,태광,023160,주식등의대량보유상황보고서(약식),국민연금공단
20260102000238,20260102,코스피,한섬,020000,주식등의대량보유상황보고서(약식),국민연금공단
20260102000237,20260102,코스닥,브이티,018290,주식등의대량보유상황보고서(약식),국민연금공단
20260102000235,20260102,코스피,한국카본,017960,주식등의대량보유상황보고서(약식),국민연금공단
20260102000234,20260102,코스피,현대엘리베이터,017800,주식등의대량보유상황보고서(약식),국민연금공단
20260102000232,20260102,코스피,우신시스템,017370,주식등의대량보유상황보고서(약식),국민연금공단
20260102000229,20260102,코스피,KG스틸,016380,주식등의대량보유상황보고서(약식),국민연금공단
20260102000226,20260102,코스피,유니드,014830,주식등의대량보유상황보고서(약식),국민연금공단
20260102000223,20260102,코스닥,하이록코리아,013030,주식등의대량보유상황보고서(약식),국민연금공단
20260102000221,20260102,코스피,LG이노텍,011070,주식등의대량보유상황보고서(약식),국민연금공단
20260102000219,20260102,코스피,S-Oil,010950,주식등의대량보유상황보고서(약식),국민연금공단
20260102000218,20260102,코스피,아이에스동서,010780,주식등의대량보유상황보고서(약식),국민연금공단
20260102000215,20260102,코스피,OCI홀딩스,010060,주식등의대량보유상황보고서(약식),국민연금공단
20260102000214,20260102,코스피,삼화전기,009470,주식등의대량보유상황보고서(약식),국민연금공단
20260102000212,20260102,코스피,경동나비엔,009450,주식등의대량보유상황보고서(약식),국민연금공단
20260102000211,20260102,코스피,한올바이오파마,009420,주식등의대량보유상황보고서(약식),국민연금공단
20260102000209,20260102,코스피,삼성전기,009150,주식등의대량보유상황보고서(약식),국민연금공단
20260102000208,20260102,코스피,이수페타시스,007660,주식등의대량보유상황보고서(약식),국민연금공단
20260102000207,20260102,코스피,대한유화,006650,주식등의대량보유상황보고서(약식),국민연금공단
20260102000203,20260102,코스피,녹십자,006280,주식등의대량보유상황보고서(약식),국민연금공단
20260102000199,20260102,코스피,에스엘,005850,주식등의대량보유상황보고서(약식),국민연금공단
20260102000197,20260102,코스피,코스모신소재,005070,주식등의대량보유상황보고서(약식),국민연금공단
20260102000194,20260102,코스피,농심,004370,주식등의대량보유상황보고서(약식),국민연금공단
20260102000187,20260102,코스피,대한항공,003490,주식등의대량보유상황보고서(약식),국민연금공단
20260102000184,20260102,코스피,세아제강지주,003030,주식등의대량보유상황보고서(약식),국민연금공단
20260102000182,20260102,코스피,아모레퍼시픽홀딩스,002790,주식등의대량보유상황보고서(약식),국민연금공단
20260102000181,20260102,코스피,TCC스틸,002710,주식등의대량보유상황보고서(약식),국민연금공단
20260102000179,20260102,코스닥,오르비텍,046120,주식등의대량보유상황보고서(일반),비앤피주성
20260102000178,20260102,코스피,케이씨씨,002380,주식등의대량보유상황보고서(약식),국민연금공단
20260102000177,20260102,코스피,대상,001680,주식등의대량보유상황보고서(약식),국민연금공단
20260102000176,20260102,코스피,LX인터내셔널,001120,주식등의대량보유상황보고서(약식),국민연금공단
20260102000172,20260102,코스피,DL,000210,주식등의대량보유상황보고서(약식),국민연금공단
20260102000170,20260102,코스닥,에스투더블유,488280,주식등의대량보유상황보고서(약식),국민연금공단
20260102000167,20260102,코스닥,에스티팜,237690,주식등의대량보유상황보고서(약식),국민연금공단
20260102000159,20260102,코스피,디와이파워,210540,주식등의대량보유상황보고서(약식),국민연금공단
20260102000158,20260102,코스피,해성디에스,195870,주식등의대량보유상황보고서(약식),국민연금공단
20260102000155,20260102,코스닥,두산테스나,131970,주식등의대량보유상황보고서(약식),국민연금공단
20260102000153,20260102,코스닥,브이엠,089970,주식등의대량보유상황보고서(약식),국민연금공단
20260102000151,20260102,코스닥,테크윙,089030,주식등의대량보유상황보고서(약식),국민연금공단
20260102000150,20260102,코스피,STX엔진,077970,주식등의대량보유상황보고서(약식),국민연금공단
20260102000144,20260102,코스닥,오스코텍,039200,주식등의대량보유상황보고서(약식),국민연금공단
20260102000141,20260102,코스닥,진성티이씨,036890,주식등의대량보유상황보고서(약식),국민연금공단
20260102000139,20260102,코스피,케이씨,029460,주식등의대량보유상황보고서(약식),국민연금공단
20260102000138,20260102,코스피,SK가스,018670,주식등의대량보유상황보고서(약식),국민연금공단
20260102000137,20260102,코스닥,대한광통신,010170,주식등의대량보유상황보고서(약식),국민연금공단
20260102000136,20260102,코스피,코리아써키트,007810,주식등의대량보유상황보고서(약식),국민연금공단
20260102000125,20260102,코스피,우신시스템,017370,주식등의대량보유상황보고서(일반),허우영
20260102000106,20260102,코스닥,컨텍,451760,주식등의대량보유상황보고서(일반),이성희
20260102000095,20260102,코스닥,펌텍코리아,251970,주식등의대량보유상황보고서(약식),FILLIMITED
20260102000094,20260102,코스닥,나라엠앤디,051490,주식등의대량보유상황보고서(일반),김정훈
20260102000090,20260102,코스피,현대위아,011210,주식등의대량보유상황보고서(약식),국민연금공단
20260102000089,20260102,코스피,JW생명과학,234080,주식등의대량보유상황보고서(약식),FILLIMITED
20260102000087,20260102,코스닥,하나머티리얼즈,166090,주식등의대량보유상황보고서(약식),국민연금공단
20260102000084,20260102,코스닥,오르비텍,046120,주식등의대량보유상황보고서(일반),성진홀딩스
20260102000078,20260102,코스닥,아이빔테크놀로지,460470,주식등의대량보유상황보고서(일반),김필한
20260102000073,20260102,코스닥,미래나노텍,095500,주식등의대량보유상황보고서(일반),김철영
20260102000065,20260102,코스닥,서진오토모티브,122690,주식등의대량보유상황보고서(일반),배석두
20260102000006,20260102,코스닥,재영솔루텍,049630,주식등의대량보유상황보고서(약식),J.P.MORGANSECURITIESPLC
20260102000002,20260102,코스닥,웨이비스,289930,주식등의대량보유상황보고서(일반),김정곤
20251231000669,20251231,코스닥,오텍,067170,주식등의대량보유상황보고서(일반),에코리드
20251231000637,20251231,코스피,케이씨씨글라스,344820,주식등의대량보유상황보고서(일반),정몽익
20251231000632,20251231,코스피,광동제약,009290,주식등의대량보유상황보고서(일반),최성원
20251231000630,20251231,코스닥,한울앤제주,276730,주식등의대량보유상황보고서(일반),한울반도체
20251231000628,20251231,코스닥,GC메디아이,032620,주식등의대량보유상황보고서(일반),GC케어
20251231000609,20251231,코스닥,한울앤제주,276730,주식등의대량보유상황보고서(일반),케이파트너스1호투자조합
20251231000600,20251231,코스피,DB손해보험,005830,주식등의대량보유상황보고서(일반),김준기
20251231000576,20251231,코스닥,CSA 코스믹,083660,주식등의대량보유상황보고서(일반),지앤비조합
20251231000569,20251231,코스닥,오이솔루션,138080,주식등의대량보유상황보고서(일반),박찬
20251231000559,20251231,코스닥,글로본,019660,주식등의대량보유상황보고서(약식),김건수
20251231000547,20251231,코스닥,빛과전자,069540,주식등의대량보유상황보고서(일반),피엘오조합
20251231000539,20251231,코스피,강남제비스코,000860,주식등의대량보유상황보고서(일반),임예정
20251231000533,20251231,코스피,강남제비스코,000860,주식등의대량보유상황보고서(일반),황익준
20251231000530,20251231,코스닥,지구홀딩스,221800,주식등의대량보유상황보고서(일반),이재웅
20251231000526,20251231,코스닥,FSN,214270,주식등의대량보유상황보고서(일반),제이투비
20251231000519,20251231,코스닥,바이젠셀,308080,주식등의대량보유상황보고서(일반),가은글로벌
20251231000517,20251231,코스피,오리온,271560,주식등의대량보유상황보고서(일반),오리온홀딩스
20251231000511,20251231,코스닥,부방,014470,주식등의대량보유상황보고서(일반),테크로스홀딩스
20251231000508,20251231,코스닥,에코볼트,097780,주식등의대량보유상황보고서(일반),오성첨단소재
20251231000506,20251231,코스닥,엑스페릭스,317770,주식등의대량보유상황보고서(일반),윤상철
20251231000496,20251231,코스피,에이프로젠바이오로직스,003060,주식등의대량보유상황보고서(일반),에이프로젠
20251231000490,20251231,코스닥,앱튼,270520,주식등의대량보유상황보고서(일반),에이프로젠
20251231000486,20251231,코스피,오리온홀딩스,001800,주식등의대량보유상황보고서(일반),이화경
20251231000478,20251231,코스피,크래프톤,259960,주식등의대량보유상황보고서(일반),장병규
20251231000451,20251231,코스닥,티케이케미칼,104480,주식등의대량보유상황보고서(일반),에스엠인더스트리
20251231000441,20251231,코스피,한국카본,017960,주식등의대량보유상황보고서(일반),조문수
20251231000434,20251231,코스피,에스엠벡셀,010580,주식등의대량보유상황보고서(일반),에스엠하이플러스
20251231000431,20251231,코스닥,MDS테크,086960,주식등의대량보유상황보고서(일반),플레이그램
20251231000403,20251231,코스피,대성산업,128820,주식등의대량보유상황보고서(일반),김영대
20251231000394,20251231,코스피,현대엘리베이터,017800,주식등의대량보유상황보고서(일반),현대홀딩스컴퍼니
20251231000389,20251231,코스닥,글로본,019660,주식등의대량보유상황보고서(약식),베이트리
20251231000383,20251231,코스닥,한울반도체,320000,주식등의대량보유상황보고서(약식),제이케이(JK)신기술투자조합제7호
20251231000365,20251231,코스닥,한울반도체,320000,주식등의대량보유상황보고서(일반),한울소재과학
20251231000360,20251231,코스피,달바글로벌,483650,주식등의대량보유상황보고서(일반),반성연
20251231000356,20251231,코스닥,케스피온,079190,주식등의대량보유상황보고서(일반),이앤에스인베스트먼트
20251231000333,20251231,코스닥,에프알텍,073540,주식등의대량보유상황보고서(일반),남재국
20251231000316,20251231,코스피,디아이동일,001530,주식등의대량보유상황보고서(일반),정헌재단
20251231000313,20251231,코스피,에이프로젠,007460,주식등의대량보유상황보고서(일반),지베이스
20251231000294,20251231,코스닥,서진시스템,178320,주식등의대량보유상황보고서(일반),전동규
20251231000264,20251231,코스닥,리드코프,012700,주식등의대량보유상황보고서(일반),디케이마린
20251231000262,20251231,코스닥,엠투엔,033310,주식등의대량보유상황보고서(일반),디케이마린
20251231000258,20251231,코스닥,대명에너지,389260,주식등의대량보유상황보고서(일반),서종현
20251231000241,20251231,코스닥,엠젠솔루션,032790,주식등의대량보유상황보고서(일반),트렌스젠바이오
20251231000226,20251231,코스닥,파인테크닉스,106240,주식등의대량보유상황보고서(일반),오르비텍
20251231000209,20251231,코스피,두산밥캣,241560,주식등의대량보유상황보고서(일반),두산에너빌리티
20251231000194,20251231,코스닥,앤로보틱스,138360,주식등의대량보유상황보고서(일반),씨아이테크
20251231000175,20251231,코스닥,알에프텍,061040,주식등의대량보유상황보고서(일반),알에프스탠다드
20251231000156,20251231,코스닥,디지캡,197140,주식등의대량보유상황보고서(일반),한국렌탈
20251231000154,20251231,코스닥,지구홀딩스,221800,주식등의대량보유상황보고서(약식),엔디에스
20251231000131,20251231,코스닥,한일단조,024740,주식등의대량보유상황보고서(일반),홍진산업
20251231000110,20251231,코스피,SUN&L,002820,주식등의대량보유상황보고서(일반),정연준
20251231000095,20251231,코스피,이노션,214320,주식등의대량보유상황보고서(일반),NHPEAIVHighlightHoldingsAB
20251231000089,20251231,코스닥,E8,418620,주식등의대량보유상황보고서(일반),김진현
20251231000025,20251231,코스닥,디바이스,187870,주식등의대량보유상황보고서(일반),최봉진
20251230000927,20251231,코스피,남선알미늄,008350,주식등의대량보유상황보고서(일반),삼라
20251230000923,20251231,코스피,남선알미늄,008350,[기재정정]주식등의대량보유상황보고서(일반),삼라
20251230000915,20251231,코스피,남선알미늄,008350,주식등의대량보유상황보고서(일반),삼라
20251230000913,20251230,코스닥,시노펙스,025320,주식등의대량보유상황보고서(일반),시노다이나믹스
20251230000910,20251230,코스닥,스톰테크,352090,주식등의대량보유상황보고서(일반),강기환
20251230000895,20251230,코스닥,아시아경제,127710,주식등의대량보유상황보고서(일반),올인이룸
20251230000890,20251230,코스닥,와이바이오로직스,338840,주식등의대량보유상황보고서(일반),박영우
20251230000888,20251230,코스닥,에스엠씨지,460870,주식등의대량보유상황보고서(일반),최승호
20251230000881,20251230,코스닥,하이로닉,149980,주식등의대량보유상황보고서(일반),캑터스웨스트뷰스페셜시츄에이션사모투자
20251230000868,20251230,코스피,부국증권,001270,주식등의대량보유상황보고서(일반),김중건
20251230000841,20251230,코스피,사조산업,007160,주식등의대량보유상황보고서(일반),주진우
20251230000839,20251230,코스닥,CSA 코스믹,083660,주식등의대량보유상황보고서(약식),케이케이홀딩스
20251230000814,20251230,코스닥,소프트센,032680,주식등의대량보유상황보고서(일반),홍콩셩다국제유한공사
20251230000798,20251230,코스피,한미사이언스,008930,주식등의대량보유상황보고서(일반),임종훈
20251230000783,20251230,코스닥,중앙첨단소재,051980,주식등의대량보유상황보고서(일반),광무
20251230000781,20251230,코스피,한미사이언스,008930,주식등의대량보유상황보고서(일반),임종윤
20251230000776,20251230,코스닥,인텍플러스,064290,주식등의대량보유상황보고서(일반),이상윤
20251230000771,20251230,코스닥,아이스크림에듀,289010,주식등의대량보유상황보고서(일반),시공테크
20251230000766,20251230,코스닥,미래에셋비전스팩10호,0097F0,주식등의대량보유상황보고서(일반),미래에셋증권
20251230000724,20251230,코스닥,수성웹툰,084180,주식등의대량보유상황보고서(약식),바로저축은행
20251230000710,20251230,코스닥,모아데이타,288980,주식등의대량보유상황보고서(일반),한상진
20251230000687,20251230,코스닥,캔버스엔,210120,주식등의대량보유상황보고서(일반),디비투자조합
20251230000639,20251230,코스닥,그래피,318060,주식등의대량보유상황보고서(약식),액시스인베스트먼트
20251230000632,20251230,코스닥,아이텍,119830,주식등의대량보유상황보고서(약식),프렌즈파트너스
20251230000631,20251230,코스피,엑시큐어하이트론,019490,[기재정정]주식등의대량보유상황보고서(약식),손오공
20251230000613,20251230,코스닥,우림피티에스,101170,주식등의대량보유상황보고서(일반),한규석
20251230000608,20251230,코스닥,원익홀딩스,030530,주식등의대량보유상황보고서(일반),원익
20251230000603,20251230,코스닥,성원에너텍,340930,주식등의대량보유상황보고서(일반),정연길
20251230000599,20251230,코스피,한세예스24홀딩스,016450,주식등의대량보유상황보고서(일반),김동녕
20251230000592,20251230,코스피,풀무원,017810,주식등의대량보유상황보고서(일반),남승우
20251230000590,20251230,코스닥,HLB이노베이션,024850,주식등의대량보유상황보고서(일반),HLB
20251230000579,20251230,코스닥,고려신용정보,049720,주식등의대량보유상황보고서(일반),윤의국
20251230000577,20251230,코스피,세아홀딩스,058650,주식등의대량보유상황보고서(일반),이태성
20251230000573,20251230,코스피,한세실업,105630,주식등의대량보유상황보고서(일반),한세예스24홀딩스
20251230000557,20251230,코스닥,클로봇,466100,주식등의대량보유상황보고서(일반),김창구
20251230000548,20251230,코스피,빙그레,005180,주식등의대량보유상황보고서(일반),김호연
20251230000542,20251230,코스닥,리브스메드,491000,주식등의대량보유상황보고서(약식),스톤브릿지벤처스
20251230000541,20251230,코스피,콘텐트리중앙,036420,주식등의대량보유상황보고서(일반),중앙피앤아이
20251230000527,20251230,코스닥,세미파이브,490470,주식등의대량보유상황보고서(약식),한국산업은행
20251230000507,20251230,코스닥,파인텍,131760,주식등의대량보유상황보고서(일반),강원일
20251230000498,20251230,코스닥,핑거스토리,417180,주식등의대량보유상황보고서(일반),글로벌텍스프리
20251230000473,20251230,코스닥,나노씨엠에스,247660,주식등의대량보유상황보고서(약식),산은캐피탈
20251230000464,20251230,코스닥,금화피에스시,036190,주식등의대량보유상황보고서(일반),김성기
20251230000453,20251230,코스닥,오공,045060,주식등의대량보유상황보고서(일반),김윤정
20251230000451,20251230,코스닥,파인테크닉스,106240,주식등의대량보유상황보고서(일반),홍성천
20251230000445,20251230,코스닥,글로벌텍스프리,204620,주식등의대량보유상황보고서(일반),지티에프홀딩스
20251230000435,20251230,코스닥,그리티,204020,주식등의대량보유상황보고서(일반),문영우
20251230000425,20251230,코스닥,성호전자,043260,주식등의대량보유상황보고서(일반),서룡전자
20251230000417,20251230,코스닥,에이치엔에스하이텍,044990,주식등의대량보유상황보고서(일반),김정희
20251230000403,20251230,코스닥,모두투어,080160,주식등의대량보유상황보고서(일반),우종웅
20251230000366,20251230,코스닥,덱스터,206560,주식등의대량보유상황보고서(일반),김용화
20251230000344,20251230,코스닥,테크윙,089030,주식등의대량보유상황보고서(일반),나윤성
20251230000288,20251230,코스피,디아이,003160,주식등의대량보유상황보고서(일반),박원호
20251230000282,20251230,코스닥,TS트릴리온,317240,주식등의대량보유상황보고서(일반),장기영
20251230000270,20251230,코스닥,삼일,032280,주식등의대량보유상황보고서(일반),티디
20251230000238,20251230,코스닥,코퍼스코리아,322780,주식등의대량보유상황보고서(약식),이노베이션1호조합
20251230000237,20251230,코스닥,코퍼스코리아,322780,주식등의대량보유상황보고서(약식),그린그로쓰
20251230000236,20251230,코스닥,보로노이,310210,주식등의대량보유상황보고서(일반),김현태
20251230000233,20251230,코스닥,퀀타매트릭스,317690,주식등의대량보유상황보고서(일반),에즈라채리터블트러스트
20251230000223,20251230,코스닥,유진테크,084370,주식등의대량보유상황보고서(약식),JPMorganAssetManagement(AsiaPacific)Limited
20251230000206,20251230,코스닥,제이케이시냅스,060230,주식등의대량보유상황보고서(약식),코아스
20251230000204,20251230,코스닥,해성옵틱스,076610,주식등의대량보유상황보고서(약식),코아스
20251230000192,20251230,코스닥,한텍,098070,주식등의대량보유상황보고서(약식),대신-헤임달 신기술투자조합 제1호
20251230000186,20251230,코스닥,에코프로비엠,247540,주식등의대량보유상황보고서(일반),에코프로
20251230000183,20251230,코스닥,야스,255440,주식등의대량보유상황보고서(일반),정광호
20251230000181,20251230,코스닥,에코프로,086520,주식등의대량보유상황보고서(일반),이동채
20251230000144,20251230,코스닥,빛과전자,069540,주식등의대량보유상황보고서(약식),케이비엔
20251230000007,20251230,코스닥,퀀타매트릭스,317690,주식등의대량보유상황보고서(일반),펜타스톤 3호 신기술투자조합
20251229000775,20251230,코스닥,이니텍,053350,[기재정정]주식등의대량보유상황보고서(약식),김영선
20251229000773,20251230,코스닥,크리스에프앤씨,110790,주식등의대량보유상황보고서(일반),키움크리스제일호투자목적회사
20251229000763,20251229,코스닥,포바이포,389140,주식등의대량보유상황보고서(일반),윤준호
20251229000753,20251229,코스닥,리더스코스메틱,016100,주식등의대량보유상황보고서(일반),김진구
20251229000739,20251229,코스닥,인카금융서비스,211050,주식등의대량보유상황보고서(일반),최병채
20251229000729,20251229,코스닥,인바디,041830,주식등의대량보유상황보고서(일반),차인준
20251229000705,20251229,코스닥,서부T&D,006730,주식등의대량보유상황보고서(일반),엠와이에이치
20251229000702,20251229,코스닥,큐브엔터,182360,주식등의대량보유상황보고서(일반),강승곤
20251229000668,20251229,코스닥,엠게임,058630,주식등의대량보유상황보고서(일반),손승철
20251229000645,20251229,코스닥,미코,059090,주식등의대량보유상황보고서(일반),전선규
20251229000636,20251229,코스닥,상보,027580,주식등의대량보유상황보고서(일반),김상근
20251229000626,20251229,코스피,극동유화,014530,주식등의대량보유상황보고서(약식),한국타이어앤테크놀로지
20251229000622,20251229,코스닥,카페24,042000,주식등의대량보유상황보고서(일반),우창균
20251229000618,20251229,코스닥,옵티코어,380540,주식등의대량보유상황보고서(약식),알펜루트자산운용
20251229000609,20251229,코스닥,에코글로우,159910,주식등의대량보유상황보고서(약식),크리스티아너티
20251229000608,20251229,코스피,TCC스틸,002710,주식등의대량보유상황보고서(일반),손봉락(孫鳳洛)
20251229000604,20251229,코스닥,이니텍,053350,주식등의대량보유상황보고서(일반),에스제이제일차홀딩스
20251229000599,20251229,코스닥,디에이테크놀로지,196490,주식등의대량보유상황보고서(약식),바로저축은행
20251229000593,20251229,코스닥,파라택시스코리아,288330,주식등의대량보유상황보고서(일반),PARATAXISKOREAFUNDILLC
20251229000565,20251229,코스닥,애드바이오텍,179530,주식등의대량보유상황보고서(약식),엑시엄자산운용
20251229000563,20251229,코스닥,브이씨,365900,주식등의대량보유상황보고서(일반),김준오
20251229000561,20251229,코스닥,희림,037440,주식등의대량보유상황보고서(일반),정영균
20251229000558,20251229,코스피,영흥,012160,주식등의대량보유상황보고서(약식),수성자산운용
20251229000552,20251229,코스닥,티앤알바이오팹,246710,주식등의대량보유상황보고서(일반),윤원수
20251229000549,20251229,코스닥,크라우드웍스,355390,주식등의대량보유상황보고서(일반),박민우
20251229000547,20251229,코스닥,오파스넷,173130,주식등의대량보유상황보고서(일반),장수현
20251229000541,20251229,코스닥,SKAI,357880,주식등의대량보유상황보고서(일반),디렉터스컴퍼니
20251229000525,20251229,코스피,한진중공업홀딩스,003480,주식등의대량보유상황보고서(일반),조남호
20251229000518,20251229,코스닥,가비아,079940,주식등의대량보유상황보고서(일반),김홍국
20251229000500,20251229,코스피,씨아이테크,004920,주식등의대량보유상황보고서(일반),씨엔씨기술
20251229000456,20251229,코스닥,큐로홀딩스,051780,주식등의대량보유상황보고서(일반),케이파트너스
20251229000454,20251229,코스닥,대동기어,008830,주식등의대량보유상황보고서(일반),대동
20251229000429,20251229,코스닥,하나머티리얼즈,166090,주식등의대량보유상황보고서(일반),하나마이크론
20251229000397,20251229,코스닥,동원개발,013120,주식등의대량보유상황보고서(일반),장복만
20251229000371,20251229,코스피,삼영무역,002810,주식등의대량보유상황보고서(일반),이승용
20251229000354,20251229,코스닥,효성오앤비,097870,주식등의대량보유상황보고서(일반),박태헌
20251229000351,20251229,코스닥,신테카바이오,226330,주식등의대량보유상황보고서(일반),정종선
20251229000251,20251229,코스피,극동유화,014530,주식등의대량보유상황보고서(일반),장선우
20251229000240,20251229,코스피,극동유화,014530,[기재정정]주식등의대량보유상황보고서(일반),장선우
20251229000238,20251229,코스피,극동유화,014530,[기재정정]주식등의대량보유상황보고서(일반),장선우
20251229000228,20251229,코스피,극동유화,014530,[기재정정]주식등의대량보유상황보고서(일반),장홍선
20251229000212,20251229,코스닥,SCL사이언스,246960,주식등의대량보유상황보고서(일반),김경수
20251229000209,20251229,코스피,극동유화,014530,주식등의대량보유상황보고서(일반),장홍선
20251229000172,20251229,코스닥,에코플라스틱,038110,주식등의대량보유상황보고서(일반),서진오토모티브
20251229000157,20251229,코스닥,GMI벤처,019570,주식등의대량보유상황보고서(약식),아폴로투자조합
20251229000104,20251229,코스닥,레뷰코퍼레이션,443250,주식등의대량보유상황보고서(일반),LG유플러스
20251229000059,20251229,코스닥,시큐레터,418250,주식등의대량보유상황보고서(약식),동유기술투자
20251229000047,20251229,코스닥,삼진식품,0013V0,주식등의대량보유상황보고서(약식),나우IB
20251229000016,20251229,코스닥,제이에스링크,127120,주식등의대량보유상황보고서(일반),주성씨앤에어
20251226000564,20251229,코스닥,알지노믹스,476830,주식등의대량보유상황보고서(일반),이성욱
20251226000562,20251229,코스닥,MDS테크,086960,주식등의대량보유상황보고서(약식),시너지아이비투자
20251226000553,20251226,코스닥,가비아,079940,주식등의대량보유상황보고서(일반),얼라인파트너스자산운용
20251226000540,20251226,코스닥,드림시큐리티,203650,주식등의대량보유상황보고서(일반),범진규
20251226000521,20251226,코스피,에이플러스에셋,244920,주식등의대량보유상황보고서(일반),얼라인파트너스자산운용
20251226000516,20251226,코스닥,이니텍,053350,주식등의대량보유상황보고서(약식),김영선
20251226000513,20251226,코스피,솔루엠,248070,주식등의대량보유상황보고서(일반),얼라인파트너스자산운용
20251226000509,20251226,코스피,부국증권,001270,주식등의대량보유상황보고서(일반),김중건
20251226000505,20251226,코스피,스틱인베스트먼트,026890,주식등의대량보유상황보고서(일반),얼라인파트너스자산운용
20251226000500,20251226,코스피,덴티움,145720,주식등의대량보유상황보고서(일반),얼라인파트너스자산운용
20251226000488,20251226,코스닥,금양그린파워,282720,주식등의대량보유상황보고서(일반),이윤철
20251226000474,20251226,코스닥,미래에셋비전스팩10호,0097F0,주식등의대량보유상황보고서(일반),프로디지인베스트먼트
20251226000472,20251226,코스닥,로젠,033290,주식등의대량보유상황보고서(일반),대명화학
20251226000469,20251226,코스닥,엑셈,205100,주식등의대량보유상황보고서(일반),조종암
20251226000466,20251226,코스닥,벨로크,424760,주식등의대량보유상황보고서(일반),이정현
20251226000456,20251226,코스닥,헥토파이낸셜,234340,주식등의대량보유상황보고서(일반),헥토이노베이션
20251226000446,20251226,코스닥,헥토이노베이션,214180,주식등의대량보유상황보고서(일반),이경민
20251226000431,20251226,코스피,에이프로젠,007460,주식등의대량보유상황보고서(일반),지베이스
20251226000430,20251226,코스닥,네오티스,085910,주식등의대량보유상황보고서(일반),권은영
20251226000423,20251226,코스닥,에피소드컴퍼니,317530,주식등의대량보유상황보고서(일반),하이라인컴퍼니
20251226000411,20251226,코스닥,이노뎁,303530,주식등의대량보유상황보고서(일반),이성진
20251226000402,20251226,코스닥,동일기연,032960,주식등의대량보유상황보고서(일반),손동준
20251226000398,20251226,코스닥,HLB제넥스,187420,주식등의대량보유상황보고서(약식),아르마트 신기술조합 제304호
20251226000395,20251226,코스피,트리니티항공,091810,주식등의대량보유상황보고서(일반),소노인터내셔널
20251226000375,20251226,코스피,콜마홀딩스,024720,주식등의대량보유상황보고서(일반),윤상현
20251226000374,20251226,코스닥,서진시스템,178320,주식등의대량보유상황보고서(일반),전동규
20251226000370,20251226,코스닥,젬백스,082270,주식등의대량보유상황보고서(일반),젬앤컴퍼니
20251226000369,20251226,코스피,INVENI,015360,주식등의대량보유상황보고서(일반),구자은
20251226000365,20251226,코스닥,에이스침대,003800,주식등의대량보유상황보고서(일반),안성호
20251226000358,20251226,코스닥,포니링크,064800,주식등의대량보유상황보고서(일반),젬백스
20251226000337,20251226,코스닥,LSK아이로봇,091970,주식등의대량보유상황보고서(약식),상상인저축은행
20251226000328,20251226,코스피,대양금속,009190,주식등의대량보유상황보고서(일반),디와이엠파트너스
20251226000325,20251226,코스닥,글로벌텍스프리,204620,주식등의대량보유상황보고서(일반),문양근
20251226000316,20251226,코스닥,판타지오,032800,주식등의대량보유상황보고서(일반),아티스트
20251226000315,20251226,코스닥,핑거스토리,417180,주식등의대량보유상황보고서(일반),문양근
20251226000295,20251226,코스닥,티로보틱스,117730,주식등의대량보유상황보고서(일반),안승욱
20251226000244,20251226,코스닥,에르코스,435570,[기재정정]주식등의대량보유상황보고서(일반),김슬기
20251226000239,20251226,코스닥,미래에셋비전스팩10호,0097F0,주식등의대량보유상황보고서(약식),마일스톤자산운용
20251226000231,20251226,코스피,에쓰씨엔지니어링,023960,주식등의대량보유상황보고서(약식),비에스제이홀딩스
20251226000203,20251226,코스닥,HEM파마,376270,주식등의대량보유상황보고서(일반),지요셉
20251226000168,20251226,코스닥,한국큐빅,021650,주식등의대량보유상황보고서(일반),삼영무역
20251226000161,20251226,코스닥,엔켐,348370,주식등의대량보유상황보고서(약식),삼성자산운용
20251226000078,20251226,코스닥,오브젠,417860,주식등의대량보유상황보고서(일반),전배문
20251226000071,20251226,코스닥,다보링크,340360,주식등의대량보유상황보고서(약식),코프리즘 제1호 조합
20251226000030,20251226,코스닥,태성,323280,주식등의대량보유상황보고서(일반),김종학
20251226000029,20251226,코스닥,아이지넷,462980,주식등의대량보유상황보고서(일반),김창균
20251226000023,20251226,코스닥,알지노믹스,476830,주식등의대량보유상황보고서(약식),케이비인베스트먼트
20251224000764,20251224,코스피,에쓰씨엔지니어링,023960,주식등의대량보유상황보고서(일반),반도홀딩스
20251224000762,20251224,코스닥,CSA 코스믹,083660,주식등의대량보유상황보고서(일반),브이핑크홀딩스
20251224000761,20251224,코스피,에쓰씨엔지니어링,023960,주식등의대량보유상황보고서(약식),파트너스홀딩스
20251224000748,20251224,코스피,아남전자,008700,주식등의대량보유상황보고서(일반),아남
20251224000744,20251224,코스닥,알지노믹스,476830,주식등의대량보유상황보고서(약식),에이온인베스트먼트
20251224000741,20251224,코스닥,비아이매트릭스,413640,주식등의대량보유상황보고서(일반),배영근
20251224000734,20251224,코스닥,우듬지팜,403490,주식등의대량보유상황보고서(일반),김호연
20251224000708,20251224,코스닥,온코크로스,382150,주식등의대량보유상황보고서(일반),김이랑
20251224000703,20251224,코스닥,해성옵틱스,076610,주식등의대량보유상황보고서(약식),안광호
20251224000700,20251224,코스피,유나이티드,033270,주식등의대량보유상황보고서(일반),강덕영
20251224000695,20251224,코스닥,우원개발,046940,주식등의대량보유상황보고서(일반),신영임
20251224000690,20251224,코스피,유니드비티플러스,446070,주식등의대량보유상황보고서(일반),유니드글로벌상사
20251224000681,20251224,코스닥,에스디생명공학,217480,주식등의대량보유상황보고서(약식),수성자산운용
20251224000678,20251224,코스닥,씨앤지하이테크,264660,주식등의대량보유상황보고서(일반),홍사문
20251224000676,20251224,코스피,엔피씨,004250,주식등의대량보유상황보고서(일반),임익성
20251224000674,20251224,코스닥,알지노믹스,476830,주식등의대량보유상황보고서(약식),파트너스8호성장지원투자조합
20251224000673,20251224,코스닥,베뉴지,019010,[기재정정]주식등의대량보유상황보고서(일반),배진한
20251224000668,20251224,코스피,유니드,014830,주식등의대량보유상황보고서(일반),유니드글로벌상사
20251224000666,20251224,코스닥,파수AI,150900,주식등의대량보유상황보고서(일반),조규곤
20251224000651,20251224,코스닥,아이앤씨,052860,주식등의대량보유상황보고서(일반),박창일
20251224000648,20251224,코스피,LG,003550,주식등의대량보유상황보고서(일반),학교법인LG연암학원
20251224000646,20251224,코스닥,알트,459550,주식등의대량보유상황보고서(일반),이상수
20251224000644,20251224,코스닥,펄어비스,263750,주식등의대량보유상황보고서(일반),김대일
20251224000643,20251224,코스피,대덕,008060,주식등의대량보유상황보고서(일반),김영재
20251224000637,20251224,코스닥,성원에너텍,340930,주식등의대량보유상황보고서(일반),정연길
20251224000612,20251224,코스닥,코칩,126730,주식등의대량보유상황보고서(일반),손진형
20251224000594,20251224,코스닥,미래에셋비전스팩11호,0099W0,주식등의대량보유상황보고서(약식),와이지인베스트먼트
20251224000592,20251224,코스닥,아스테라시스,450950,주식등의대량보유상황보고서(일반),서은택
20251224000591,20251224,코스피,까뮤이앤씨,013700,주식등의대량보유상황보고서(일반),베이스
20251224000577,20251224,코스닥,바이젠셀,308080,주식등의대량보유상황보고서(일반),가은글로벌
20251224000575,20251224,코스피,성문전자,014910,주식등의대량보유상황보고서(일반),신준섭
20251224000573,20251224,코스닥,올릭스,226950,주식등의대량보유상황보고서(일반),이동기
20251224000571,20251224,코스닥,다이나믹솔루션,290660,주식등의대량보유상황보고서(약식),플레르 신기술조합 제91호
20251224000567,20251224,코스닥,리메드,302550,주식등의대량보유상황보고서(일반),이근용
20251224000566,20251224,코스피,고려아연,010130,주식등의대량보유상황보고서(일반),한국기업투자홀딩스
20251224000565,20251224,코스닥,브이티,018290,주식등의대량보유상황보고서(일반),정철
20251224000562,20251224,코스닥,폰드그룹,472850,주식등의대량보유상황보고서(일반),대명화학
20251224000546,20251224,코스피,고려아연,010130,주식등의대량보유상황보고서(일반),영풍
20251224000536,20251224,코스닥,소프트센,032680,주식등의대량보유상황보고서(일반),홍콩셩다국제유한공사
20251224000534,20251224,코스닥,이원컴포텍,088290,주식등의대량보유상황보고서(일반),래인파트너스
20251224000532,20251224,코스피,GS,078930,주식등의대량보유상황보고서(일반),허창수
20251224000523,20251224,코스닥,IBKS제25호스팩,0099X0,주식등의대량보유상황보고서(약식),마일스톤자산운용
20251224000517,20251224,코스피,에스엠벡셀,010580,주식등의대량보유상황보고서(일반),에스엠하이플러스
20251224000516,20251224,코스피,다이나믹디자인,145210,주식등의대량보유상황보고서(약식),미래에스피씨
20251224000515,20251224,코스닥,미래에셋비전스팩11호,0099W0,주식등의대량보유상황보고서(일반),에이씨피씨
20251224000496,20251224,코스닥,디에이피,066900,주식등의대량보유상황보고서(일반),대명화학
20251224000473,20251224,코스닥,RF머트리얼즈,327260,주식등의대량보유상황보고서(일반),한기우
20251224000463,20251224,코스닥,바텍,043150,주식등의대량보유상황보고서(약식),피델리티매니지먼트앤리서치컴퍼니엘엘씨
20251224000462,20251224,코스닥,하나36호스팩,0101C0,주식등의대량보유상황보고서(일반),에이씨피씨
20251224000450,20251224,코스피,금강공업,014280,주식등의대량보유상황보고서(일반),안영순
20251224000431,20251224,코스닥,안트로젠,065660,[기재정정]주식등의대량보유상황보고서(일반),이성구
20251224000430,20251224,코스닥,드림인사이트,362990,주식등의대량보유상황보고서(일반),김기철
20251224000428,20251224,코스닥,안트로젠,065660,[기재정정]주식등의대량보유상황보고서(일반),이성구
20251224000420,20251224,코스닥,안트로젠,065660,[기재정정]주식등의대량보유상황보고서(일반),이성구
20251224000400,20251224,코스닥,엘앤씨바이오,290650,주식등의대량보유상황보고서(일반),이환철
20251224000393,20251224,코스피,온타이드,005320,주식등의대량보유상황보고서(일반),크리스에프앤씨
20251224000385,20251224,코스닥,원익IPS,240810,주식등의대량보유상황보고서(일반),원익홀딩스
20251224000321,20251224,코스닥,선진뷰티사이언스,086710,주식등의대량보유상황보고서(일반),이성호
20251224000294,20251224,코스닥,씨엠티엑스,388210,주식등의대량보유상황보고서(약식),케이투인베스트먼트파트너스
20251224000278,20251224,코스닥,스페코,013810,주식등의대량보유상황보고서(일반),김종섭
20251224000268,20251224,코스닥,알체라,347860,주식등의대량보유상황보고서(일반),황영규
20251224000261,20251224,코스닥,이오플로우,294090,주식등의대량보유상황보고서(약식),CitadelAdvisorsLLC
20251224000229,20251224,코스피,대한해운,005880,주식등의대량보유상황보고서(일반),에스엠상선
20251224000209,20251224,코스피,에이엔피,015260,주식등의대량보유상황보고서(일반),와이에스피
20251224000206,20251224,코스닥,나라스페이스테크놀로지,478340,주식등의대량보유상황보고서(약식),포스코기술투자
20251224000205,20251224,코스피,한국타이어앤테크놀로지,161390,주식등의대량보유상황보고서(일반),한국앤컴퍼니
20251224000131,20251224,코스닥,드래곤플라이,030350,주식등의대량보유상황보고서(약식),에이치피앤케이인베스트먼트
20251224000107,20251224,코스닥,노바렉스,194700,주식등의대량보유상황보고서(일반),권석형
20251224000104,20251224,코스닥,코아스템켐온,166480,주식등의대량보유상황보고서(일반),김경숙
20251224000081,20251224,코스피,미원화학,134380,주식등의대량보유상황보고서(일반),김정돈
20251224000080,20251224,코스피,삼익악기,002450,주식등의대량보유상황보고서(일반),스페코
20251224000076,20251224,코스닥,IBKS제25호스팩,0099X0,주식등의대량보유상황보고서(일반),에이씨피씨
20251224000062,20251224,코스닥,에프에스티,036810,주식등의대량보유상황보고서(일반),장명식
20251224000045,20251224,코스닥,레이,228670,주식등의대량보유상황보고서(일반),레이홀딩스
20251224000037,20251224,코스닥,오로스테크놀로지,322310,주식등의대량보유상황보고서(일반),에프에스티
20251223000889,20251224,코스닥,베뉴지,019010,주식등의대량보유상황보고서(일반),배진한
20251223000881,20251224,코스닥,보성파워텍,006910,주식등의대량보유상황보고서(일반),임재황
20251223000880,20251223,코스닥,인카금융서비스,211050,주식등의대량보유상황보고서(일반),김선식
20251223000879,20251223,코스닥,케이엔알시스템,199430,주식등의대량보유상황보고서(일반),김명한
20251223000877,20251223,코스닥,코스리거글로벌,043710,주식등의대량보유상황보고서(일반),세심
20251223000873,20251223,코스닥,보성파워텍,006910,주식등의대량보유상황보고서(일반),임재황
20251223000864,20251223,코스닥,크레버스,096240,주식등의대량보유상황보고서(일반),김영화
20251223000857,20251223,코스닥,미래에셋벤처투자,100790,[기재정정]주식등의대량보유상황보고서(일반),미래에셋증권
20251223000854,20251223,코스피,사조산업,007160,주식등의대량보유상황보고서(일반),주진우
20251223000831,20251223,코스피,두산로보틱스,454910,주식등의대량보유상황보고서(일반),두산
20251223000829,20251223,코스피,비비안,002070,주식등의대량보유상황보고서(약식),이니텍
20251223000823,20251223,코스피,사조대림,003960,주식등의대량보유상황보고서(일반),사조산업
20251223000818,20251223,코스닥,보성파워텍,006910,주식등의대량보유상황보고서(일반),임도수
20251223000811,20251223,코스닥,모다이노칩,080420,주식등의대량보유상황보고서(일반),대명화학
20251223000793,20251223,코스피,한샘,009240,주식등의대량보유상황보고서(일반),하임
20251223000791,20251223,코스닥,보성파워텍,006910,주식등의대량보유상황보고서(일반),임도수
20251223000783,20251223,코스피,iM금융지주,139130,[기재정정]주식등의대량보유상황보고서(약식),오케이저축은행
20251223000763,20251223,코스피,한미사이언스,008930,주식등의대량보유상황보고서(일반),임종윤
20251223000759,20251223,코스닥,와이제이링크,209640,주식등의대량보유상황보고서(일반),박순일
20251223000754,20251223,코스피,한미사이언스,008930,주식등의대량보유상황보고서(일반),임종훈
20251223000718,20251223,코스닥,에르코스,435570,주식등의대량보유상황보고서(일반),김슬기
20251223000716,20251223,코스닥,하나36호스팩,0101C0,주식등의대량보유상황보고서(일반),하나증권
20251223000691,20251223,코스닥,솔브레인홀딩스,036830,주식등의대량보유상황보고서(일반),정지완
20251223000689,20251223,코스닥,솔브레인,357780,주식등의대량보유상황보고서(일반),정지완
20251223000687,20251223,코스닥,원익IPS,240810,주식등의대량보유상황보고서(약식),미래에셋자산운용
20251223000686,20251223,코스닥,케이피엠테크,042040,주식등의대량보유상황보고서(약식),상상인저축은행
20251223000657,20251223,코스피,차AI헬스케어,025620,주식등의대량보유상황보고서(약식),에코20조합
20251223000650,20251223,코스피,한창제지,009460,주식등의대량보유상황보고서(일반),김승한
20251223000649,20251223,코스닥,삼진식품,0013V0,주식등의대량보유상황보고서(약식),TS인베스트먼트
20251223000648,20251223,코스피,온타이드,005320,주식등의대량보유상황보고서(약식),아트만-JB 신기술투자조합 제1호
20251223000591,20251223,코스닥,아이티엠반도체,084850,주식등의대량보유상황보고서(일반),NICE
20251223000576,20251223,코스닥,삼진식품,0013V0,주식등의대량보유상황보고서(일반),박용준
20251223000572,20251223,코스닥,스튜디오미르,408900,주식등의대량보유상황보고서(일반),유재명
20251223000555,20251223,코스닥,엠케이전자,033160,주식등의대량보유상황보고서(일반),오션비홀딩스
20251223000554,20251223,코스피,디아이씨,092200,주식등의대량보유상황보고서(일반),김성문
20251223000537,20251223,코스닥,에프앤가이드,064850,주식등의대량보유상황보고서(일반),김군호
20251223000521,20251223,코스닥,에코글로우,159910,주식등의대량보유상황보고서(약식),서룡전자
20251223000518,20251223,코스닥,와이엠,007530,주식등의대량보유상황보고서(일반),선지영
20251223000514,20251223,코스닥,에스넷,038680,주식등의대량보유상황보고서(일반),박효대
20251223000493,20251223,코스닥,중앙첨단소재,051980,주식등의대량보유상황보고서(일반),광무
20251223000491,20251223,코스닥,네패스,033640,주식등의대량보유상황보고서(일반),이창우
20251223000488,20251223,코스닥,나무에이엑스,242040,주식등의대량보유상황보고서(일반),이수병
20251223000471,20251223,코스닥,누리플렉스,040160,주식등의대량보유상황보고서(일반),NuriFlexHoldingsINC
20251223000412,20251223,코스닥,RF시스템즈,474610,주식등의대량보유상황보고서(일반),RF머트리얼즈
20251223000405,20251223,코스닥,아크릴,0007C0,주식등의대량보유상황보고서(약식),남상윤
20251223000394,20251223,코스닥,아크릴,0007C0,주식등의대량보유상황보고서(일반),박외진
20251223000283,20251223,코스닥,DH오토웨어,025440,주식등의대량보유상황보고서(일반),디에이치글로벌
20251223000212,20251223,코스피,HD현대마린솔루션,443060,주식등의대량보유상황보고서(약식),THEGOVERNMENTOFSINGAPORE
20251223000211,20251223,코스닥,키이스트,054780,주식등의대량보유상황보고서(일반),에스엠
20251223000097,20251223,코스닥,케이아이엔엑스,093320,주식등의대량보유상황보고서(약식),MiriCapitalManagementLLC
20251223000096,20251223,코스닥,나라스페이스테크놀로지,478340,주식등의대량보유상황보고서(약식),아이엠투자파트너스
20251223000095,20251223,코스닥,토비스,051360,주식등의대량보유상황보고서(약식),브이아이피자산운용
20251223000083,20251223,코스닥,캔버스엔,210120,주식등의대량보유상황보고서(일반),디비투자조합
20251223000003,20251223,코스닥,IBKS제25호스팩,0099X0,주식등의대량보유상황보고서(일반),아이비케이투자증권
20251222000526,20251223,코스닥,미래에셋벤처투자,100790,주식등의대량보유상황보고서(일반),미래에셋증권
20251222000522,20251222,코스닥,서울바이오시스,092190,주식등의대량보유상황보고서(일반),서울반도체
20251222000517,20251222,코스피,블루산업개발,006740,[기재정정]주식등의대량보유상황보고서(일반),피엠에이조합
20251222000511,20251222,코스닥,코맥스,036690,주식등의대량보유상황보고서(일반),경동나비엔
20251222000509,20251222,코스닥,코맥스,036690,주식등의대량보유상황보고서(일반),변우석
20251222000508,20251222,코스닥,알엔티엑스,123010,주식등의대량보유상황보고서(일반),알엔투테크놀로지
20251222000505,20251222,코스닥,딥노이드,315640,주식등의대량보유상황보고서(일반),최우식
20251222000500,20251222,코스피,iM금융지주,139130,주식등의대량보유상황보고서(약식),오케이저축은행
20251222000494,20251222,코스피,에이플러스에셋,244920,주식등의대량보유상황보고서(일반),곽근호
20251222000480,20251222,코스닥,메리츠제1호스팩,0088D0,주식등의대량보유상황보고서(일반),메리츠증권
20251222000467,20251222,코스피,한국토지신탁,034830,주식등의대량보유상황보고서(일반),엠케이인베스트먼트
20251222000465,20251222,코스닥,코미코,183300,주식등의대량보유상황보고서(일반),미코
20251222000442,20251222,코스닥,하나머티리얼즈,166090,주식등의대량보유상황보고서(일반),하나마이크론
20251222000436,20251222,코스피,유나이티드,033270,주식등의대량보유상황보고서(일반),강덕영
20251222000419,20251222,코스피,종근당홀딩스,001630,주식등의대량보유상황보고서(일반),이장한
20251222000416,20251222,코스피,에이플러스에셋,244920,주식등의대량보유상황보고서(일반),얼라인파트너스자산운용
20251222000414,20251222,코스닥,HLB이노베이션,024850,주식등의대량보유상황보고서(일반),HLB
20251222000374,20251222,코스닥,에임드바이오,0009K0,주식등의대량보유상황보고서(약식),에스엠비투자파트너스
20251222000366,20251222,코스닥,아크릴,0007C0,주식등의대량보유상황보고서(약식),티그리스인베스트먼트
20251222000354,20251222,코스닥,동구바이오제약,006620,주식등의대량보유상황보고서(일반),조용준
20251222000344,20251222,코스닥,코세스,089890,주식등의대량보유상황보고서(일반),박명순
20251222000340,20251222,코스닥,다보링크,340360,주식등의대량보유상황보고서(일반),테라사이언스
20251222000328,20251222,코스닥,팅크웨어,084730,주식등의대량보유상황보고서(일반),유비벨록스
20251222000324,20251222,코스닥,티엘비,356860,주식등의대량보유상황보고서(약식),MORGANSTANLEY&COINTLPLC
20251222000322,20251222,코스피,크래프톤,259960,주식등의대량보유상황보고서(일반),장병규
20251222000301,20251222,코스닥,미래에셋비전스팩11호,0099W0,주식등의대량보유상황보고서(일반),미래에셋증권
20251222000294,20251222,코스닥,경남스틸,039240,주식등의대량보유상황보고서(일반),최충경
20251222000284,20251222,코스닥,디지틀조선,033130,주식등의대량보유상황보고서(약식),박영옥
20251222000280,20251222,코스닥,파인엠텍,441270,주식등의대량보유상황보고서(일반),홍성천
20251222000279,20251222,코스닥,이엠텍,091120,주식등의대량보유상황보고서(일반),정승규
20251222000267,20251222,코스피,농심,004370,주식등의대량보유상황보고서(일반),신동원
20251222000260,20251222,코스피,종근당,185750,주식등의대량보유상황보고서(일반),이장한
20251222000218,20251222,코스피,이노션,214320,주식등의대량보유상황보고서(일반),정성이
20251222000211,20251222,코스닥,피엔티,137400,주식등의대량보유상황보고서(일반),김준섭
20251222000181,20251222,코스닥,삼표시멘트,038500,주식등의대량보유상황보고서(일반),삼표산업
20251222000163,20251222,코스닥,HC보광산업,225530,주식등의대량보유상황보고서(일반),HC홈센타
20251222000159,20251222,코스닥,HC홈센타,060560,주식등의대량보유상황보고서(일반),에이치씨파트너스
20251222000153,20251222,코스피,인터지스,129260,주식등의대량보유상황보고서(일반),동국홀딩스
20251222000105,20251222,코스닥,대성하이텍,129920,주식등의대량보유상황보고서(일반),최호형
20251222000095,20251222,코스닥,IBKS제25호스팩,0099X0,주식등의대량보유상황보고서(일반),제이비우리캐피탈
20251222000088,20251222,코스닥,동일금속,109860,주식등의대량보유상황보고서(일반),오길봉
20251222000076,20251222,코스닥,프롬바이오,377220,주식등의대량보유상황보고서(일반),심태진
20251222000075,20251222,코스닥,국전,307750,주식등의대량보유상황보고서(일반),홍종호
20251222000067,20251222,코스닥,아이비김영,339950,주식등의대량보유상황보고서(일반),메가스터디교육
20251222000066,20251222,코스피,엘앤에프,066970,주식등의대량보유상황보고서(일반),새로닉스
20251222000053,20251222,코스닥,KBI메탈,024840,주식등의대량보유상황보고서(일반),케이비아이국인산업
20251222000044,20251222,코스닥,에이엘티,172670,주식등의대량보유상황보고서(일반),천병태
20251222000013,20251222,코스피,티엠씨,217590,주식등의대량보유상황보고서(약식),펙투스-제이비우리 신기술사업투자조합 제1호
20251222000009,20251222,코스피,한국앤컴퍼니,000240,주식등의대량보유상황보고서(일반),조현범
20251222000006,20251222,코스닥,엑스큐어,070300,주식등의대량보유상황보고서(일반),브이에스티디(VSTD)투자조합
20251222000005,20251222,코스피,한독,002390,주식등의대량보유상황보고서(일반),김영진
20251219000588,20251222,코스닥,나라스페이스테크놀로지,478340,주식등의대량보유상황보고서(약식),비엔케이벤처투자
20251219000587,20251219,코스닥,인카금융서비스,211050,주식등의대량보유상황보고서(일반),최병채
20251219000586,20251219,코스닥,노을,376930,주식등의대량보유상황보고서(일반),"MSEED,INC."
20251219000583,20251219,코스피,블루산업개발,006740,주식등의대량보유상황보고서(일반),피엠에이조합
20251219000573,20251219,코스닥,코퍼스코리아,322780,주식등의대량보유상황보고서(약식),이노베이션1호조합
20251219000572,20251219,코스닥,코퍼스코리아,322780,주식등의대량보유상황보고서(일반),그린그로쓰
20251219000570,20251219,코스피,미래에셋증권,006800,주식등의대량보유상황보고서(일반),미래에셋캐피탈
20251219000556,20251219,코스닥,세종텔레콤,036630,주식등의대량보유상황보고서(일반),세종
20251219000553,20251219,코스닥,더블유씨피,393890,주식등의대량보유상황보고서(일반),W-SCOPECORPORATION
20251219000549,20251219,코스닥,크리스탈신소재,900250,주식등의대량보유상황보고서(일반),SHANSHANINVESTMENTHOLDINGSLIMITED
20251219000547,20251219,코스닥,크리스탈신소재,900250,주식등의대량보유상황보고서(일반),"NEWARKINVESTMENTCO.,LTD"
20251219000533,20251219,코스닥,크리스탈신소재,900250,주식등의대량보유상황보고서(일반),DAI ZHONGQIU
20251219000494,20251219,코스닥,페니트리움바이오,187660,주식등의대량보유상황보고서(일반),현대바이오
20251219000489,20251219,코스닥,에스피지,058610,주식등의대량보유상황보고서(일반),이준호
20251219000488,20251219,코스닥,쿼드메디슨,464490,주식등의대량보유상황보고서(약식),키움인베스트먼트
20251219000487,20251219,코스닥,롤링스톤,214610,주식등의대량보유상황보고서(약식),김우찬
20251219000481,20251219,코스피,경방,000050,주식등의대량보유상황보고서(일반),김담
20251219000473,20251219,코스피,씨아이테크,004920,주식등의대량보유상황보고서(일반),씨엔씨기술
20251219000472,20251219,코스닥,FSN,214270,주식등의대량보유상황보고서(일반),제이투비
20251219000452,20251219,코스닥,뉴온,123840,주식등의대량보유상황보고서(일반),케이피엠테크
20251219000442,20251219,코스닥,HLB제넥스,187420,주식등의대량보유상황보고서(일반),HLB
20251219000438,20251219,코스닥,인티큐브,070590,주식등의대량보유상황보고서(일반),플레이버스
20251219000437,20251219,코스닥,HEM파마,376270,주식등의대량보유상황보고서(일반),지요셉
20251219000435,20251219,코스피,DB하이텍,000990,주식등의대량보유상황보고서(약식),미래에셋자산운용
20251219000430,20251219,코스닥,베노티앤알,206400,주식등의대량보유상황보고서(일반),라미쿠스
20251219000428,20251219,코스닥,영우디에스피,143540,주식등의대량보유상황보고서(일반),박금성
20251219000427,20251219,코스닥,나라스페이스테크놀로지,478340,주식등의대량보유상황보고서(일반),박재필
20251219000426,20251219,코스닥,이지스,261520,주식등의대량보유상황보고서(일반),김성호
20251219000416,20251219,코스피,율촌화학,008730,주식등의대량보유상황보고서(일반),신동윤
20251219000398,20251219,코스피,두산밥캣,241560,주식등의대량보유상황보고서(일반),두산에너빌리티
20251219000397,20251219,코스피,엠앤씨솔루션,484870,주식등의대량보유상황보고서(일반),소시어스웰투시인베스트먼트제2호기업재무안정
20251219000394,20251219,코스닥,알지노믹스,476830,주식등의대량보유상황보고서(약식),한국산업은행
20251219000390,20251219,코스닥,교보19호스팩,0098T0,주식등의대량보유상황보고서(약식),에스앤에스인베스트먼트
20251219000389,20251219,코스닥,인티큐브,070590,주식등의대량보유상황보고서(일반),한솔홀딩스
20251219000383,20251219,코스피,엠앤씨솔루션,484870,[기재정정]주식등의대량보유상황보고서(일반),소시어스웰투시인베스트먼트제2호기업재무안정
20251219000376,20251219,코스피,LS,006260,주식등의대량보유상황보고서(일반),구자열
20251219000369,20251219,코스닥,APS이노베이션,079810,주식등의대량보유상황보고서(일반),APS
20251219000360,20251219,코스닥,LSK아이로봇,091970,주식등의대량보유상황보고서(약식),상상인저축은행
20251219000344,20251219,코스닥,와이지-원,019210,주식등의대량보유상황보고서(일반),송호근
20251219000328,20251219,코스피,아이마켓코리아,122900,주식등의대량보유상황보고서(일반),그래디언트
20251219000325,20251219,코스닥,현대바이오,048410,주식등의대량보유상황보고서(일반),씨앤팜
20251219000313,20251219,코스닥,서진시스템,178320,주식등의대량보유상황보고서(일반),전동규
20251219000301,20251219,코스피,이수페타시스,007660,주식등의대량보유상황보고서(약식),J.P.MORGANSECURITIESPLC
20251219000272,20251219,코스닥,헥토이노베이션,214180,주식등의대량보유상황보고서(일반),이경민
20251219000254,20251219,코스피,SB성보,003080,주식등의대량보유상황보고서(일반),윤정선
20251219000193,20251219,코스닥,유일로보틱스,388720,주식등의대량보유상황보고서(일반),김동헌
20251219000183,20251219,코스닥,야스,255440,주식등의대량보유상황보고서(일반),정광호
20251219000156,20251219,코스닥,SY동아,041930,주식등의대량보유상황보고서(일반),임경식
20251219000138,20251219,코스피,윌비스,008600,주식등의대량보유상황보고서(일반),전병현
20251219000115,20251219,코스닥,코텍,052330,주식등의대량보유상황보고서(일반),아이디스홀딩스
20251219000084,20251219,코스닥,알트,459550,주식등의대량보유상황보고서(약식),릴슨-JD TOP 조합
20251219000077,20251219,코스피,트리니티항공,091810,주식등의대량보유상황보고서(약식),DB증권
20251219000064,20251219,코스닥,넥스트칩,396270,주식등의대량보유상황보고서(일반),앤씨앤
20251219000047,20251219,코스닥,리드코프,012700,주식등의대량보유상황보고서(일반),디케이마린
20251218000505,20251219,코스닥,나라스페이스테크놀로지,478340,주식등의대량보유상황보고서(약식),하나벤처스
20251218000498,20251218,코스닥,CNT85,056730,주식등의대량보유상황보고서(일반),신안캐피탈
20251218000476,20251218,코스닥,하이드로리튬,101670,주식등의대량보유상황보고서(일반),전웅
20251218000471,20251218,코스닥,코퍼스코리아,322780,주식등의대량보유상황보고서(일반),오영섭
20251218000468,20251218,코스닥,지놈앤컴퍼니,314130,주식등의대량보유상황보고서(약식),파라투스뉴노멀티씨비사모투자
20251218000466,20251218,코스닥,와이바이오로직스,338840,주식등의대량보유상황보고서(일반),박영우
20251218000463,20251218,코스닥,큐리오시스,494120,주식등의대량보유상황보고서(약식),신한캐피탈
20251218000462,20251218,코스피,오리온,271560,주식등의대량보유상황보고서(일반),오리온홀딩스
20251218000459,20251218,코스피,삼성제약,001360,주식등의대량보유상황보고서(일반),젬백스
20251218000458,20251218,코스피,셀트리온,068270,주식등의대량보유상황보고서(일반),셀트리온홀딩스
20251218000451,20251218,코스닥,보로노이,310210,주식등의대량보유상황보고서(일반),김현태
20251218000427,20251218,코스피,다우기술,023590,주식등의대량보유상황보고서(일반),다우데이타
20251218000393,20251218,코스닥,꿈비,407400,주식등의대량보유상황보고서(일반),박영건
20251218000390,20251218,코스피,팜젠사이언스,004720,주식등의대량보유상황보고서(일반),한의상
20251218000376,20251218,코스닥,크레오에스지,040350,주식등의대량보유상황보고서(일반),큐로홀딩스
20251218000370,20251218,코스피,씨에스윈드,112610,주식등의대량보유상황보고서(일반),김성권
20251218000369,20251218,코스닥,코퍼스코리아,322780,주식등의대량보유상황보고서(일반),리버스에이징
20251218000368,20251218,코스닥,헝셩그룹,900270,주식등의대량보유상황보고서(일반),후이훙위엔
20251218000361,20251218,코스닥,큐로홀딩스,051780,주식등의대량보유상황보고서(일반),케이파트너스
20251218000353,20251218,코스닥,에이치엔에스하이텍,044990,주식등의대량보유상황보고서(일반),김정희
20251218000349,20251218,코스닥,셀바스헬스케어,208370,주식등의대량보유상황보고서(일반),셀바스AI
20251218000345,20251218,코스피,팜젠사이언스,004720,주식등의대량보유상황보고서(일반),에이치디투자조합
20251218000331,20251218,코스닥,덱스터,206560,주식등의대량보유상황보고서(일반),김용화
20251218000321,20251218,코스닥,차바이오텍,085660,주식등의대량보유상황보고서(일반),차광렬
20251218000319,20251218,코스피,케이씨티시,009070,주식등의대량보유상황보고서(약식),이중호
20251218000300,20251218,코스닥,소프트센,032680,주식등의대량보유상황보고서(일반),홍콩셩다국제유한공사
20251218000293,20251218,코스피,케이씨티시,009070,주식등의대량보유상황보고서(일반),이기화
20251218000287,20251218,코스닥,제노레이,122310,주식등의대량보유상황보고서(일반),박병욱
20251218000236,20251218,코스닥,아시아경제,127710,주식등의대량보유상황보고서(일반),올인이룸
20251218000129,20251218,코스피,핸즈코퍼레이션,143210,주식등의대량보유상황보고서(일반),승현창
20251218000113,20251218,코스피,태림포장,011280,주식등의대량보유상황보고서(일반),태림페이퍼
20251218000096,20251218,코스피,티엠씨,217590,주식등의대량보유상황보고서(일반),케이피에프
20251218000092,20251218,코스피,한농화성,011500,주식등의대량보유상황보고서(일반),김응상
20251218000088,20251218,코스닥,에코프로,086520,주식등의대량보유상황보고서(일반),이동채
20251218000080,20251218,코스닥,나라셀라,405920,주식등의대량보유상황보고서(일반),나라로지스틱스
20251218000071,20251218,코스닥,엠브레인,169330,주식등의대량보유상황보고서(일반),"MACROMILL,INC."
20251218000063,20251218,코스닥,엠브레인,169330,주식등의대량보유상황보고서(일반),"MACROMILL,INC."
20251218000046,20251218,코스피,케이티,030200,주식등의대량보유상황보고서(약식),WellingtonManagementCompanyLLP
20251218000007,20251218,코스닥,클로봇,466100,주식등의대량보유상황보고서(약식),J.P.MORGANSECURITIESPLC
20251217000586,20251217,코스피,새론오토모티브,075180,주식등의대량보유상황보고서(일반),김형인
20251217000585,20251217,코스닥,아이진,185490,주식등의대량보유상황보고서(일반),한국비엠아이
20251217000577,20251217,코스피,코오롱,002020,주식등의대량보유상황보고서(일반),이웅열
20251217000569,20251217,코스닥,에코캡,128540,주식등의대량보유상황보고서(일반),김창규
20251217000546,20251217,코스닥,유진스팩12호,0105P0,주식등의대량보유상황보고서(일반),유진증권
20251217000525,20251217,코스피,아이에스동서,010780,주식등의대량보유상황보고서(일반),권혁운
20251217000520,20251217,코스피,아세아,002030,주식등의대량보유상황보고서(약식),브이아이피자산운용
20251217000514,20251217,코스닥,누보,332290,주식등의대량보유상황보고서(약식),노틱그린이노베이션이에스지사모투자
20251217000512,20251217,코스닥,에코글로우,159910,주식등의대량보유상황보고서(일반),더편한
20251217000490,20251217,코스닥,나라스페이스테크놀로지,478340,주식등의대량보유상황보고서(약식),한국산업은행
20251217000484,20251217,코스닥,신테카바이오,226330,주식등의대량보유상황보고서(일반),정종선
20251217000477,20251217,코스닥,금강철강,053260,주식등의대량보유상황보고서(일반),주광남
20251217000473,20251217,코스닥,이노테크,469610,주식등의대량보유상황보고서(약식),케이비증권
20251217000408,20251217,코스피,한화,000880,주식등의대량보유상황보고서(일반),김승연
20251217000391,20251217,코스닥,엑시온그룹,069920,주식등의대량보유상황보고서(약식),최계림
20251217000388,20251217,코스닥,오브젠,417860,주식등의대량보유상황보고서(약식),키움-아우름 글로벌 소프트웨어 신기술사업투자조합
20251217000378,20251217,코스닥,인트론바이오,048530,주식등의대량보유상황보고서(일반),윤성준
20251217000368,20251217,코스닥,쿼드메디슨,464490,주식등의대량보유상황보고서(일반),백승기
20251217000366,20251217,코스닥,페스카로,0015S0,주식등의대량보유상황보고서(약식),한화투자증권
20251217000359,20251217,코스닥,한국정보통신,025770,주식등의대량보유상황보고서(일반),박헌서
20251217000343,20251217,코스닥,이상네트웍스,080010,주식등의대량보유상황보고서(약식),하성일
20251217000291,20251217,코스닥,그리티,204020,주식등의대량보유상황보고서(일반),문영우
20251217000278,20251217,코스닥,아리바이오홀딩스,290690,주식등의대량보유상황보고서(일반),정재준
20251217000261,20251217,코스피,시알홀딩스,000480,주식등의대량보유상황보고서(일반),이인옥
20251217000224,20251217,코스피,KBI동양철관,008970,주식등의대량보유상황보고서(일반),케이비아이동국실업
20251217000183,20251217,코스닥,교보19호스팩,0098T0,주식등의대량보유상황보고서(약식),라이언자산운용
20251217000170,20251217,코스닥,비츠로시스,054220,주식등의대량보유상황보고서(일반),브이에이치1
20251217000136,20251217,코스피,서흥,008490,주식등의대량보유상황보고서(일반),양주환
20251217000070,20251217,코스피,세우글로벌,013000,주식등의대량보유상황보고서(일반),안백순
20251217000049,20251217,코스닥,캔버스엔,210120,주식등의대량보유상황보고서(일반),디비투자조합
20251217000044,20251217,코스닥,모비스,250060,주식등의대량보유상황보고서(약식),안다에이치자산운용
20251217000043,20251217,코스닥,SM Life Design,063440,주식등의대량보유상황보고서(약식),엔레벨
20251217000002,20251217,코스닥,제이에스링크,127120,주식등의대량보유상황보고서(일반),주성씨앤에어
20251216000497,20251216,코스닥,SY동아,041930,주식등의대량보유상황보고서(일반),삼영파트너스
20251216000490,20251216,코스닥,엠젠솔루션,032790,주식등의대량보유상황보고서(약식),상상인저축은행
20251216000476,20251216,코스닥,핑거,163730,주식등의대량보유상황보고서(일반),박민수
20251216000456,20251216,코스닥,코퍼스코리아,322780,주식등의대량보유상황보고서(일반),오영섭
20251216000450,20251216,코스피,한미사이언스,008930,주식등의대량보유상황보고서(일반),임종윤
20251216000448,20251216,코스피,한미사이언스,008930,주식등의대량보유상황보고서(일반),임종훈
20251216000445,20251216,코스닥,알트,459550,주식등의대량보유상황보고서(약식),비디씨랩스
20251216000443,20251216,코스닥,티로보틱스,117730,주식등의대량보유상황보고서(일반),안승욱
20251216000439,20251216,코스닥,디지캡,197140,주식등의대량보유상황보고서(일반),한국렌탈
20251216000437,20251216,코스닥,사토시홀딩스,223310,주식등의대량보유상황보고서(약식),한국첨단소재
20251216000436,20251216,코스닥,파라택시스코리아,288330,주식등의대량보유상황보고서(일반),PARATAXISKOREAFUNDILLC
20251216000423,20251216,코스피,까뮤이앤씨,013700,주식등의대량보유상황보고서(일반),베이스
20251216000422,20251216,코스닥,가비아,079940,주식등의대량보유상황보고서(일반),얼라인파트너스자산운용
20251216000419,20251216,코스피,아이에스동서,010780,[기재정정]주식등의대량보유상황보고서(일반),권혁운
20251216000418,20251216,코스닥,사토시홀딩스,223310,주식등의대량보유상황보고서(일반),메타플렉스
20251216000416,20251216,코스피,우진,105840,주식등의대량보유상황보고서(일반),이재원
20251216000400,20251216,코스닥,SV인베스트먼트,289080,주식등의대량보유상황보고서(일반),박성호
20251216000396,20251216,코스닥,에코앤드림,101360,주식등의대량보유상황보고서(일반),김민용
20251216000389,20251216,코스피,디와이에이,002880,주식등의대량보유상황보고서(일반),영일이
20251216000374,20251216,코스피,디와이에이,002880,주식등의대량보유상황보고서(일반),동강홀딩스
20251216000364,20251216,코스피,KG모빌리티,003620,주식등의대량보유상황보고서(일반),MahindraandMahindraLimited
20251216000355,20251216,코스닥,쿼드메디슨,464490,주식등의대량보유상황보고서(약식),신한벤처투자
20251216000350,20251216,코스닥,키움히어로제1호스팩,466690,주식등의대량보유상황보고서(일반),키움증권
20251216000335,20251216,코스피,서울식품공업,004410,주식등의대량보유상황보고서(일반),서성훈
20251216000323,20251216,코스닥,파마리서치,214450,주식등의대량보유상황보고서(약식),MORGANSTANLEY&COINTLPLC
20251216000321,20251216,코스닥,넥사다이내믹스,351320,주식등의대량보유상황보고서(약식),리드플래닛
20251216000304,20251216,코스닥,누리플랜,069140,주식등의대량보유상황보고서(약식),수성자산운용
20251216000284,20251216,코스피,신세계푸드,031440,주식등의대량보유상황보고서(일반),이마트
20251216000283,20251216,코스닥,포메탈,119500,주식등의대량보유상황보고서(일반),오세원
20251216000264,20251216,코스닥,이지스,261520,주식등의대량보유상황보고서(일반),김성호
20251216000221,20251216,코스닥,DXVX,180400,주식등의대량보유상황보고서(약식),박영옥
20251216000217,20251216,코스닥,유진스팩12호,0105P0,주식등의대량보유상황보고서(일반),이안플래닛
20251216000216,20251216,코스닥,제닉스로보틱스,381620,주식등의대량보유상황보고서(약식),한국투자증권
20251216000197,20251216,코스피,유수홀딩스,000700,주식등의대량보유상황보고서(약식),MiriCapitalManagementLLC
20251216000189,20251216,코스피,극동유화,014530,주식등의대량보유상황보고서(일반),장선우
20251216000171,20251216,코스닥,이노테크,469610,주식등의대량보유상황보고서(약식),신용보증기금
20251216000103,20251216,코스닥,테라뷰,950250,주식등의대량보유상황보고서(일반),데이지프리시젼
20251216000072,20251216,코스닥,아이디스,143160,주식등의대량보유상황보고서(일반),아이디스홀딩스
20251216000059,20251216,코스피,트리니티항공,091810,주식등의대량보유상황보고서(약식),케이에비에이션밸류업
20251216000058,20251216,코스닥,키움히어로제1호스팩,466690,주식등의대량보유상황보고서(일반),지니자산운용
20251216000039,20251216,코스닥,바이젠셀,308080,주식등의대량보유상황보고서(일반),김태규
20251216000038,20251216,코스닥,바이젠셀,308080,[기재정정]주식등의대량보유상황보고서(일반),김태규
20251216000032,20251216,코스닥,알엔티엑스,123010,주식등의대량보유상황보고서(일반),아이윈
20251215000471,20251215,코스닥,이지스,261520,주식등의대량보유상황보고서(약식),에이스톤벤처스
20251215000463,20251215,코스피,SIMPAC,009160,주식등의대량보유상황보고서(일반),최진식
20251215000456,20251215,코스닥,지씨지놈,340450,주식등의대량보유상황보고서(약식),지노베이션1호사모투자
20251215000447,20251215,코스닥,이엔셀,456070,주식등의대량보유상황보고서(약식),NH투자증권
20251215000444,20251215,코스닥,폴라리스우노,114630,주식등의대량보유상황보고서(일반),폴라리스세원
20251215000425,20251215,코스피,유나이티드,033270,주식등의대량보유상황보고서(일반),강덕영
20251215000421,20251215,코스닥,서부T&D,006730,주식등의대량보유상황보고서(일반),엠와이에이치
20251215000406,20251215,코스피,BGF,027410,주식등의대량보유상황보고서(일반),홍석조
20251215000405,20251215,코스닥,한울반도체,320000,주식등의대량보유상황보고서(일반),한울소재과학
20251215000399,20251215,코스피,동서,026960,주식등의대량보유상황보고서(일반),김상헌
20251215000392,20251215,코스피,상상인증권,001290,주식등의대량보유상황보고서(일반),상상인
20251215000367,20251215,코스피,블루산업개발,006740,주식등의대량보유상황보고서(약식),대양금속
20251215000365,20251215,코스닥,주성엔지니어링,036930,주식등의대량보유상황보고서(일반),황철주
20251215000361,20251215,코스닥,교보19호스팩,0098T0,주식등의대량보유상황보고서(일반),교보증권
20251215000354,20251215,코스닥,아이스크림미디어,461300,주식등의대량보유상황보고서(일반),시공테크
20251215000352,20251215,코스닥,포니링크,064800,주식등의대량보유상황보고서(일반),젬백스
20251215000341,20251215,코스닥,아이디피,332370,주식등의대량보유상황보고서(일반),아이디스홀딩스
20251215000323,20251215,코스피,코스모화학,005420,주식등의대량보유상황보고서(일반),코스모앤컴퍼니
20251215000321,20251215,코스닥,파버나인,177830,주식등의대량보유상황보고서(일반),이제훈
20251215000317,20251215,코스닥,보로노이,310210,주식등의대량보유상황보고서(일반),김현태
20251215000307,20251215,코스닥,지엔코,065060,주식등의대량보유상황보고서(일반),크레오에스지
20251215000300,20251215,코스닥,알에스오토메이션,140670,주식등의대량보유상황보고서(일반),강덕현
20251215000288,20251215,코스닥,다보링크,340360,주식등의대량보유상황보고서(일반),테라사이언스
20251215000226,20251215,코스닥,탑런토탈솔루션,336680,주식등의대량보유상황보고서(일반),박영근
20251215000200,20251215,코스닥,링네트,042500,주식등의대량보유상황보고서(일반),이주석
20251215000192,20251215,코스닥,케이피에프,024880,주식등의대량보유상황보고서(일반),송현홀딩스
20251215000140,20251215,코스닥,HC보광산업,225530,주식등의대량보유상황보고서(일반),HC홈센타
20251215000138,20251215,코스닥,HC홈센타,060560,주식등의대량보유상황보고서(일반),에이치씨파트너스
20251215000118,20251215,코스피,이지스밸류플러스리츠,334890,주식등의대량보유상황보고서(약식),삼성자산운용
20251215000117,20251215,코스피,대신밸류리츠,0030R0,주식등의대량보유상황보고서(약식),삼성자산운용
20251215000110,20251215,코스닥,코콤,015710,주식등의대량보유상황보고서(일반),고성욱
20251215000108,20251215,코스피,유니켐,011330,주식등의대량보유상황보고서(일반),제이에이치사람들
20251215000090,20251215,코스닥,HPSP,403870,[기재정정]주식등의대량보유상황보고서(일반),히트2025홀딩스
20251215000087,20251215,코스닥,비스토스,419540,주식등의대량보유상황보고서(일반),이후정
20251215000031,20251215,코스닥,알리코제약,260660,주식등의대량보유상황보고서(일반),이항구
20251215000030,20251215,코스닥,제이에스링크,127120,주식등의대량보유상황보고서(일반),주성씨앤에어
20251212000566,20251215,코스닥,에이아이코리아,364950,주식등의대량보유상황보고서(약식),인터밸류파트너스
20251212000535,20251212,코스피,HD건설기계,267270,주식등의대량보유상황보고서(일반),에이치디현대사이트솔루션
20251212000499,20251212,코스피,웅진씽크빅,095720,주식등의대량보유상황보고서(일반),웅진
20251212000485,20251212,코스닥,성원에너텍,340930,[기재정정]주식등의대량보유상황보고서(일반),정연길
20251212000475,20251212,코스닥,한스바이오메드,042520,주식등의대량보유상황보고서(일반),황호찬
20251212000474,20251212,코스닥,딜리,131180,주식등의대량보유상황보고서(일반),최동희
20251212000472,20251212,코스닥,키움히어로제1호스팩,466690,주식등의대량보유상황보고서(일반),에이씨피씨
20251212000460,20251212,코스닥,딜리,131180,주식등의대량보유상황보고서(일반),최근수
20251212000452,20251212,코스닥,딜리,131180,주식등의대량보유상황보고서(일반),최근수
20251212000444,20251212,코스닥,소프트센,032680,주식등의대량보유상황보고서(일반),홍콩셩다국제유한공사
20251212000439,20251212,코스피,INVENI,015360,주식등의대량보유상황보고서(일반),구자은
20251212000436,20251212,코스닥,조이웍스앤코,309930,주식등의대량보유상황보고서(일반),조이웍스
20251212000424,20251212,코스닥,유니크,011320,주식등의대량보유상황보고서(일반),안영구
20251212000415,20251212,코스닥,비씨엔씨,146320,주식등의대량보유상황보고서(일반),김돈한
20251212000390,20251212,코스닥,대한광통신,010170,주식등의대량보유상황보고서(일반),티에프오인더스트리
20251212000382,20251212,코스닥,성원에너텍,340930,주식등의대량보유상황보고서(일반),정연길
20251212000379,20251212,코스닥,아나패스,123860,주식등의대량보유상황보고서(일반),이경호
20251212000378,20251212,코스닥,아이씨티케이,456010,주식등의대량보유상황보고서(일반),이정원
20251212000373,20251212,코스닥,SAMG엔터,419530,주식등의대량보유상황보고서(일반),김수훈
20251212000355,20251212,코스닥,한국파마,032300,주식등의대량보유상황보고서(일반),박은희
20251212000350,20251212,코스닥,안국약품,001540,주식등의대량보유상황보고서(일반),어진
20251212000340,20251212,코스닥,일월지엠엘,178780,주식등의대량보유상황보고서(일반),일월
20251212000335,20251212,코스닥,퀀타매트릭스,317690,주식등의대량보유상황보고서(일반),에즈라채리터블트러스트
20251212000327,20251212,코스피,문배철강,008420,주식등의대량보유상황보고서(약식),NI스틸
20251212000324,20251212,코스피,HD현대,267250,주식등의대량보유상황보고서(일반),정몽준
20251212000321,20251212,코스피,교촌에프앤비,339770,주식등의대량보유상황보고서(일반),권원강
20251212000315,20251212,코스닥,엔시트론,101400,주식등의대량보유상황보고서(약식),HLB글로벌
20251212000305,20251212,코스피,SNT다이내믹스,003570,주식등의대량보유상황보고서(일반),SNT홀딩스
20251212000301,20251212,코스피,SNT에너지,100840,주식등의대량보유상황보고서(일반),SNT홀딩스
20251212000260,20251212,코스피,에스제이엠홀딩스,025530,주식등의대량보유상황보고서(일반),김용호
20251212000230,20251212,코스닥,비투엔,307870,주식등의대량보유상황보고서(일반),엑스트윈스1호조합
20251212000181,20251212,코스닥,삼영엠텍,054540,주식등의대량보유상황보고서(일반),전창옥
20251212000171,20251212,코스닥,동원개발,013120,주식등의대량보유상황보고서(일반),장복만
20251212000107,20251212,코스피,대한해운,005880,주식등의대량보유상황보고서(일반),에스엠상선
20251212000088,20251212,코스닥,누리플랜,069140,주식등의대량보유상황보고서(일반),이상우
20251212000080,20251212,코스피,이수페타시스,007660,주식등의대량보유상황보고서(약식),J.P.MORGANSECURITIESPLC
20251212000060,20251212,코스피,삼익악기,002450,주식등의대량보유상황보고서(일반),스페코
20251212000051,20251212,코스닥,태성,323280,주식등의대량보유상황보고서(일반),김종학
20251212000042,20251212,코스닥,제이에스링크,127120,주식등의대량보유상황보고서(일반),주성씨앤에어
20251211000442,20251211,코스닥,에임드바이오,0009K0,[기재정정]주식등의대량보유상황보고서(약식),디에스자산운용
20251211000415,20251211,코스닥,세종텔레콤,036630,주식등의대량보유상황보고서(일반),세종
20251211000412,20251211,코스닥,엑시온그룹,069920,주식등의대량보유상황보고서(약식),최계림
20251211000407,20251211,코스닥,상지건설,042940,주식등의대량보유상황보고서(약식),J.P.MORGANSECURITIESPLC
20251211000404,20251211,코스피,엔피씨,004250,주식등의대량보유상황보고서(일반),임익성
20251211000401,20251211,코스피,아이에스동서,010780,주식등의대량보유상황보고서(일반),권혁운
20251211000362,20251211,코스닥,에임드바이오,0009K0,주식등의대량보유상황보고서(약식),디에스자산운용
20251211000343,20251211,코스닥,디지캡,197140,주식등의대량보유상황보고서(일반),한국렌탈
20251211000342,20251211,코스피,한국토지신탁,034830,주식등의대량보유상황보고서(일반),엠케이인베스트먼트
20251211000339,20251211,코스닥,솔브레인,357780,주식등의대량보유상황보고서(일반),정지완
20251211000331,20251211,코스피,코오롱,002020,주식등의대량보유상황보고서(일반),이웅열
20251211000319,20251211,코스닥,하나기술,299030,주식등의대량보유상황보고서(일반),오태봉
20251211000315,20251211,코스피,씨에스윈드,112610,주식등의대량보유상황보고서(일반),김성권
20251211000310,20251211,코스피,종근당,185750,주식등의대량보유상황보고서(일반),이장한
20251211000298,20251211,코스닥,엔에이치스팩32호,0054V0,주식등의대량보유상황보고서(일반),우리벤처파트너스
20251211000297,20251211,코스닥,미래반도체,254490,주식등의대량보유상황보고서(일반),이정
20251211000290,20251211,코스닥,엠케이전자,033160,주식등의대량보유상황보고서(일반),오션비홀딩스
20251211000289,20251211,코스피,부국증권,001270,주식등의대량보유상황보고서(일반),김중건
20251211000275,20251211,코스닥,폰드그룹,472850,주식등의대량보유상황보고서(일반),대명화학
20251211000260,20251211,코스닥,픽셀플러스,087600,주식등의대량보유상황보고서(일반),이서규
20251211000238,20251211,코스닥,대림제지,017650,주식등의대량보유상황보고서(일반),류창승
20251211000218,20251211,코스닥,쎄크,081180,[기재정정]주식등의대량보유상황보고서(일반),원익뉴그로쓰2020사모투자
20251211000216,20251211,코스닥,한양디지텍,078350,주식등의대량보유상황보고서(약식),KB자산운용
20251211000214,20251211,코스닥,한스바이오메드,042520,주식등의대량보유상황보고서(약식),KB자산운용
20251211000213,20251211,코스피,한세예스24홀딩스,016450,주식등의대량보유상황보고서(일반),김동녕
20251211000206,20251211,코스닥,졸스,018700,주식등의대량보유상황보고서(약식),힐룸
20251211000196,20251211,코스닥,졸스,018700,주식등의대량보유상황보고서(약식),티에스더블유
20251211000193,20251211,코스닥,에코프로,086520,주식등의대량보유상황보고서(일반),이동채
20251211000190,20251211,코스닥,에코프로비엠,247540,주식등의대량보유상황보고서(일반),에코프로
20251211000108,20251211,코스닥,신원종합개발,017000,주식등의대량보유상황보고서(약식),김승현
20251211000064,20251211,코스닥,키이스트,054780,주식등의대량보유상황보고서(일반),에스엠
20251211000014,20251211,코스닥,엑스큐어,070300,주식등의대량보유상황보고서(일반),브이에스티디(VSTD)투자조합
20251210000555,20251211,코스닥,신테카바이오,226330,주식등의대량보유상황보고서(일반),정종선
20251210000550,20251210,코스닥,HEM파마,376270,주식등의대량보유상황보고서(약식),윈베스트벤처투자
20251210000544,20251210,코스닥,하림지주,003380,주식등의대량보유상황보고서(일반),김홍국
20251210000542,20251210,코스닥,아리바이오홀딩스,290690,주식등의대량보유상황보고서(약식),상상인저축은행
20251210000533,20251210,코스닥,에이전트AI,060900,주식등의대량보유상황보고서(약식),상상인저축은행
20251210000531,20251210,코스닥,한울소재과학,091440,주식등의대량보유상황보고서(약식),해리슨투자조합1호
20251210000524,20251210,코스닥,한울반도체,320000,주식등의대량보유상황보고서(약식),전지윤
20251210000523,20251210,코스닥,서진시스템,178320,주식등의대량보유상황보고서(약식),네오솔루션즈
20251210000522,20251210,코스닥,스피어,347700,주식등의대량보유상황보고서(약식),상상인저축은행
20251210000520,20251210,코스피,카카오페이,377300,주식등의대량보유상황보고서(약식),GOLDMANSACHSINTERNATIONAL
20251210000514,20251210,코스닥,한울앤제주,276730,주식등의대량보유상황보고서(약식),그린스트리트
20251210000513,20251210,코스닥,오스코텍,039200,주식등의대량보유상황보고서(약식),메리츠증권
20251210000509,20251210,코스피,제이알글로벌리츠,348950,주식등의대량보유상황보고서(약식),메리츠증권
20251210000507,20251210,코스피,만호제강,001080,주식등의대량보유상황보고서(약식),엠케이에셋
20251210000503,20251210,코스닥,동국생명과학,303810,주식등의대량보유상황보고서(약식),라이프밸류업사모투자
20251210000502,20251210,코스피,다이나믹디자인,145210,주식등의대량보유상황보고서(약식),베이트리
20251210000498,20251210,코스피,한미반도체,042700,주식등의대량보유상황보고서(일반),곽동신
20251210000497,20251210,코스닥,쎄크,081180,주식등의대량보유상황보고서(일반),원익뉴그로쓰2020사모투자
20251210000495,20251210,코스닥,나노팀,417010,주식등의대량보유상황보고서(약식),아주IB투자
20251210000493,20251210,코스닥,아이윈,090150,주식등의대량보유상황보고서(약식),빗썸
20251210000491,20251210,코스닥,수성웹툰,084180,주식등의대량보유상황보고서(일반),투믹스홀딩스
20251210000479,20251210,코스닥,링크솔루션,474650,주식등의대량보유상황보고서(약식),오픈워터인베스트먼트
20251210000476,20251210,코스닥,코미코,183300,주식등의대량보유상황보고서(일반),미코
20251210000460,20251210,코스피,차AI헬스케어,025620,주식등의대량보유상황보고서(약식),로아프라퍼티
20251210000458,20251210,코스피,차AI헬스케어,025620,[기재정정]주식등의대량보유상황보고서(약식),로아프라퍼티
20251210000438,20251210,코스닥,엔시트론,101400,주식등의대량보유상황보고서(일반),정인견
20251210000434,20251210,코스닥,올리패스,244460,주식등의대량보유상황보고서(일반),제노큐어
20251210000433,20251210,코스닥,야스,255440,주식등의대량보유상황보고서(일반),정광호
20251210000432,20251210,코스닥,서진시스템,178320,주식등의대량보유상황보고서(일반),전동규
20251210000421,20251210,코스피,SK스퀘어,402340,주식등의대량보유상황보고서(약식),MacquarieInvestmentManagementBusinessTrust
20251210000413,20251210,코스닥,인포뱅크,039290,주식등의대량보유상황보고서(일반),장준호
20251210000408,20251210,코스닥,핌스,347770,주식등의대량보유상황보고서(일반),주광연
20251210000404,20251210,코스피,엑시큐어하이트론,019490,주식등의대량보유상황보고서(약식),상상인플러스저축은행
20251210000396,20251210,코스피,대한항공,003490,주식등의대량보유상황보고서(일반),한진칼
20251210000385,20251210,코스닥,아이큐어,175250,주식등의대량보유상황보고서(약식),상상인플러스저축은행
20251210000381,20251210,코스닥,지니너스,389030,주식등의대량보유상황보고서(약식),케이비인베스트먼트
20251210000379,20251210,코스피,대림바스,005750,주식등의대량보유상황보고서(일반),이해영
20251210000374,20251210,코스닥,에이치엔에스하이텍,044990,주식등의대량보유상황보고서(일반),김정희
20251210000363,20251210,코스닥,이엔에프테크놀로지,102710,주식등의대량보유상황보고서(약식),브이아이피자산운용
20251210000361,20251210,코스닥,지구홀딩스,221800,주식등의대량보유상황보고서(일반),이재웅
20251210000360,20251210,코스닥,지구홀딩스,221800,주식등의대량보유상황보고서(일반),에스씨지솔루션즈
20251210000346,20251210,코스닥,원익머트리얼즈,104830,주식등의대량보유상황보고서(약식),브이아이피자산운용
20251210000340,20251210,코스닥,에이치시티,072990,주식등의대량보유상황보고서(일반),이수찬
20251210000329,20251210,코스닥,디케이락,105740,주식등의대량보유상황보고서(약식),MORGANSTANLEY&COINTLPLC
20251210000317,20251210,코스피,대신밸류리츠,0030R0,주식등의대량보유상황보고서(약식),신영증권
20251210000314,20251210,코스닥,크레오에스지,040350,주식등의대량보유상황보고서(일반),큐로홀딩스
20251210000301,20251210,코스닥,하이딥,365590,주식등의대량보유상황보고서(약식),타이거자산운용투자일임
20251210000298,20251210,코스닥,비츠로시스,054220,주식등의대량보유상황보고서(약식),빛과전자
20251210000296,20251210,코스피,씨아이테크,004920,주식등의대량보유상황보고서(약식),이학영
20251210000290,20251210,코스피,대양금속,009190,주식등의대량보유상황보고서(일반),디와이엠파트너스
20251210000272,20251210,코스피,제주항공,089590,주식등의대량보유상황보고서(일반),AK홀딩스
20251210000271,20251210,코스피,애경케미칼,161000,주식등의대량보유상황보고서(일반),AK홀딩스
20251210000260,20251210,코스닥,썸에이지,208640,주식등의대량보유상황보고서(일반),네시삼십삼분
20251210000235,20251210,코스닥,에임드바이오,0009K0,주식등의대량보유상황보고서(일반),남도현
20251210000208,20251210,코스닥,엠투엔,033310,주식등의대량보유상황보고서(일반),디케이마린
20251210000189,20251210,코스닥,픽셀플러스,087600,주식등의대량보유상황보고서(일반),이서규
20251210000180,20251210,코스닥,휴림에이텍,078590,주식등의대량보유상황보고서(약식),제이케이위더스
20251210000144,20251210,코스닥,바이오톡스텍,086040,주식등의대량보유상황보고서(일반),강종구
20251210000121,20251210,코스닥,드림어스컴퍼니,060570,주식등의대량보유상황보고서(일반),SK스퀘어
20251210000082,20251210,코스닥,코아스템켐온,166480,주식등의대량보유상황보고서(일반),김경숙
20251210000037,20251210,코스닥,파라택시스이더리움,290560,[기재정정]주식등의대량보유상황보고서(일반),엑셈
20251210000012,20251210,코스닥,누리플렉스,040160,주식등의대량보유상황보고서(일반),NuriFlexHoldingsINC
20251210000001,20251210,코스닥,유틸렉스,263050,주식등의대량보유상황보고서(일반),청안인베스트먼트
20251209000417,20251209,코스피,케이탑리츠,145270,주식등의대량보유상황보고서(약식),김철
20251209000412,20251209,코스닥,엑셈,205100,주식등의대량보유상황보고서(일반),조종암
20251209000406,20251209,코스닥,바이브컴퍼니,301300,주식등의대량보유상황보고서(약식),에이원자산운용
20251209000367,20251209,코스닥,드림시큐리티,203650,주식등의대량보유상황보고서(일반),범진규
20251209000365,20251209,코스닥,위메이드,112040,주식등의대량보유상황보고서(일반),박관호
20251209000353,20251209,코스피,KB스타리츠,432320,[기재정정]주식등의대량보유상황보고서(약식),지브이에이자산운용
20251209000351,20251209,코스피,엘앤에프,066970,주식등의대량보유상황보고서(일반),새로닉스
20251209000326,20251209,코스피,KB스타리츠,432320,주식등의대량보유상황보고서(약식),지브이에이자산운용
20251209000323,20251209,코스피,사조동아원,008040,주식등의대량보유상황보고서(일반),사조씨푸드
20251209000311,20251209,코스피,대신밸류리츠,0030R0,주식등의대량보유상황보고서(약식),에스디제사차
20251209000307,20251209,코스닥,리메드,302550,주식등의대량보유상황보고서(일반),이근용
20251209000295,20251209,코스닥,HEM파마,376270,주식등의대량보유상황보고서(약식),우리벤처파트너스
20251209000293,20251209,코스닥,광무,029480,주식등의대량보유상황보고서(약식),골든밸류 제5호 신기술조합
20251209000292,20251209,코스피,신한서부티엔디리츠,404990,주식등의대량보유상황보고서(약식),이지스자산운용
20251209000288,20251209,코스피,삼양홀딩스,000070,[기재정정]주식등의대량보유상황보고서(일반),김윤
20251209000284,20251209,코스닥,제이에스링크,127120,주식등의대량보유상황보고서(일반),주성씨앤에어
20251209000282,20251209,코스닥,세화피앤씨,252500,주식등의대량보유상황보고서(일반),이훈구
20251209000271,20251209,코스닥,앱튼,270520,주식등의대량보유상황보고서(일반),에이프로젠
20251209000269,20251209,코스닥,유틸렉스,263050,[기재정정]주식등의대량보유상황보고서(일반),권병세
20251209000258,20251209,코스닥,모비스,250060,주식등의대량보유상황보고서(일반),혁신자산운용
20251209000246,20251209,코스닥,다보링크,340360,주식등의대량보유상황보고서(일반),테라사이언스
20251209000223,20251209,코스닥,다보링크,340360,주식등의대량보유상황보고서(약식),정율근
20251209000216,20251209,코스닥,동성화인텍,033500,주식등의대량보유상황보고서(약식),MORGANSTANLEY&COINTLPLC
20251209000187,20251209,코스피,에이피알,278470,주식등의대량보유상황보고서(약식),MORGANSTANLEY&COINTLPLC
20251209000181,20251209,코스닥,씨엠티엑스,388210,주식등의대량보유상황보고서(약식),케이투인베스트먼트파트너스
20251209000166,20251209,코스피,SK리츠,395400,주식등의대량보유상황보고서(약식),코람코자산운용
20251209000164,20251209,코스닥,다우데이타,032190,주식등의대량보유상황보고서(약식),OrbisInvestmentManagementLimited
20251209000114,20251209,코스닥,바이젠셀,308080,주식등의대량보유상황보고서(일반),김태규
20251209000106,20251209,코스닥,로젠,033290,주식등의대량보유상황보고서(일반),대명화학
20251209000079,20251209,코스닥,모비스,250060,주식등의대량보유상황보고서(일반),김지헌
20251209000054,20251209,코스닥,E8,418620,주식등의대량보유상황보고서(일반),김진현
20251209000048,20251209,코스피,오리온,271560,주식등의대량보유상황보고서(일반),오리온홀딩스
20251209000042,20251209,코스피,오리온홀딩스,001800,주식등의대량보유상황보고서(일반),이화경
20251209000014,20251209,코스닥,앱클론,174900,주식등의대량보유상황보고서(약식),종근당
20251208000442,20251209,코스닥,에임드바이오,0009K0,주식등의대량보유상황보고서(약식),인터베스트
20251208000427,20251208,코스닥,비씨월드제약,200780,주식등의대량보유상황보고서(일반),홍성한
20251208000424,20251208,코스닥,유티아이,179900,주식등의대량보유상황보고서(일반),박덕영
20251208000414,20251208,코스닥,리메드,302550,주식등의대량보유상황보고서(일반),이근용
20251208000397,20251208,코스닥,에스엠씨지,460870,주식등의대량보유상황보고서(일반),최승호
20251208000391,20251208,코스닥,케이엔제이,272110,주식등의대량보유상황보고서(일반),심호섭
20251208000383,20251208,코스피,코오롱글로벌,003070,주식등의대량보유상황보고서(일반),코오롱
20251208000372,20251208,코스닥,하나머티리얼즈,166090,주식등의대량보유상황보고서(일반),하나마이크론
20251208000370,20251208,코스닥,비트맥스,377030,주식등의대량보유상황보고서(약식),이니텍
20251208000368,20251208,코스닥,유틸렉스,263050,주식등의대량보유상황보고서(일반),권병세
20251208000367,20251208,코스닥,지아이이노베이션,358570,주식등의대량보유상황보고서(일반),장명호
20251208000364,20251208,코스닥,이노스페이스,462350,주식등의대량보유상황보고서(약식),신한벤처투자
20251208000352,20251208,코스피,한국주철관공업,000970,주식등의대량보유상황보고서(약식),김길출
20251208000341,20251208,코스닥,케이엠제약,225430,주식등의대량보유상황보고서(일반),강일모
20251208000339,20251208,코스닥,파라택시스이더리움,290560,주식등의대량보유상황보고서(일반),PARATAXISHOLDINGSLLC
20251208000337,20251208,코스닥,에이비온,203400,주식등의대량보유상황보고서(일반),신영기
20251208000336,20251208,코스닥,큐라티스,348080,주식등의대량보유상황보고서(약식),조관구
20251208000335,20251208,코스닥,비에이치아이,083650,주식등의대량보유상황보고서(일반),우종인
20251208000331,20251208,코스닥,비에이치아이,083650,주식등의대량보유상황보고서(일반),박은미
20251208000304,20251208,코스피,SK,034730,주식등의대량보유상황보고서(일반),최태원
20251208000300,20251208,코스닥,비보존 제약,082800,주식등의대량보유상황보고서(일반),비보존홀딩스
20251208000294,20251208,코스닥,모다이노칩,080420,주식등의대량보유상황보고서(일반),대명화학
20251208000286,20251208,코스닥,엔에이치스팩32호,0054V0,주식등의대량보유상황보고서(일반),NH투자증권
20251208000270,20251208,코스피,호전실업,111110,주식등의대량보유상황보고서(일반),데일리앤코
20251208000266,20251208,코스닥,넥스틴,348210,주식등의대량보유상황보고서(약식),미래에셋자산운용
20251208000265,20251208,코스피,SK리츠,395400,주식등의대량보유상황보고서(약식),미래에셋자산운용
20251208000255,20251208,코스피,이지스밸류플러스리츠,334890,주식등의대량보유상황보고서(약식),코람코자산운용
20251208000250,20251208,코스닥,엣지파운드리,105550,주식등의대량보유상황보고서(약식),릴라이언스조합
20251208000246,20251208,코스닥,씨엠티엑스,388210,주식등의대량보유상황보고서(약식),한국산업은행
20251208000238,20251208,코스닥,현대에이치티,039010,주식등의대량보유상황보고서(일반),이건구
20251208000237,20251208,코스닥,큐로홀딩스,051780,주식등의대량보유상황보고서(일반),케이파트너스
20251208000236,20251208,코스피,코람코더원리츠,417310,주식등의대량보유상황보고서(약식),코람코자산운용
20251208000223,20251208,코스닥,블루콤,033560,주식등의대량보유상황보고서(일반),김종규
20251208000217,20251208,코스닥,엔비티,236810,주식등의대량보유상황보고서(일반),박수근
20251208000203,20251208,코스피,코스모신소재,005070,주식등의대량보유상황보고서(일반),코스모화학
20251208000185,20251208,코스피,HD현대중공업,329180,주식등의대량보유상황보고서(일반),HD한국조선해양
20251208000168,20251208,코스닥,엔비티,236810,[기재정정]주식등의대량보유상황보고서(일반),박수근
20251208000160,20251208,코스피,SK스퀘어,402340,주식등의대량보유상황보고서(약식),NomuraInvestmentManagementBusinessTrust
20251208000149,20251208,코스닥,그리티,204020,주식등의대량보유상황보고서(일반),문영우
20251208000135,20251208,코스닥,오킨스전자,080580,주식등의대량보유상황보고서(약식),MORGANSTANLEY&COINTLPLC
20251208000108,20251208,코스피,동양고속,084670,주식등의대량보유상황보고서(약식),동대구화물터미널
20251208000105,20251208,코스닥,코퍼스코리아,322780,주식등의대량보유상황보고서(약식),라이프자산운용
20251208000104,20251208,코스닥,더블유에스아이,299170,주식등의대량보유상황보고서(약식),라이프자산운용
20251208000103,20251208,코스닥,HC보광산업,225530,주식등의대량보유상황보고서(일반),HC홈센타
20251208000101,20251208,코스닥,HC홈센타,060560,주식등의대량보유상황보고서(일반),에이치씨파트너스
20251208000092,20251208,코스닥,에코프로,086520,주식등의대량보유상황보고서(일반),이동채
20251208000072,20251208,코스닥,에임드바이오,0009K0,주식등의대량보유상황보고서(약식),에스엠비투자파트너스
20251208000056,20251208,코스피,KPX케미칼,025000,주식등의대량보유상황보고서(일반),KPX홀딩스
20251208000029,20251208,코스닥,케이아이엔엑스,093320,주식등의대량보유상황보고서(약식),MiriCapitalManagementLLC
20251208000009,20251208,코스닥,에프알텍,073540,주식등의대량보유상황보고서(약식),김대용
20251208000005,20251208,코스닥,파라택시스이더리움,290560,주식등의대량보유상황보고서(일반),엑셈
20251208000002,20251208,코스닥,리드코프,012700,주식등의대량보유상황보고서(일반),디케이마린
20251205000569,20251208,코스피,윌비스,008600,주식등의대량보유상황보고서(일반),마겐파트너스
20251205000558,20251205,코스닥,CSA 코스믹,083660,주식등의대량보유상황보고서(일반),브이핑크홀딩스
20251205000553,20251205,코스피,한미사이언스,008930,주식등의대량보유상황보고서(일반),송영숙
20251205000547,20251205,코스피,동부건설,005960,주식등의대량보유상황보고서(일반),키스톤에코프라임
20251205000545,20251205,코스피,INVENI,015360,주식등의대량보유상황보고서(일반),구자은
20251205000523,20251205,코스닥,엔비티,236810,주식등의대량보유상황보고서(일반),박수근
20251205000518,20251205,코스닥,브이씨,365900,주식등의대량보유상황보고서(일반),김준오
20251205000515,20251205,코스피,신원,009270,주식등의대량보유상황보고서(일반),티앤엠커뮤니케이션즈
20251205000514,20251205,코스닥,한중엔시에스,107640,주식등의대량보유상황보고서(약식),브레이브뉴인베스트먼트
20251205000510,20251205,코스피,파라다이스,034230,주식등의대량보유상황보고서(일반),파라다이스글로벌
20251205000495,20251205,코스닥,KD,044180,주식등의대량보유상황보고서(일반),케이디기술투자
20251205000492,20251205,코스피,보령,003850,주식등의대량보유상황보고서(일반),보령홀딩스
20251205000487,20251205,코스닥,에이비엘바이오,298380,주식등의대량보유상황보고서(일반),LEESANGHOON
20251205000486,20251205,코스닥,DH오토리드,290120,주식등의대량보유상황보고서(약식),한국채권투자운용
20251205000472,20251205,코스피,세진중공업,075580,주식등의대량보유상황보고서(일반),윤지원
20251205000469,20251205,코스피,신대양제지,016590,주식등의대량보유상황보고서(일반),권혁홍
20251205000461,20251205,코스닥,SG,255220,주식등의대량보유상황보고서(일반),박창호
20251205000459,20251205,코스피,디아이,003160,주식등의대량보유상황보고서(일반),박원호
20251205000454,20251205,코스피,DB손해보험,005830,주식등의대량보유상황보고서(일반),김준기
20251205000450,20251205,코스피,시프트업,462870,주식등의대량보유상황보고서(일반),김형태
20251205000445,20251205,코스닥,파이온엑스,900100,주식등의대량보유상황보고서(약식),알파투자파트너스
20251205000429,20251205,코스피,인팩,023810,주식등의대량보유상황보고서(일반),최오길
20251205000423,20251205,코스닥,미래에셋비전스팩9호,0096D0,주식등의대량보유상황보고서(일반),원티드랩
20251205000421,20251205,코스닥,케이피엠테크,042040,주식등의대량보유상황보고서(일반),텔콘RF제약
20251205000416,20251205,코스피,윌비스,008600,주식등의대량보유상황보고서(일반),전병현
20251205000414,20251205,코스닥,차바이오텍,085660,주식등의대량보유상황보고서(일반),차광렬
20251205000412,20251205,코스피,BGF리테일,282330,주식등의대량보유상황보고서(일반),BGF
20251205000411,20251205,코스피,BGF,027410,주식등의대량보유상황보고서(일반),홍석조
20251205000409,20251205,코스피,두산에너빌리티,034020,주식등의대량보유상황보고서(일반),두산
20251205000406,20251205,코스닥,교보18호스팩,0041B0,주식등의대량보유상황보고서(약식),하우자산운용
20251205000404,20251205,코스닥,HEM파마,376270,주식등의대량보유상황보고서(일반),지요셉
20251205000399,20251205,코스닥,케이쓰리아이,431190,주식등의대량보유상황보고서(일반),이재영
20251205000398,20251205,코스닥,보로노이,310210,주식등의대량보유상황보고서(일반),김현태
20251205000389,20251205,코스닥,크레버스,096240,주식등의대량보유상황보고서(일반),김영화
20251205000387,20251205,코스닥,한싹,430690,주식등의대량보유상황보고서(일반),이주도
20251205000385,20251205,코스닥,한싹,430690,주식등의대량보유상황보고서(일반),배성기
20251205000376,20251205,코스닥,에르코스,435570,주식등의대량보유상황보고서(일반),김슬기
20251205000375,20251205,코스피,크래프톤,259960,주식등의대량보유상황보고서(일반),장병규
20251205000374,20251205,코스닥,글로벌텍스프리,204620,주식등의대량보유상황보고서(일반),문양근
20251205000370,20251205,코스닥,삼보모터스,053700,주식등의대량보유상황보고서(약식),키움증권
20251205000363,20251205,코스닥,노타,486990,주식등의대량보유상황보고서(약식),스톤브릿지벤처스
20251205000359,20251205,코스닥,야스,255440,주식등의대량보유상황보고서(일반),정광호
20251205000356,20251205,코스닥,에이직랜드,445090,주식등의대량보유상황보고서(일반),이종민
20251205000353,20251205,코스닥,캔버스엔,210120,주식등의대량보유상황보고서(일반),디비투자조합
20251205000330,20251205,코스닥,에스투더블유,488280,주식등의대량보유상황보고서(약식),스톤브릿지벤처스
20251205000327,20251205,코스닥,이노뎁,303530,주식등의대량보유상황보고서(일반),이성진
20251205000320,20251205,코스닥,빌리언스,044480,주식등의대량보유상황보고서(일반),휴마시스
20251205000313,20251205,코스닥,파인텍,131760,주식등의대량보유상황보고서(일반),강원일
20251205000245,20251205,코스닥,오름테라퓨틱,475830,주식등의대량보유상황보고서(일반),이승주
20251205000240,20251205,코스닥,에코프로에이치엔,383310,주식등의대량보유상황보고서(일반),에코프로
20251205000217,20251205,코스닥,뉴파워프라즈마,144960,주식등의대량보유상황보고서(일반),최대규
20251205000210,20251205,코스닥,에임드바이오,0009K0,주식등의대량보유상황보고서(약식),에스브이아이씨54호 신기술사업투자조합
20251205000142,20251205,코스피,엘앤에프,066970,주식등의대량보유상황보고서(일반),새로닉스
20251205000137,20251205,코스닥,SOOP,067160,주식등의대량보유상황보고서(약식),UBSAG
20251205000130,20251205,코스닥,드림어스컴퍼니,060570,주식등의대량보유상황보고서(일반),에스엠
20251205000116,20251205,코스닥,나래나노텍,137080,주식등의대량보유상황보고서(일반),김민호
20251205000064,20251205,코스피,동국홀딩스,001230,주식등의대량보유상황보고서(일반),장세주
20251205000061,20251205,코스피,케이씨씨,002380,주식등의대량보유상황보고서(일반),정몽진
20251205000055,20251205,코스닥,에이럭스,475580,주식등의대량보유상황보고서(일반),이치헌
20251205000052,20251205,코스닥,케일럼,258610,주식등의대량보유상황보고서(일반),그린테크시스템
20251204000528,20251205,코스닥,이지홀딩스,035810,주식등의대량보유상황보고서(일반),지현욱
20251204000484,20251204,코스피,애경케미칼,161000,주식등의대량보유상황보고서(일반),AK홀딩스
20251204000475,20251204,코스피,한온시스템,018880,주식등의대량보유상황보고서(일반),한국타이어앤테크놀로지
20251204000451,20251204,코스닥,원풍,008370,주식등의대량보유상황보고서(약식),김용재
20251204000447,20251204,코스닥,코퍼스코리아,322780,[기재정정]주식등의대량보유상황보고서(일반),오영섭
20251204000438,20251204,코스피,디와이에이,002880,주식등의대량보유상황보고서(일반),동강홀딩스
20251204000431,20251204,코스닥,미코,059090,주식등의대량보유상황보고서(일반),전선규
20251204000429,20251204,코스닥,오상자이엘,053980,주식등의대량보유상황보고서(일반),오상
20251204000423,20251204,코스닥,아이티엠반도체,084850,주식등의대량보유상황보고서(일반),NICE
20251204000419,20251204,코스닥,삼성스팩12호,0096B0,주식등의대량보유상황보고서(일반),코너스톤투자파트너스
20251204000412,20251204,코스피,NICE,034310,주식등의대량보유상황보고서(일반),김원우
20251204000401,20251204,코스닥,에코글로우,159910,주식등의대량보유상황보고서(약식),아리바이오
20251204000399,20251204,코스피,한화,000880,주식등의대량보유상황보고서(일반),김승연
20251204000392,20251204,코스닥,아로마티카,0015N0,주식등의대량보유상황보고서(일반),김영균
20251204000387,20251204,코스닥,오르비텍,046120,주식등의대량보유상황보고서(일반),성진홀딩스
20251204000385,20251204,코스닥,에코글로우,159910,주식등의대량보유상황보고서(약식),크리스티아너티
20251204000381,20251204,코스피,HL홀딩스,060980,주식등의대량보유상황보고서(일반),정몽원
20251204000379,20251204,코스피,디아이씨,092200,주식등의대량보유상황보고서(일반),김성문
20251204000378,20251204,코스닥,포커스에이아이,331380,주식등의대량보유상황보고서(일반),위허브
20251204000370,20251204,코스닥,지엔코,065060,주식등의대량보유상황보고서(일반),크레오에스지
20251204000367,20251204,코스닥,고영,098460,주식등의대량보유상황보고서(일반),고영홀딩스
20251204000364,20251204,코스닥,퀄리타스반도체,432720,주식등의대량보유상황보고서(일반),김두호
20251204000362,20251204,코스닥,자람테크놀로지,389020,주식등의대량보유상황보고서(일반),백준현
20251204000360,20251204,코스피,엑시큐어하이트론,019490,주식등의대량보유상황보고서(일반),손오공
20251204000345,20251204,코스닥,에코프로비엠,247540,주식등의대량보유상황보고서(일반),에코프로
20251204000318,20251204,코스피,태경케미컬,006890,주식등의대량보유상황보고서(일반),태경비케이
20251204000292,20251204,코스닥,포커스에이아이,331380,[기재정정]주식등의대량보유상황보고서(일반),위허브
20251204000288,20251204,코스피,엑시큐어하이트론,019490,주식등의대량보유상황보고서(일반),더테크놀로지
20251204000241,20251204,코스닥,에스엠,041510,[기재정정]주식등의대량보유상황보고서(약식),"티로우프라이스어소시에이트,인크."
20251204000210,20251204,코스닥,누리플렉스,040160,주식등의대량보유상황보고서(일반),NuriFlexHoldingsINC
20251204000162,20251204,코스닥,에스엠,041510,[기재정정]주식등의대량보유상황보고서(약식),"티로우프라이스어소시에이트,인크."
20251204000139,20251204,코스닥,정원엔시스,045510,주식등의대량보유상황보고서(일반),윔스
20251204000129,20251204,코스닥,현우산업,092300,주식등의대량보유상황보고서(약식),흥국 스마트커넥트 신기술투자조합 제1호
20251204000119,20251204,코스닥,동진쎄미켐,005290,주식등의대량보유상황보고서(일반),동진홀딩스
20251204000086,20251204,코스닥,삼성스팩12호,0096B0,주식등의대량보유상황보고서(일반),지앤텍벤처투자
20251204000062,20251204,코스닥,제이에스링크,127120,주식등의대량보유상황보고서(일반),주성씨앤에어
20251204000038,20251204,코스닥,가온그룹,078890,주식등의대량보유상황보고서(일반),임동연
20251203000368,20251204,코스닥,넥사다이내믹스,351320,[기재정정]주식등의대량보유상황보고서(약식),와이에이치투자조합 1호
20251203000366,20251204,코스닥,넥사다이내믹스,351320,[기재정정]주식등의대량보유상황보고서(약식),이노베이션
20251203000333,20251203,코스피,씨에스윈드,112610,주식등의대량보유상황보고서(일반),김성권
20251203000326,20251203,코스닥,라온텍,418420,주식등의대량보유상황보고서(일반),김보은
20251203000323,20251203,코스닥,비스토스,419540,주식등의대량보유상황보고서(일반),씨유메디칼
20251203000322,20251203,코스닥,한울앤제주,276730,주식등의대량보유상황보고서(일반),케이파트너스1호투자조합
20251203000309,20251203,코스닥,테스,095610,주식등의대량보유상황보고서(약식),베어링자산운용
20251203000301,20251203,코스닥,HLB제약,047920,주식등의대량보유상황보고서(일반),HLB생명과학
20251203000295,20251203,코스닥,SFA,056190,주식등의대량보유상황보고서(약식),베어링자산운용
20251203000292,20251203,코스피,MH에탄올,023150,주식등의대량보유상황보고서(일반),최동호
20251203000288,20251203,코스피,삼립,005610,주식등의대량보유상황보고서(일반),상미당홀딩스
20251203000269,20251203,코스피,우성머티리얼스,011300,[기재정정]주식등의대량보유상황보고서(일반),더블유에스
20251203000240,20251203,코스피,에이프로젠바이오로직스,003060,주식등의대량보유상황보고서(일반),에이프로젠
20251203000238,20251203,코스닥,삼성스팩12호,0096B0,주식등의대량보유상황보고서(일반),삼성증권
20251203000227,20251203,코스닥,넥사다이내믹스,351320,주식등의대량보유상황보고서(약식),와이에이치투자조합 1호
20251203000219,20251203,코스닥,아로마티카,0015N0,주식등의대량보유상황보고서(일반),케이씨삼호투자
20251203000218,20251203,코스닥,넥사다이내믹스,351320,주식등의대량보유상황보고서(약식),이노베이션
20251203000215,20251203,코스피,우신시스템,017370,주식등의대량보유상황보고서(일반),허우영
20251203000213,20251203,코스피,종근당,185750,주식등의대량보유상황보고서(일반),이장한
20251203000208,20251203,코스피,SK오션플랜트,100090,주식등의대량보유상황보고서(일반),송무석
20251203000175,20251203,코스닥,동원개발,013120,주식등의대량보유상황보고서(일반),장복만
20251203000148,20251203,코스피,광명전기,017040,주식등의대량보유상황보고서(일반),피앤씨테크
20251203000144,20251203,코스닥,삼화네트웍스,046390,주식등의대량보유상황보고서(일반),신상윤
20251203000123,20251203,코스닥,우진엔텍,457550,주식등의대량보유상황보고서(일반),우진
20251203000068,20251203,코스피,SP삼화,000390,주식등의대량보유상황보고서(일반),"ChugokuMarinePaints,Ltd."
20251203000066,20251203,코스닥,에스엠,041510,주식등의대량보유상황보고서(약식),"티로우프라이스어소시에이트,인크."
20251203000063,20251203,코스닥,하이록코리아,013030,주식등의대량보유상황보고서(일반),문휴건
20251203000062,20251203,코스닥,브이씨,365900,주식등의대량보유상황보고서(일반),김준오
20251203000061,20251203,코스닥,코아스템켐온,166480,주식등의대량보유상황보고서(일반),김경숙
20251203000046,20251203,코스닥,엘디티,096870,주식등의대량보유상황보고서(일반),티에스이
20251203000037,20251203,코스피,신도리코,029530,주식등의대량보유상황보고서(약식),신영자산운용
20251203000022,20251203,코스닥,삼성스팩12호,0096B0,주식등의대량보유상황보고서(일반),LS증권
20251202000420,20251203,코스닥,신테카바이오,226330,주식등의대량보유상황보고서(일반),정종선
20251202000406,20251202,코스닥,그래피,318060,주식등의대량보유상황보고서(약식),진앤투자파트너스
20251202000405,20251202,코스피,카카오페이,377300,주식등의대량보유상황보고서(일반),카카오
20251202000392,20251202,코스닥,스피어,347700,주식등의대량보유상황보고서(약식),위드윈투자조합77호
20251202000383,20251202,코스닥,한텍,098070,주식등의대량보유상황보고서(일반),후성
20251202000379,20251202,코스피,삼성물산,028260,주식등의대량보유상황보고서(일반),이재용
20251202000365,20251202,코스닥,바이젠셀,308080,주식등의대량보유상황보고서(일반),김태규
20251202000357,20251202,코스닥,아난티,025980,주식등의대량보유상황보고서(일반),중앙디앤엘
20251202000353,20251202,코스피,제주항공,089590,주식등의대량보유상황보고서(일반),AK홀딩스
20251202000345,20251202,코스피,한미글로벌,053690,주식등의대량보유상황보고서(일반),김종훈
20251202000343,20251202,코스피,한국내화,010040,주식등의대량보유상황보고서(일반),김근수
20251202000341,20251202,코스닥,한중엔시에스,107640,주식등의대량보유상황보고서(약식),KB자산운용
20251202000339,20251202,코스닥,브이엠,089970,주식등의대량보유상황보고서(약식),KB자산운용
20251202000337,20251202,코스닥,코스메카코리아,241710,주식등의대량보유상황보고서(약식),KB자산운용
20251202000336,20251202,코스닥,위메이드,112040,주식등의대량보유상황보고서(일반),박관호
20251202000328,20251202,코스피,까뮤이앤씨,013700,주식등의대량보유상황보고서(일반),베이스
20251202000327,20251202,코스닥,오이솔루션,138080,주식등의대량보유상황보고서(약식),수성자산운용
20251202000319,20251202,코스피,KB발해인프라,415640,주식등의대량보유상황보고서(약식),미래에셋자산운용
20251202000318,20251202,코스피,신한서부티엔디리츠,404990,주식등의대량보유상황보고서(약식),미래에셋자산운용
20251202000317,20251202,코스피,디앤디플랫폼리츠,377190,주식등의대량보유상황보고서(약식),미래에셋자산운용
20251202000316,20251202,코스피,코람코라이프인프라리츠,357120,주식등의대량보유상황보고서(약식),미래에셋자산운용
20251202000315,20251202,코스닥,진시스템,363250,주식등의대량보유상황보고서(약식),미래에셋자산운용
20251202000314,20251202,코스피,ESR켄달스퀘어리츠,365550,주식등의대량보유상황보고서(약식),미래에셋자산운용
20251202000313,20251202,코스피,제이알글로벌리츠,348950,주식등의대량보유상황보고서(약식),미래에셋자산운용
20251202000305,20251202,코스닥,에스투더블유,488280,주식등의대량보유상황보고서(약식),LB인베스트먼트
20251202000303,20251202,코스닥,한울반도체,320000,주식등의대량보유상황보고서(일반),한울소재과학
20251202000301,20251202,코스피,케이티,030200,주식등의대량보유상황보고서(약식),WellingtonManagementCompanyLLP
20251202000298,20251202,코스닥,삼성스팩12호,0096B0,[기재정정]주식등의대량보유상황보고서(약식),코오롱인베스트먼트
20251202000279,20251202,코스닥,재영솔루텍,049630,주식등의대량보유상황보고서(약식),무림캐피탈
20251202000272,20251202,코스닥,케이엔에스,432470,주식등의대량보유상황보고서(일반),정봉진
20251202000269,20251202,코스닥,서진시스템,178320,주식등의대량보유상황보고서(일반),전동규
20251202000267,20251202,코스닥,다산솔루에타,154040,주식등의대량보유상황보고서(일반),다산인베스트
20251202000256,20251202,코스닥,스맥,099440,주식등의대량보유상황보고서(일반),최영섭
20251202000245,20251202,코스닥,글로벌텍스프리,204620,주식등의대량보유상황보고서(일반),문양근
20251202000241,20251202,코스피,JW생명과학,234080,주식등의대량보유상황보고서(약식),FILLIMITED
20251202000239,20251202,코스닥,앤로보틱스,138360,주식등의대량보유상황보고서(일반),씨아이테크
20251202000228,20251202,코스닥,엔지켐생명과학,183490,주식등의대량보유상황보고서(일반),브리짓라이프사이언스
20251202000208,20251202,코스피,삼익악기,002450,주식등의대량보유상황보고서(일반),스페코
20251202000195,20251202,코스닥,코오롱생명과학,102940,주식등의대량보유상황보고서(약식),그린이에스지성장제1호사모투자
20251202000170,20251202,코스닥,에코글로우,159910,주식등의대량보유상황보고서(약식),서룡전자
20251202000169,20251202,코스닥,이노스페이스,462350,주식등의대량보유상황보고서(약식),코오롱인베스트먼트
20251202000159,20251202,코스닥,애드바이오텍,179530,주식등의대량보유상황보고서(약식),이화전기공업
20251202000147,20251202,코스닥,금양그린파워,282720,주식등의대량보유상황보고서(일반),이윤철
20251202000129,20251202,코스피,유니켐,011330,주식등의대량보유상황보고서(일반),제이에이치사람들
20251202000124,20251202,코스피,인터지스,129260,주식등의대량보유상황보고서(일반),동국홀딩스
20251202000109,20251202,코스닥,삼성스팩12호,0096B0,주식등의대량보유상황보고서(약식),코오롱인베스트먼트
20251202000108,20251202,코스피,GS건설,006360,주식등의대량보유상황보고서(일반),허창수
20251202000107,20251202,코스닥,시공테크,020710,주식등의대량보유상황보고서(일반),박기석
20251202000099,20251202,코스피,대원강업,000430,주식등의대량보유상황보고서(일반),현대지에프홀딩스
20251202000074,20251202,코스닥,오아,342870,주식등의대량보유상황보고서(일반),김상무
20251202000064,20251202,코스닥,잉크테크,049550,주식등의대량보유상황보고서(일반),김정돈
20251202000043,20251202,코스닥,제이에스링크,127120,주식등의대량보유상황보고서(일반),주성씨앤에어
20251202000042,20251202,코스닥,메디톡스,086900,주식등의대량보유상황보고서(일반),정현호
20251202000034,20251202,코스닥,비스토스,419540,주식등의대량보유상황보고서(일반),이후정
20251202000027,20251202,코스피,달바글로벌,483650,주식등의대량보유상황보고서(약식),M&GINVESTMENTMANAGEMENTLIMITED
20251202000001,20251202,코스닥,아이티켐,309710,주식등의대량보유상황보고서(약식),오큘러스제1호사모투자
20251201000794,20251202,코스닥,인벤티지랩,389470,주식등의대량보유상황보고서(일반),김주희
20251201000786,20251201,코스닥,LS마린솔루션,060370,주식등의대량보유상황보고서(일반),케이디비씨장보고사모투자
20251201000784,20251201,코스닥,피앤에스로보틱스,460940,주식등의대량보유상황보고서(약식),패스파인더에이치
20251201000782,20251201,코스닥,이니텍,053350,주식등의대량보유상황보고서(일반),에스제이제일차홀딩스
20251201000757,20251201,코스닥,세종텔레콤,036630,주식등의대량보유상황보고서(일반),세종
20251201000745,20251201,코스닥,이노스페이스,462350,[기재정정]주식등의대량보유상황보고서(약식),신한벤처투자
20251201000741,20251201,코스닥,콜마비앤에이치,200130,주식등의대량보유상황보고서(일반),콜마홀딩스
20251201000735,20251201,코스피,아모레퍼시픽홀딩스,002790,[기재정정]주식등의대량보유상황보고서(일반),서경배
20251201000715,20251201,코스피,코스모화학,005420,주식등의대량보유상황보고서(일반),코스모앤컴퍼니
20251201000709,20251201,코스닥,앤로보틱스,138360,주식등의대량보유상황보고서(약식),엑스큐어
20251201000699,20251201,코스닥,에피소드컴퍼니,317530,주식등의대량보유상황보고서(일반),박창신
20251201000698,20251201,코스피,만호제강,001080,주식등의대량보유상황보고서(약식),한국선재
20251201000689,20251201,코스닥,성호전자,043260,주식등의대량보유상황보고서(일반),서룡전자
20251201000687,20251201,코스닥,상지건설,042940,주식등의대량보유상황보고서(약식),J.P.MORGANSECURITIESPLC
20251201000680,20251201,코스피,이지스밸류플러스리츠,334890,주식등의대량보유상황보고서(약식),미래에셋자산운용
20251201000678,20251201,코스피,신한알파리츠,293940,주식등의대량보유상황보고서(약식),미래에셋자산운용
20251201000677,20251201,코스닥,더블유에스아이,299170,주식등의대량보유상황보고서(일반),박정섭
20251201000676,20251201,코스피,맵스리얼티,094800,주식등의대량보유상황보고서(약식),미래에셋자산운용
20251201000675,20251201,코스피,이리츠코크렙,088260,주식등의대량보유상황보고서(약식),미래에셋자산운용
20251201000671,20251201,코스피,KSS해운,044450,주식등의대량보유상황보고서(일반),박종규
20251201000653,20251201,코스닥,에코프로,086520,주식등의대량보유상황보고서(일반),이동채
20251201000641,20251201,코스피,대호에이엘,069460,주식등의대량보유상황보고서(약식),제이앤제이자산운용
20251201000636,20251201,코스닥,티에프이,425420,주식등의대량보유상황보고서(약식),미래에셋자산운용
20251201000634,20251201,코스피,코람코더원리츠,417310,주식등의대량보유상황보고서(약식),미래에셋자산운용
20251201000633,20251201,코스피,삼성FN리츠,448730,주식등의대량보유상황보고서(약식),미래에셋자산운용
20251201000631,20251201,코스피,미래에셋글로벌리츠,396690,주식등의대량보유상황보고서(약식),미래에셋자산운용
20251201000629,20251201,코스피,KB스타리츠,432320,주식등의대량보유상황보고서(약식),미래에셋자산운용
20251201000589,20251201,코스닥,HLB바이오스텝,278650,주식등의대량보유상황보고서(일반),HLB
20251201000573,20251201,코스피,에쓰씨엔지니어링,023960,주식등의대량보유상황보고서(일반),이브이첨단소재
20251201000562,20251201,코스닥,SFA,056190,주식등의대량보유상황보고서(일반),디와이홀딩스
20251201000549,20251201,코스닥,파인엠텍,441270,주식등의대량보유상황보고서(일반),홍성천
20251201000516,20251201,코스닥,수성웹툰,084180,주식등의대량보유상황보고서(약식),하나증권
20251201000514,20251201,코스닥,신영스팩11호,0091W0,주식등의대량보유상황보고서(일반),신영증권
20251201000506,20251201,코스피,달바글로벌,483650,주식등의대량보유상황보고서(일반),반성연
20251201000505,20251201,코스닥,새로닉스,042600,주식등의대량보유상황보고서(일반),허제홍
20251201000503,20251201,코스피,DN오토모티브,007340,주식등의대량보유상황보고서(일반),김상헌
20251201000502,20251201,코스닥,솔브레인홀딩스,036830,주식등의대량보유상황보고서(일반),정지완
20251201000497,20251201,코스닥,솔브레인,357780,주식등의대량보유상황보고서(일반),정지완
20251201000423,20251201,코스닥,신성델타테크,065350,주식등의대량보유상황보고서(일반),구본상
20251201000421,20251201,코스피,이수페타시스,007660,주식등의대량보유상황보고서(약식),MORGANSTANLEY&COINTLPLC
20251201000418,20251201,코스닥,링크드,193250,주식등의대량보유상황보고서(일반),민용재
20251201000364,20251201,코스닥,토비스,051360,주식등의대량보유상황보고서(일반),김용범
20251201000334,20251201,코스피,케이씨씨글라스,344820,주식등의대량보유상황보고서(약식),국민연금공단
20251201000313,20251201,코스닥,미래에셋비전스팩9호,0096D0,주식등의대량보유상황보고서(일반),미래에셋증권
20251201000309,20251201,코스피,한화엔진,082740,주식등의대량보유상황보고서(약식),국민연금공단
20251201000306,20251201,코스피,하이트진로,000080,주식등의대량보유상황보고서(약식),국민연금공단
20251201000238,20251201,코스닥,에프에스티,036810,주식등의대량보유상황보고서(일반),장명식
20251201000196,20251201,코스닥,씨엠티엑스,388210,주식등의대량보유상황보고서(약식),기술보증기금
20251201000171,20251201,코스피,제이에스코퍼레이션,194370,주식등의대량보유상황보고서(약식),삼성액티브자산운용
20251201000134,20251201,코스피,한국타이어앤테크놀로지,161390,주식등의대량보유상황보고서(일반),한국앤컴퍼니
20251201000064,20251201,코스닥,다이나믹솔루션,290660,[기재정정]주식등의대량보유상황보고서(일반),비넷
20251128002180,20251201,코스피,차AI헬스케어,025620,주식등의대량보유상황보고서(일반),메타엑스1호조합
20251128002161,20251128,코스닥,스모트로닉,066590,주식등의대량보유상황보고서(일반),퓨트로닉
20251128002150,20251128,코스피,아이에스동서,010780,주식등의대량보유상황보고서(일반),권혁운
20251128002143,20251128,코스닥,필옵틱스,161580,주식등의대량보유상황보고서(일반),한기수
20251128002142,20251128,코스닥,나노엔텍,039860,주식등의대량보유상황보고서(일반),에이플러스에셋
20251128002130,20251128,코스피,케이씨티시,009070,주식등의대량보유상황보고서(일반),이혜숙
20251128002118,20251128,코스피,케이씨티시,009070,주식등의대량보유상황보고서(일반),이동혁
20251128002117,20251128,코스닥,오스테오닉,226400,주식등의대량보유상황보고서(일반),이동원
20251128002109,20251128,코스닥,엑셀세라퓨틱스,373110,주식등의대량보유상황보고서(일반),이의일
20251128002087,20251128,코스닥,다이나믹솔루션,290660,주식등의대량보유상황보고서(일반),비넷
20251128002069,20251128,코스닥,오킨스전자,080580,주식등의대량보유상황보고서(약식),제이피케이
20251128002064,20251128,코스피,삼성에피스홀딩스,0126Z0,주식등의대량보유상황보고서(일반),삼성물산
20251128002063,20251128,코스닥,나노실리칸첨단소재,286750,주식등의대량보유상황보고서(약식),실리칸그룹투자조합
20251128002055,20251128,코스피,이월드,084680,주식등의대량보유상황보고서(일반),이랜드월드
20251128002044,20251128,코스닥,엑셀세라퓨틱스,373110,[기재정정]주식등의대량보유상황보고서(일반),이의일
20251128002042,20251128,코스피,성창기업지주,000180,주식등의대량보유상황보고서(일반),정해린
20251128002041,20251128,코스피,한세실업,105630,주식등의대량보유상황보고서(일반),한세예스24홀딩스
20251128002036,20251128,코스피,한세예스24홀딩스,016450,주식등의대량보유상황보고서(일반),김동녕
20251128002027,20251128,코스피,두산,000150,주식등의대량보유상황보고서(일반),박정원
20251128002022,20251128,코스피,LG,003550,주식등의대량보유상황보고서(일반),학교법인LG연암학원
20251128002015,20251128,코스닥,그래피,318060,주식등의대량보유상황보고서(약식),액시스인베스트먼트
20251128001993,20251128,코스닥,웰크론한텍,076080,주식등의대량보유상황보고서(일반),웰크론
20251128001989,20251128,코스닥,드림어스컴퍼니,060570,주식등의대량보유상황보고서(일반),SK스퀘어
20251128001970,20251128,코스피,코오롱글로벌,003070,주식등의대량보유상황보고서(일반),코오롱
20251128001962,20251128,코스닥,오토앤,353590,주식등의대량보유상황보고서(약식),수성자산운용
20251128001928,20251128,코스피,코오롱인더,120110,주식등의대량보유상황보고서(일반),코오롱
20251128001921,20251128,코스닥,비보존 제약,082800,주식등의대량보유상황보고서(일반),비보존홀딩스
20251128001919,20251128,코스닥,조이웍스앤코,309930,[기재정정]주식등의대량보유상황보고서(약식),오하임투자조합
20251128001909,20251128,코스피,현대비앤지스틸,004560,주식등의대량보유상황보고서(일반),현대제철
20251128001900,20251128,코스피,KSS해운,044450,주식등의대량보유상황보고서(일반),박종규
20251128001886,20251128,코스닥,이삭엔지니어링,351330,주식등의대량보유상황보고서(일반),김창수
20251128001881,20251128,코스닥,에이직랜드,445090,주식등의대량보유상황보고서(일반),이종민
20251128001845,20251128,코스닥,비투엔,307870,주식등의대량보유상황보고서(일반),엑스트윈스1호조합
20251128001800,20251128,코스닥,아이즈비전,031310,주식등의대량보유상황보고서(일반),파워넷
20251128001796,20251128,코스닥,다이나믹솔루션,290660,주식등의대량보유상황보고서(약식),스칸디 신기술조합 제278호
20251128001783,20251128,코스닥,조이웍스앤코,309930,주식등의대량보유상황보고서(약식),오하임투자조합
20251128001755,20251128,코스닥,창해에탄올,004650,주식등의대량보유상황보고서(일반),임성우
20251128001752,20251128,코스닥,제이엘케이,322510,주식등의대량보유상황보고서(일반),김원태
20251128001696,20251128,코스피,대한조선,439260,주식등의대량보유상황보고서(일반),안다에이치자산운용
20251128001693,20251128,코스닥,다이나믹솔루션,290660,주식등의대량보유상황보고서(약식),화일약품
20251128001676,20251128,코스피,AJ네트웍스,095570,주식등의대량보유상황보고서(일반),문덕영
20251128001606,20251128,코스닥,브이티,018290,주식등의대량보유상황보고서(일반),정철
20251128001597,20251128,코스닥,코난테크놀로지,402030,주식등의대량보유상황보고서(일반),김영섬
20251128001432,20251128,코스닥,한울앤제주,276730,주식등의대량보유상황보고서(일반),한울반도체
20251128001371,20251128,코스닥,드림어스컴퍼니,060570,주식등의대량보유상황보고서(일반),비마이프렌즈
20251128001343,20251128,코스닥,롤링스톤,214610,주식등의대량보유상황보고서(약식),김우찬
20251128001247,20251128,코스닥,오텍,067170,주식등의대량보유상황보고서(일반),강성희
20251128001156,20251128,코스닥,HC보광산업,225530,주식등의대량보유상황보고서(일반),HC홈센타
20251128001153,20251128,코스피,INVENI,015360,주식등의대량보유상황보고서(일반),구자은
20251128001149,20251128,코스닥,HC홈센타,060560,주식등의대량보유상황보고서(일반),에이치씨파트너스
20251128001144,20251128,코스닥,코리아에프티,123410,주식등의대량보유상황보고서(약식),브이아이피자산운용
20251128001031,20251128,코스피,아모레퍼시픽홀딩스,002790,주식등의대량보유상황보고서(일반),서경배
20251128001000,20251128,코스닥,리메드,302550,주식등의대량보유상황보고서(일반),이근용
20251128000916,20251128,코스닥,엑스페릭스,317770,주식등의대량보유상황보고서(일반),윤상철
20251128000837,20251128,코스닥,테크윙,089030,주식등의대량보유상황보고서(약식),삼성자산운용
20251128000779,20251128,코스닥,오텍,067170,주식등의대량보유상황보고서(일반),에코리드
20251128000777,20251128,코스닥,수성웹툰,084180,주식등의대량보유상황보고서(일반),투믹스홀딩스
20251128000741,20251128,코스닥,수성웹툰,084180,주식등의대량보유상황보고서(일반),투믹스홀딩스
20251128000735,20251128,코스닥,폰드그룹,472850,주식등의대량보유상황보고서(일반),대명화학
20251128000673,20251128,코스닥,메가터치,446540,주식등의대량보유상황보고서(일반),티에스이
20251128000597,20251128,코스닥,토마토시스템,393210,주식등의대량보유상황보고서(일반),이상돈
20251128000541,20251128,코스피,한국앤컴퍼니,000240,주식등의대량보유상황보고서(일반),조현범
20251128000509,20251128,코스닥,오름테라퓨틱,475830,주식등의대량보유상황보고서(일반),이승주
20251128000507,20251128,코스닥,카티스,140430,주식등의대량보유상황보고서(일반),김승수
20251128000273,20251128,코스닥,코츠테크놀로지,448710,주식등의대량보유상황보고서(일반),조지원
20251128000265,20251128,코스닥,오비고,352910,주식등의대량보유상황보고서(일반),장영준
20251127001383,20251127,코스피,이수페타시스,007660,주식등의대량보유상황보고서(일반),이수
20251127001346,20251127,코스닥,원익IPS,240810,[기재정정]주식등의대량보유상황보고서(일반),원익홀딩스
20251127001319,20251127,코스닥,원익피앤이,217820,주식등의대량보유상황보고서(일반),원익홀딩스
20251127001314,20251127,코스닥,웰크론,065950,주식등의대량보유상황보고서(일반),이영규
20251127001187,20251127,코스닥,프로티나,468530,주식등의대량보유상황보고서(일반),윤태영
20251127001171,20251127,코스닥,씨엠티엑스,388210,주식등의대량보유상황보고서(약식),케이투인베스트먼트파트너스
20251127001156,20251127,코스닥,펨트론,168360,주식등의대량보유상황보고서(일반),유영웅
20251127001135,20251127,코스닥,펌텍코리아,251970,주식등의대량보유상황보고서(약식),FILLIMITED
20251127001133,20251127,코스닥,펨트론,168360,주식등의대량보유상황보고서(일반),덕인
20251127001089,20251127,코스닥,인카금융서비스,211050,주식등의대량보유상황보고서(일반),최병채
20251127001016,20251127,코스닥,이엠텍,091120,주식등의대량보유상황보고서(일반),정승규
20251127000937,20251127,코스피,한화생명,088350,주식등의대량보유상황보고서(일반),한화
20251127000935,20251127,코스닥,픽셀플러스,087600,주식등의대량보유상황보고서(일반),이서규
20251127000932,20251127,코스닥,상상인,038540,주식등의대량보유상황보고서(일반),유준원
20251127000914,20251127,코스닥,비츠로넥스텍,488900,주식등의대량보유상황보고서(약식),교보증권
20251127000908,20251127,코스닥,스튜디오미르,408900,주식등의대량보유상황보고서(일반),유재명
20251127000903,20251127,코스닥,이루온,065440,주식등의대량보유상황보고서(일반),이승구
20251127000899,20251127,코스닥,코아시아씨엠,196450,주식등의대량보유상황보고서(일반),코아시아케이프제일호신기술사업투자조합
20251127000854,20251127,코스닥,브이씨,365900,주식등의대량보유상황보고서(일반),김준오
20251127000788,20251127,코스닥,미래에셋비전스팩8호,0093G0,주식등의대량보유상황보고서(일반),미래에셋증권
20251127000602,20251127,코스닥,케이아이엔엑스,093320,주식등의대량보유상황보고서(약식),MiriCapitalManagementLLC
20251127000536,20251127,코스닥,현대사료,016790,주식등의대량보유상황보고서(일반),뜰안채건설
20251127000534,20251127,코스닥,나노실리칸첨단소재,286750,주식등의대량보유상황보고서(약식),한국대안투자자산운용
20251127000335,20251127,코스피,남선알미늄,008350,주식등의대량보유상황보고서(일반),삼라
20251127000324,20251127,코스닥,씨엠티엑스,388210,주식등의대량보유상황보고서(약식),기술보증기금
20251127000197,20251127,코스닥,피엠티,147760,주식등의대량보유상황보고서(일반),프로텍
20251127000159,20251127,코스닥,엠브레인,169330,주식등의대량보유상황보고서(일반),"MACROMILL,INC."
20251127000135,20251127,코스닥,리드코프,012700,주식등의대량보유상황보고서(일반),디케이마린
20251127000025,20251127,코스피,롯데렌탈,089860,주식등의대량보유상황보고서(약식),브이아이피자산운용
20251126000707,20251126,코스닥,씨엠티엑스,388210,주식등의대량보유상황보고서(약식),코리아반도체소부장제1호사모투자
20251126000704,20251126,코스닥,CSA 코스믹,083660,주식등의대량보유상황보고서(약식),지니집코리아
20251126000700,20251126,코스닥,KX하이텍,052900,주식등의대량보유상황보고서(일반),KX
20251126000697,20251126,코스닥,아스타,246720,[기재정정]주식등의대량보유상황보고서(일반),조응준
20251126000693,20251126,코스피,삼양바이오팜,0120G0,주식등의대량보유상황보고서(일반),김윤
20251126000680,20251126,코스피,만호제강,001080,주식등의대량보유상황보고서(일반),김상환
20251126000678,20251126,코스닥,앤로보틱스,138360,[기재정정]주식등의대량보유상황보고서(약식),고센인베스트먼트
20251126000666,20251126,코스닥,코아시아,045970,주식등의대량보유상황보고서(일반),이희준
20251126000636,20251126,코스닥,쿠콘,294570,주식등의대량보유상황보고서(일반),위피앤씨
20251126000623,20251126,코스닥,포바이포,389140,주식등의대량보유상황보고서(일반),윤준호
20251126000611,20251126,코스피,콜마홀딩스,024720,주식등의대량보유상황보고서(일반),윤상현
20251126000588,20251126,코스닥,유티아이,179900,주식등의대량보유상황보고서(일반),세븐브릿지제6호유니크글래스사모투자
20251126000578,20251126,코스피,극동유화,014530,주식등의대량보유상황보고서(일반),장선우
20251126000572,20251126,코스피,삼양홀딩스,000070,주식등의대량보유상황보고서(일반),김윤
20251126000555,20251126,코스피,DSR제강,069730,주식등의대량보유상황보고서(일반),홍하종
20251126000552,20251126,코스닥,삼영이엔씨,065570,주식등의대량보유상황보고서(일반),골드스톤 1호조합
20251126000551,20251126,코스피,극동유화,014530,주식등의대량보유상황보고서(일반),장홍선
20251126000547,20251126,코스닥,다원시스,068240,주식등의대량보유상황보고서(일반),박선순
20251126000543,20251126,코스닥,한스바이오메드,042520,주식등의대량보유상황보고서(약식),오스템임플란트
20251126000542,20251126,코스피,화승코퍼레이션,013520,주식등의대량보유상황보고서(일반),현지호
20251126000532,20251126,코스닥,지구홀딩스,221800,주식등의대량보유상황보고서(약식),일동홀딩스
20251126000525,20251126,코스닥,와이엠티,251370,주식등의대량보유상황보고서(일반),전성욱
20251126000518,20251126,코스닥,큐브엔터,182360,주식등의대량보유상황보고서(일반),강승곤
20251126000492,20251126,코스닥,코칩,126730,주식등의대량보유상황보고서(일반),손진형
20251126000490,20251126,코스닥,비엔케이제3호스팩,0068Y0,주식등의대량보유상황보고서(일반),제이비우리캐피탈
20251126000484,20251126,코스닥,아이티엠반도체,084850,주식등의대량보유상황보고서(일반),NICE
20251126000477,20251126,코스닥,국전,307750,주식등의대량보유상황보고서(일반),홍종호
20251126000465,20251126,코스닥,씨티케이,260930,주식등의대량보유상황보고서(일반),정인용
20251126000464,20251126,코스피,디아이동일,001530,주식등의대량보유상황보고서(약식),동양주택개발
20251126000454,20251126,코스닥,제테마,216080,주식등의대량보유상황보고서(일반),김재영
20251126000448,20251126,코스닥,에스와이,109610,주식등의대량보유상황보고서(일반),홍영돈
20251126000447,20251126,코스피,블루산업개발,006740,주식등의대량보유상황보고서(일반),대양금속
20251126000429,20251126,코스닥,일진파워,094820,주식등의대량보유상황보고서(일반),이광섭
20251126000298,20251126,코스닥,대성하이텍,129920,주식등의대량보유상황보고서(일반),최호형
20251126000270,20251126,코스닥,RFHIC,218410,주식등의대량보유상황보고서(일반),조덕수
20251126000257,20251126,코스닥,레이,228670,주식등의대량보유상황보고서(일반),레이홀딩스
20251126000093,20251126,코스닥,이노스페이스,462350,주식등의대량보유상황보고서(일반),김수종
20251126000020,20251126,코스닥,잉크테크,049550,주식등의대량보유상황보고서(일반),정광춘
20251125000724,20251126,코스닥,코메론,049430,주식등의대량보유상황보고서(약식),FederatedHermesLimited
20251125000720,20251125,코스닥,코메론,049430,[기재정정]주식등의대량보유상황보고서(약식),FederatedHermesLimited
20251125000716,20251125,코스피,황금에스티,032560,주식등의대량보유상황보고서(일반),김종현
20251125000710,20251125,코스닥,아이엘,307180,주식등의대량보유상황보고서(일반),송성근
20251125000678,20251125,코스닥,애드바이오텍,179530,주식등의대량보유상황보고서(약식),더테크 밸류업 조합
20251125000676,20251125,코스닥,비츠로넥스텍,488900,주식등의대량보유상황보고서(일반),비츠로테크
20251125000673,20251125,코스닥,가비아,079940,[기재정정]주식등의대량보유상황보고서(일반),얼라인파트너스자산운용
20251125000670,20251125,코스닥,가비아,079940,[기재정정]주식등의대량보유상황보고서(약식),얼라인파트너스자산운용
20251125000664,20251125,코스피,솔루엠,248070,주식등의대량보유상황보고서(일반),얼라인파트너스자산운용
20251125000663,20251125,코스닥,야스,255440,주식등의대량보유상황보고서(일반),정광호
20251125000660,20251125,코스피,솔루엠,248070,[기재정정]주식등의대량보유상황보고서(일반),얼라인파트너스자산운용
20251125000656,20251125,코스닥,대림제지,017650,주식등의대량보유상황보고서(일반),류창승
20251125000654,20251125,코스피,솔루엠,248070,[기재정정]주식등의대량보유상황보고서(약식),얼라인파트너스자산운용
20251125000653,20251125,코스닥,LS마린솔루션,060370,주식등의대량보유상황보고서(일반),LS전선
20251125000650,20251125,코스피,덴티움,145720,주식등의대량보유상황보고서(일반),얼라인파트너스자산운용
20251125000647,20251125,코스닥,대림제지,017650,주식등의대량보유상황보고서(일반),권오달
20251125000645,20251125,코스피,덴티움,145720,[기재정정]주식등의대량보유상황보고서(일반),얼라인파트너스자산운용
20251125000639,20251125,코스피,덴티움,145720,[기재정정]주식등의대량보유상황보고서(약식),얼라인파트너스자산운용
20251125000633,20251125,코스피,스틱인베스트먼트,026890,주식등의대량보유상황보고서(일반),얼라인파트너스자산운용
20251125000627,20251125,코스피,스틱인베스트먼트,026890,[기재정정]주식등의대량보유상황보고서(일반),얼라인파트너스자산운용
20251125000622,20251125,코스닥,인텍플러스,064290,주식등의대량보유상황보고서(일반),이상윤
20251125000618,20251125,코스피,스틱인베스트먼트,026890,[기재정정]주식등의대량보유상황보고서(약식),얼라인파트너스자산운용
20251125000610,20251125,코스닥,보로노이,310210,주식등의대량보유상황보고서(일반),김현태
20251125000587,20251125,코스닥,수산아이앤티,050960,주식등의대량보유상황보고서(일반),정보윤
20251125000566,20251125,코스닥,뉴엔AI,463020,주식등의대량보유상황보고서(약식),이재희
20251125000550,20251125,코스닥,SY동아,041930,주식등의대량보유상황보고서(일반),삼영파트너스
20251125000538,20251125,코스피,콘텐트리중앙,036420,주식등의대량보유상황보고서(일반),중앙피앤아이
20251125000529,20251125,코스닥,현대바이오,048410,주식등의대량보유상황보고서(일반),씨앤팜
20251125000509,20251125,코스닥,파인엠텍,441270,주식등의대량보유상황보고서(약식),타이거자산운용투자일임
20251125000507,20251125,코스닥,씨엠티엑스,388210,주식등의대량보유상황보고서(일반),박성훈
20251125000489,20251125,코스닥,앱클론,174900,주식등의대량보유상황보고서(일반),이종서
20251125000478,20251125,코스닥,파인엠텍,441270,주식등의대량보유상황보고서(일반),홍성천
20251125000469,20251125,코스닥,네오셈,253590,주식등의대량보유상황보고서(일반),배윤영
20251125000440,20251125,코스닥,나우로보틱스,459510,[기재정정]주식등의대량보유상황보고서(일반),이종주
20251125000383,20251125,코스닥,애드바이오텍,179530,주식등의대량보유상황보고서(일반),비케이파트너스투자조합1호
20251125000350,20251125,코스닥,에프앤가이드,064850,주식등의대량보유상황보고서(약식),BoxHoldingsLP
20251125000331,20251125,코스닥,브이씨,365900,주식등의대량보유상황보고서(일반),김준오
20251125000319,20251125,코스피,미래에셋생명,085620,주식등의대량보유상황보고서(일반),미래에셋증권
20251125000272,20251125,코스닥,앱클론,174900,주식등의대량보유상황보고서(약식),종근당
20251125000260,20251125,코스닥,로젠,033290,주식등의대량보유상황보고서(일반),대명화학
20251125000254,20251125,코스닥,유비쿼스홀딩스,078070,주식등의대량보유상황보고서(약식),박영옥
20251125000185,20251125,코스닥,제이에스링크,127120,주식등의대량보유상황보고서(일반),주성씨앤에어
20251125000020,20251125,코스닥,가비아,079940,주식등의대량보유상황보고서(일반),얼라인파트너스자산운용
20251124000374,20251124,코스닥,쎄크,081180,주식등의대량보유상황보고서(일반),원익뉴그로쓰2020사모투자
20251124000371,20251124,코스닥,앤로보틱스,138360,주식등의대량보유상황보고서(약식),고센인베스트먼트
20251124000361,20251124,코스닥,LK삼양,225190,주식등의대량보유상황보고서(일반),엘케이
20251124000357,20251124,코스닥,오이솔루션,138080,주식등의대량보유상황보고서(일반),박찬
20251124000348,20251124,코스피,두산밥캣,241560,주식등의대량보유상황보고서(일반),두산에너빌리티
20251124000346,20251124,코스닥,가온칩스,399720,주식등의대량보유상황보고서(일반),정규동
20251124000343,20251124,코스닥,씨엠티엑스,388210,주식등의대량보유상황보고서(약식),한국산업은행
20251124000341,20251124,코스닥,스맥,099440,주식등의대량보유상황보고서(일반),SNT홀딩스
20251124000316,20251124,코스피,디와이에이,002880,주식등의대량보유상황보고서(일반),동강홀딩스
20251124000311,20251124,코스닥,씨앤씨인터내셔널,352480,주식등의대량보유상황보고서(약식),아이비케이캐피탈
20251124000306,20251124,코스피,KG케미칼,001390,주식등의대량보유상황보고서(일반),케이지제로인
20251124000291,20251124,코스피,두산에너빌리티,034020,주식등의대량보유상황보고서(일반),두산
20251124000289,20251124,코스닥,나우로보틱스,459510,[기재정정]주식등의대량보유상황보고서(일반),이종주
20251124000279,20251124,코스닥,그린광학,0015G0,[기재정정]주식등의대량보유상황보고서(일반),조현일
20251124000274,20251124,코스닥,위즈코프,038620,주식등의대량보유상황보고서(일반),정승환
20251124000266,20251124,코스닥,희림,037440,주식등의대량보유상황보고서(일반),정영균
20251124000255,20251124,코스닥,한중엔시에스,107640,주식등의대량보유상황보고서(일반),김환식
20251124000246,20251124,코스닥,비엔케이제3호스팩,0068Y0,주식등의대량보유상황보고서(일반),BNK투자증권
20251124000244,20251124,코스닥,에이아이코리아,364950,주식등의대량보유상황보고서(일반),안진호
20251124000240,20251124,코스닥,모아데이타,288980,주식등의대량보유상황보고서(일반),한상진
20251124000221,20251124,코스닥,SG,255220,주식등의대량보유상황보고서(일반),박창호
20251124000218,20251124,코스닥,서울옥션,063170,주식등의대량보유상황보고서(일반),이호재
20251124000213,20251124,코스피,HDC,012630,주식등의대량보유상황보고서(일반),정몽규
20251124000211,20251124,코스피,미스토홀딩스,081660,주식등의대량보유상황보고서(일반),피에몬테
20251124000202,20251124,코스닥,올리패스,244460,주식등의대량보유상황보고서(일반),제노큐어
20251124000200,20251124,코스닥,강원에너지,114190,주식등의대량보유상황보고서(일반),평산파트너스
20251124000189,20251124,코스닥,씨유메디칼,115480,주식등의대량보유상황보고서(일반),씨유코퍼레이션
20251124000187,20251124,코스닥,중앙첨단소재,051980,주식등의대량보유상황보고서(일반),광무
20251124000186,20251124,코스닥,삼일,032280,주식등의대량보유상황보고서(일반),티디
20251124000185,20251124,코스피,크래프톤,259960,주식등의대량보유상황보고서(일반),장병규
20251124000184,20251124,코스피,농심,004370,주식등의대량보유상황보고서(일반),신동원
20251124000175,20251124,코스닥,핑거스토리,417180,주식등의대량보유상황보고서(일반),글로벌텍스프리
20251124000174,20251124,코스닥,엠디바이스,226590,[기재정정]주식등의대량보유상황보고서(약식),포지티브 대아 신기술투자조합 제1호
20251124000110,20251124,코스닥,에코아이,448280,주식등의대량보유상황보고서(일반),전종수
20251124000076,20251124,코스닥,넥스턴앤롤코리아,089140,주식등의대량보유상황보고서(약식),바로저축은행
20251124000075,20251124,코스피,명문제약,017180,주식등의대량보유상황보고서(일반),우석민
20251124000073,20251124,코스닥,메카로,241770,주식등의대량보유상황보고서(일반),이재정
20251124000044,20251124,코스닥,도이치모터스,067990,주식등의대량보유상황보고서(일반),권오수
20251124000024,20251124,코스닥,알트,459550,주식등의대량보유상황보고서(일반),크로스로드6호사모투자
20251124000012,20251124,코스닥,가온그룹,078890,주식등의대량보유상황보고서(일반),임동연
20251124000004,20251124,코스닥,알트,459550,주식등의대량보유상황보고서(약식),비디씨랩스
20251121000502,20251124,코스닥,알트,459550,주식등의대량보유상황보고서(약식),비디씨파트너스
20251121000495,20251121,코스닥,폴라리스AI,039980,주식등의대량보유상황보고서(일반),폴라리스우노
20251121000490,20251121,코스닥,휴메딕스,200670,주식등의대량보유상황보고서(일반),휴온스글로벌
20251121000485,20251121,코스닥,한울앤제주,276730,주식등의대량보유상황보고서(약식),그린스트리트
20251121000482,20251121,코스피,미원홀딩스,107590,주식등의대량보유상황보고서(일반),김정돈
20251121000474,20251121,코스피,KSS해운,044450,주식등의대량보유상황보고서(일반),박종규
20251121000468,20251121,코스닥,그린광학,0015G0,주식등의대량보유상황보고서(일반),조현일
20251121000456,20251121,코스닥,에이치엔에스하이텍,044990,주식등의대량보유상황보고서(일반),김정희
20251121000441,20251121,코스닥,한울반도체,320000,주식등의대량보유상황보고서(일반),한울소재과학
20251121000440,20251121,코스닥,노을,376930,주식등의대량보유상황보고서(일반),"MSEED,INC."
20251121000438,20251121,코스닥,우리넷,115440,주식등의대량보유상황보고서(일반),넷솔루션즈홀딩스
20251121000436,20251121,코스피,하이브,352820,주식등의대량보유상황보고서(일반),방시혁
20251121000435,20251121,코스닥,엔켐,348370,주식등의대량보유상황보고서(일반),오정강
20251121000427,20251121,코스피,차AI헬스케어,025620,주식등의대량보유상황보고서(약식),제이엔코스메틱
20251121000426,20251121,코스닥,한울소재과학,091440,주식등의대량보유상황보고서(일반),루시
20251121000425,20251121,코스피,BYC,001460,주식등의대량보유상황보고서(일반),트러스톤자산운용
20251121000424,20251121,코스닥,휴엠앤씨,263920,주식등의대량보유상황보고서(일반),휴온스글로벌
20251121000419,20251121,코스닥,휴온스글로벌,084110,주식등의대량보유상황보고서(일반),윤성태
20251121000418,20251121,코스피,하이브,352820,[기재정정]주식등의대량보유상황보고서(일반),방시혁
20251121000412,20251121,코스닥,티엘비,356860,주식등의대량보유상황보고서(약식),MORGANSTANLEY&COINTLPLC
20251121000406,20251121,코스피,경보제약,214390,주식등의대량보유상황보고서(일반),종근당홀딩스
20251121000404,20251121,코스피,한화리츠,451800,주식등의대량보유상황보고서(일반),미래에셋자산운용
20251121000398,20251121,코스피,한국타이어앤테크놀로지,161390,주식등의대량보유상황보고서(일반),한국앤컴퍼니
20251121000384,20251121,코스피,에이프로젠,007460,주식등의대량보유상황보고서(일반),지베이스
20251121000383,20251121,코스닥,로보티즈,108490,주식등의대량보유상황보고서(일반),김병수
20251121000379,20251121,코스닥,유비온,084440,주식등의대량보유상황보고서(일반),임재환
20251121000377,20251121,코스닥,엠플러스,259630,주식등의대량보유상황보고서(약식),에벤투스2차전지제1의2호사모투자
20251121000370,20251121,코스피,INVENI,015360,주식등의대량보유상황보고서(일반),구자은
20251121000369,20251121,코스닥,한울앤제주,276730,주식등의대량보유상황보고서(일반),한울반도체
20251121000360,20251121,코스피,삼진제약,005500,주식등의대량보유상황보고서(일반),최승주
20251121000349,20251121,코스피,콜마홀딩스,024720,주식등의대량보유상황보고서(일반),윤상현
20251121000342,20251121,코스닥,에프엔에스테크,083500,주식등의대량보유상황보고서(일반),한경희
20251121000333,20251121,코스닥,경남제약,053950,주식등의대량보유상황보고서(일반),미니쉬테크놀로지
20251121000331,20251121,코스피,쏘카,403550,주식등의대량보유상황보고서(일반),에스오큐알아이
20251121000308,20251121,코스피,디와이에이,002880,주식등의대량보유상황보고서(약식),디에이치정공
20251121000305,20251121,코스닥,리메드,302550,주식등의대량보유상황보고서(일반),이근용
20251121000304,20251121,코스닥,판타지오,032800,주식등의대량보유상황보고서(일반),아티스트
20251121000299,20251121,코스닥,CSA 코스믹,083660,주식등의대량보유상황보고서(일반),브이핑크홀딩스
20251121000297,20251121,코스닥,엠투엔,033310,주식등의대량보유상황보고서(일반),디케이마린
20251121000282,20251121,코스닥,광무,029480,주식등의대량보유상황보고서(일반),한스루체
20251121000279,20251121,코스닥,쏠리드,050890,주식등의대량보유상황보고서(일반),정준
20251121000253,20251121,코스닥,디알텍,214680,주식등의대량보유상황보고서(약식),오스템임플란트
20251121000252,20251121,코스피,차AI헬스케어,025620,주식등의대량보유상황보고서(일반),메타엑스1호조합
20251121000123,20251121,코스닥,에코프로,086520,주식등의대량보유상황보고서(일반),이동채
20251121000107,20251121,코스닥,신라섬유,001000,주식등의대량보유상황보고서(약식),김대용
20251121000099,20251121,코스닥,오름테라퓨틱,475830,주식등의대량보유상황보고서(일반),이승주
20251121000097,20251121,코스닥,사이냅소프트,466410,주식등의대량보유상황보고서(일반),전경헌
20251121000096,20251121,코스닥,에이치피오,357230,주식등의대량보유상황보고서(일반),이현용
20251121000086,20251121,코스닥,뉴파워프라즈마,144960,주식등의대량보유상황보고서(일반),최대규
20251121000073,20251121,코스피,서흥,008490,주식등의대량보유상황보고서(약식),우승환
20251121000064,20251121,코스닥,알트,459550,주식등의대량보유상황보고서(약식),릴슨-JD TOP 조합
20251121000003,20251121,코스닥,코렌텍,104540,주식등의대량보유상황보고서(일반),선두훈
20251120000556,20251120,코스닥,쓰리빌리언,394800,주식등의대량보유상황보고서(일반),금창원
20251120000552,20251120,코스피,엘앤에프,066970,주식등의대량보유상황보고서(일반),새로닉스
20251120000542,20251120,코스닥,엑시온그룹,069920,주식등의대량보유상황보고서(약식),최계림
20251120000531,20251120,코스닥,더핑크퐁컴퍼니,403850,주식등의대량보유상황보고서(일반),김민석
20251120000529,20251120,코스피,서울식품공업,004410,주식등의대량보유상황보고서(일반),서성훈
20251120000470,20251120,코스닥,오가닉티코스메틱,900300,주식등의대량보유상황보고서(약식),ZHUOHUAINVESTMENTHOLDINGSPTE.LTD.
20251120000469,20251120,코스닥,큐리오시스,494120,주식등의대량보유상황보고서(약식),신한캐피탈
20251120000467,20251120,코스닥,오가닉티코스메틱,900300,주식등의대량보유상황보고서(약식),ZHANGXIAOYING
20251120000462,20251120,코스닥,오가닉티코스메틱,900300,주식등의대량보유상황보고서(약식),LI GUOLI
20251120000453,20251120,코스닥,오가닉티코스메틱,900300,주식등의대량보유상황보고서(약식),LEI TINGTING
20251120000451,20251120,코스닥,동화기업,025900,주식등의대량보유상황보고서(일반),"DONGWHAINTERNATIONALCO.,LTD"
20251120000450,20251120,코스닥,LS마린솔루션,060370,주식등의대량보유상황보고서(일반),케이디비씨장보고사모투자
20251120000435,20251120,코스닥,핑거스토리,417180,주식등의대량보유상황보고서(약식),비엔비자산운용
20251120000434,20251120,코스피,메리츠금융지주,138040,주식등의대량보유상황보고서(일반),조정호
20251120000426,20251120,코스닥,엑시온그룹,069920,주식등의대량보유상황보고서(약식),쓰리문개발
20251120000421,20251120,코스피,디아이씨,092200,주식등의대량보유상황보고서(일반),김성문
20251120000413,20251120,코스닥,엑시온그룹,069920,주식등의대량보유상황보고서(약식),쓰리문개발
20251120000412,20251120,코스닥,글로벌텍스프리,204620,주식등의대량보유상황보고서(일반),문양근
20251120000409,20251120,코스닥,에이비온,203400,주식등의대량보유상황보고서(일반),신영기
20251120000403,20251120,코스피,애경산업,018250,주식등의대량보유상황보고서(일반),AK홀딩스
20251120000399,20251120,코스피,애경케미칼,161000,주식등의대량보유상황보고서(일반),AK홀딩스
20251120000394,20251120,코스피,제주항공,089590,주식등의대량보유상황보고서(일반),AK홀딩스
20251120000392,20251120,코스닥,제이에스링크,127120,주식등의대량보유상황보고서(일반),주성씨앤에어
20251120000391,20251120,코스닥,엑시온그룹,069920,주식등의대량보유상황보고서(약식),쓰리문개발
20251120000383,20251120,코스닥,엑시온그룹,069920,주식등의대량보유상황보고서(약식),쓰리문개발
20251120000329,20251120,코스닥,강원에너지,114190,주식등의대량보유상황보고서(일반),평산파트너스
20251120000263,20251120,코스피,케이티,030200,주식등의대량보유상황보고서(약식),"티로우프라이스어소시에이트,인크."
20251120000235,20251120,코스피,E1,017940,주식등의대량보유상황보고서(약식),신영자산운용
20251120000214,20251120,코스닥,청보,013720,주식등의대량보유상황보고서(약식),이니텍
20251120000163,20251120,코스닥,에이치엔에스하이텍,044990,주식등의대량보유상황보고서(약식),동현
20251120000162,20251120,코스닥,브이씨,365900,주식등의대량보유상황보고서(일반),김준오
20251120000159,20251120,코스닥,빅솔론,093190,주식등의대량보유상황보고서(일반),아이디스홀딩스
20251120000148,20251120,코스닥,리드코프,012700,주식등의대량보유상황보고서(일반),디케이마린
20251120000145,20251120,코스닥,성광벤드,014620,주식등의대량보유상황보고서(약식),JPMorganAssetManagement(AsiaPacific)Limited
20251120000138,20251120,코스피,대한해운,005880,주식등의대량보유상황보고서(일반),에스엠상선
20251120000120,20251120,코스닥,인산가,277410,주식등의대량보유상황보고서(일반),김윤세
20251120000093,20251120,코스닥,HC보광산업,225530,주식등의대량보유상황보고서(일반),HC홈센타
20251120000083,20251120,코스닥,HC홈센타,060560,주식등의대량보유상황보고서(일반),에이치씨파트너스
20251120000068,20251120,코스피,모나미,005360,주식등의대량보유상황보고서(일반),송하경
20251120000041,20251120,코스피,한국앤컴퍼니,000240,주식등의대량보유상황보고서(일반),조현범
20251120000036,20251120,코스피,한국타이어앤테크놀로지,161390,주식등의대량보유상황보고서(일반),한국앤컴퍼니
20251120000015,20251120,코스피,엠씨넥스,097520,주식등의대량보유상황보고서(일반),민동욱
20251120000008,20251120,코스닥,티케이케미칼,104480,주식등의대량보유상황보고서(일반),에스엠인더스트리
20251119000315,20251120,코스닥,큐리오시스,494120,주식등의대량보유상황보고서(약식),스틱벤처스
20251119000312,20251119,코스닥,미래나노텍,095500,주식등의대량보유상황보고서(일반),김철영
20251119000298,20251119,코스닥,삼기,122350,주식등의대량보유상황보고서(일반),김치환
20251119000293,20251119,코스닥,가온그룹,078890,주식등의대량보유상황보고서(일반),임동연
20251119000278,20251119,코스닥,에스티아이,039440,주식등의대량보유상황보고서(약식),KB자산운용
20251119000266,20251119,코스닥,세나테크놀로지,061090,주식등의대량보유상황보고서(일반),케이오일호투자
20251119000262,20251119,코스닥,정원엔시스,045510,주식등의대량보유상황보고서(일반),김태권
20251119000261,20251119,코스피,HDC,012630,주식등의대량보유상황보고서(일반),정몽규
20251119000260,20251119,코스닥,포바이포,389140,주식등의대량보유상황보고서(일반),윤준호
20251119000258,20251119,코스닥,정원엔시스,045510,주식등의대량보유상황보고서(일반),김현종
20251119000244,20251119,코스피,현대차증권,001500,주식등의대량보유상황보고서(약식),세종
20251119000243,20251119,코스피,현대차증권,001500,주식등의대량보유상황보고서(약식),세종텔레콤
20251119000241,20251119,코스닥,파인엠텍,441270,주식등의대량보유상황보고서(일반),홍성천
20251119000240,20251119,코스닥,위세아이텍,065370,주식등의대량보유상황보고서(일반),김다산
20251119000238,20251119,코스피,현대제철,004020,주식등의대량보유상황보고서(약식),국민연금공단
20251119000236,20251119,코스피,삼성물산,028260,주식등의대량보유상황보고서(약식),국민연금공단
20251119000235,20251119,코스피,GS건설,006360,주식등의대량보유상황보고서(약식),국민연금공단
20251119000223,20251119,코스닥,큐리오시스,494120,주식등의대량보유상황보고서(일반),윤호영
20251119000217,20251119,코스피,HS효성첨단소재,298050,주식등의대량보유상황보고서(일반),HS효성
20251119000213,20251119,코스닥,뉴트리,270870,주식등의대량보유상황보고서(일반),김도언
20251119000211,20251119,코스피,SK가스,018670,주식등의대량보유상황보고서(일반),SK디스커버리
20251119000210,20251119,코스닥,이삭엔지니어링,351330,주식등의대량보유상황보고서(일반),김창수
20251119000208,20251119,코스닥,상보,027580,주식등의대량보유상황보고서(일반),김상근
20251119000197,20251119,코스닥,젬백스,082270,주식등의대량보유상황보고서(일반),젬앤컴퍼니
20251119000196,20251119,코스닥,플라즈맵,405000,주식등의대량보유상황보고서(일반),드림텍
20251119000194,20251119,코스피,다우기술,023590,주식등의대량보유상황보고서(일반),다우데이타
20251119000193,20251119,코스닥,비씨엔씨,146320,주식등의대량보유상황보고서(일반),김돈한
20251119000191,20251119,코스피,대림통상,006570,주식등의대량보유상황보고서(일반),디앤디파트너스
20251119000190,20251119,코스닥,FSN,214270,주식등의대량보유상황보고서(일반),제이투비
20251119000176,20251119,코스닥,삼화네트웍스,046390,주식등의대량보유상황보고서(일반),신상윤
20251119000171,20251119,코스닥,흥국에프엔비,189980,주식등의대량보유상황보고서(일반),오길영
20251119000153,20251119,코스닥,제이에스링크,127120,주식등의대량보유상황보고서(일반),주성씨앤에어
20251119000144,20251119,코스닥,대한뉴팜,054670,주식등의대량보유상황보고서(일반),이완진
20251119000137,20251119,코스닥,핑거스토리,417180,주식등의대량보유상황보고서(약식),시너지아이비투자
20251119000136,20251119,코스닥,가온그룹,078890,주식등의대량보유상황보고서(일반),임동연
20251119000135,20251119,코스피,에이피알,278470,주식등의대량보유상황보고서(약식),MORGANSTANLEY&COINTLPLC
20251119000128,20251119,코스닥,폰드그룹,472850,주식등의대량보유상황보고서(일반),대명화학
20251119000085,20251119,코스닥,알에프텍,061040,주식등의대량보유상황보고서(일반),알에프스탠다드
20251119000075,20251119,코스닥,메가스터디교육,215200,주식등의대량보유상황보고서(약식),SwedbankRoburFonderAB
20251119000068,20251119,코스닥,지구홀딩스,221800,주식등의대량보유상황보고서(약식),엔디에스
20251119000059,20251119,코스닥,알트,459550,주식등의대량보유상황보고서(일반),이상수
20251119000032,20251119,코스피,서원,021050,주식등의대량보유상황보고서(일반),조시영
20251119000010,20251119,코스피,달바글로벌,483650,주식등의대량보유상황보고서(약식),M&GINVESTMENTMANAGEMENTLIMITED
20251118000357,20251118,코스닥,이상네트웍스,080010,주식등의대량보유상황보고서(약식),하성일
20251118000355,20251118,코스닥,삼지전자,037460,주식등의대량보유상황보고서(일반),이기남
20251118000342,20251118,코스닥,엔비티,236810,주식등의대량보유상황보고서(일반),박수근
20251118000327,20251118,코스피,황금에스티,032560,주식등의대량보유상황보고서(일반),김종현
20251118000318,20251118,코스닥,노을,376930,주식등의대량보유상황보고서(일반),"MSEED,INC."
20251118000303,20251118,코스피,금호석유화학,011780,주식등의대량보유상황보고서(일반),박찬구
20251118000298,20251118,코스닥,에이치엔에스하이텍,044990,주식등의대량보유상황보고서(일반),김정희
20251118000286,20251118,코스닥,제이스코홀딩스,023440,주식등의대량보유상황보고서(일반),캐디언스시스템
20251118000273,20251118,코스닥,이지홀딩스,035810,주식등의대량보유상황보고서(일반),지현욱
20251118000269,20251118,코스닥,딥노이드,315640,주식등의대량보유상황보고서(일반),최우식
20251118000262,20251118,코스닥,제이에스링크,127120,주식등의대량보유상황보고서(일반),주성씨앤에어
20251118000249,20251118,코스닥,하림지주,003380,주식등의대량보유상황보고서(일반),김홍국
20251118000244,20251118,코스닥,에르코스,435570,주식등의대량보유상황보고서(일반),김슬기
20251118000243,20251118,코스닥,에피소드컴퍼니,317530,주식등의대량보유상황보고서(일반),글로벌도약크로스보더투자조합1호
20251118000233,20251118,코스닥,씨유메디칼,115480,주식등의대량보유상황보고서(약식),엑스큐어
20251118000229,20251118,코스닥,다우데이타,032190,주식등의대량보유상황보고서(일반),김익래
20251118000220,20251118,코스피,한국제지,027970,주식등의대량보유상황보고서(일반),해성산업
20251118000216,20251118,코스닥,씨젠,096530,주식등의대량보유상황보고서(일반),천종윤
20251118000212,20251118,코스닥,이미지스,115610,주식등의대량보유상황보고서(일반),김정철
20251118000207,20251118,코스닥,비보존 제약,082800,주식등의대량보유상황보고서(일반),비보존홀딩스
20251118000192,20251118,코스닥,MDS테크,086960,주식등의대량보유상황보고서(일반),플레이그램
20251118000191,20251118,코스닥,코아스템켐온,166480,주식등의대량보유상황보고서(일반),김경숙
20251118000187,20251118,코스닥,가온그룹,078890,주식등의대량보유상황보고서(약식),가온근로복지기금
20251118000186,20251118,코스닥,CJ프레시웨이,051500,주식등의대량보유상황보고서(약식),브이아이피자산운용
20251118000173,20251118,코스피,LF,093050,주식등의대량보유상황보고서(일반),구본걸
20251118000149,20251118,코스닥,더핑크퐁컴퍼니,403850,주식등의대량보유상황보고서(약식),케이티
20251118000140,20251118,코스피,삼일씨엔에스,004440,주식등의대량보유상황보고서(일반),대림
20251118000132,20251118,코스닥,LS마린솔루션,060370,주식등의대량보유상황보고서(일반),LS전선
20251118000115,20251118,코스닥,수성웹툰,084180,주식등의대량보유상황보고서(일반),투믹스홀딩스
20251118000113,20251118,코스피,명문제약,017180,주식등의대량보유상황보고서(일반),우석민
20251118000112,20251118,코스닥,오공,045060,주식등의대량보유상황보고서(일반),김윤정
20251118000097,20251118,코스닥,샤페론,378800,주식등의대량보유상황보고서(일반),성승용
20251118000072,20251118,코스피,달바글로벌,483650,주식등의대량보유상황보고서(약식),M&GINVESTMENTMANAGEMENTLIMITED
20251118000059,20251118,코스닥,하이즈항공,221840,주식등의대량보유상황보고서(일반),하상헌
20251118000015,20251118,코스닥,에어레인,163280,주식등의대량보유상황보고서(약식),SK이노베이션
20251117000244,20251117,코스피,파라다이스,034230,주식등의대량보유상황보고서(일반),파라다이스글로벌
20251117000241,20251117,코스피,금호타이어,073240,주식등의대량보유상황보고서(일반),싱웨이코리아
20251117000240,20251117,코스닥,젝시믹스,337930,주식등의대량보유상황보고서(약식),한국투자파트너스
20251117000230,20251117,코스피,현대백화점,069960,주식등의대량보유상황보고서(약식),"KopernikGlobalInvestors,LLC"
20251117000224,20251117,코스피,종근당,185750,주식등의대량보유상황보고서(약식),"KopernikGlobalInvestors,LLC"
20251117000219,20251117,코스피,엑시큐어하이트론,019490,주식등의대량보유상황보고서(일반),더테크놀로지
20251117000216,20251117,코스피,엑시큐어하이트론,019490,주식등의대량보유상황보고서(일반),손오공
20251117000172,20251117,코스닥,아리바이오홀딩스,290690,주식등의대량보유상황보고서(일반),정재준
20251117000169,20251117,코스닥,하나머티리얼즈,166090,주식등의대량보유상황보고서(일반),하나마이크론
20251117000151,20251117,코스닥,태웅로직스,124560,주식등의대량보유상황보고서(일반),한재동
20251117000139,20251117,코스닥,글로벌텍스프리,204620,주식등의대량보유상황보고서(일반),문양근
20251117000138,20251117,코스닥,한일단조,024740,주식등의대량보유상황보고서(일반),홍진산업
20251117000134,20251117,코스닥,파버나인,177830,주식등의대량보유상황보고서(일반),이제훈
20251117000116,20251117,코스닥,야스,255440,주식등의대량보유상황보고서(일반),정광호
20251117000102,20251117,코스닥,세보엠이씨,011560,주식등의대량보유상황보고서(약식),브이아이피자산운용
20251117000055,20251117,코스닥,펌텍코리아,251970,주식등의대량보유상황보고서(약식),FILLIMITED
20251117000054,20251117,코스닥,더블유씨피,393890,주식등의대량보유상황보고서(약식),MacquarieBankLimited
20251117000037,20251117,코스피,삼성증권,016360,주식등의대량보유상황보고서(일반),삼성생명
20251117000035,20251117,코스피,한국타이어앤테크놀로지,161390,[기재정정]주식등의대량보유상황보고서(일반),한국앤컴퍼니
20251117000027,20251117,코스닥,에스엠씨지,460870,주식등의대량보유상황보고서(일반),최승호
20251117000013,20251117,코스닥,인산가,277410,주식등의대량보유상황보고서(일반),김윤세
20251114003128,20251114,코스닥,레이저쎌,412350,주식등의대량보유상황보고서(일반),안건준
20251114003108,20251114,코스닥,지구홀딩스,221800,주식등의대량보유상황보고서(일반),이재웅
20251114003076,20251114,코스닥,에이치엔에스하이텍,044990,주식등의대량보유상황보고서(일반),김정희
20251114003061,20251114,코스닥,신성에스티,416180,주식등의대량보유상황보고서(약식),안병두
20251114003059,20251114,코스닥,인크레더블버즈,064090,주식등의대량보유상황보고서(약식),엠제이홀딩컴퍼니
20251114003007,20251114,코스피,삼양식품,003230,주식등의대량보유상황보고서(일반),삼양라운드스퀘어
20251114002992,20251114,코스닥,원익IPS,240810,주식등의대량보유상황보고서(일반),원익홀딩스
20251114002969,20251114,코스닥,서부T&D,006730,주식등의대량보유상황보고서(일반),엠와이에이치
20251114002963,20251114,코스닥,서진시스템,178320,주식등의대량보유상황보고서(일반),전동규
20251114002935,20251114,코스피,KSS해운,044450,주식등의대량보유상황보고서(일반),박종규
20251114002841,20251114,코스닥,바이오다인,314930,주식등의대량보유상황보고서(일반),임욱빈
20251114002833,20251114,코스피,웅진,016880,주식등의대량보유상황보고서(일반),윤새봄
20251114002788,20251114,코스피,성창기업지주,000180,주식등의대량보유상황보고서(일반),정해린
20251114002697,20251114,코스닥,텔콘RF제약,200230,주식등의대량보유상황보고서(일반),뉴온
20251114002665,20251114,코스피,콜마홀딩스,024720,주식등의대량보유상황보고서(일반),윤상현
20251114002596,20251114,코스닥,PS일렉트로닉스,332570,주식등의대량보유상황보고서(일반),유대규
20251114002539,20251114,코스닥,이노테크,469610,주식등의대량보유상황보고서(약식),케이비증권
20251114002458,20251114,코스피,엑시큐어하이트론,019490,주식등의대량보유상황보고서(일반),유수
20251114002457,20251114,코스닥,큐브엔터,182360,주식등의대량보유상황보고서(일반),강승곤
20251114002393,20251114,코스피,에이프로젠,007460,주식등의대량보유상황보고서(일반),지베이스
20251114002323,20251114,코스닥,카티스,140430,주식등의대량보유상황보고서(일반),김승수
20251114002299,20251114,코스닥,제닉,123330,주식등의대량보유상황보고서(약식),메디퓨처스
20251114002279,20251114,코스닥,엠투엔,033310,주식등의대량보유상황보고서(일반),디케이마린
20251114002242,20251114,코스닥,GRT,900290,주식등의대량보유상황보고서(일반),신루이샹홀딩리미티드
20251114002170,20251114,코스닥,에이텍모빌리티,224110,주식등의대량보유상황보고서(일반),신승영
20251114002140,20251114,코스닥,한국파마,032300,주식등의대량보유상황보고서(일반),박은희
20251114002123,20251114,코스피,한국토지신탁,034830,주식등의대량보유상황보고서(일반),엠케이인베스트먼트
20251114001950,20251114,코스닥,다보링크,340360,주식등의대량보유상황보고서(일반),테라사이언스
20251114001829,20251114,코스닥,핌스,347770,주식등의대량보유상황보고서(일반),주광연
20251114001747,20251114,코스피,엘브이엠씨,900140,주식등의대량보유상황보고서(일반),오세영
20251114001735,20251114,코스닥,심텍,222800,주식등의대량보유상황보고서(일반),심텍홀딩스
20251114001639,20251114,코스닥,크레오에스지,040350,주식등의대량보유상황보고서(일반),큐로홀딩스
20251114001633,20251114,코스닥,파인텍,131760,주식등의대량보유상황보고서(일반),강원일
20251114001562,20251114,코스닥,인텔리안테크,189300,주식등의대량보유상황보고서(일반),성상엽
20251114001558,20251114,코스닥,컴투스,078340,주식등의대량보유상황보고서(일반),컴투스홀딩스
20251114001531,20251114,코스닥,큐로홀딩스,051780,주식등의대량보유상황보고서(일반),케이파트너스
20251114001527,20251114,코스피,크래프톤,259960,주식등의대량보유상황보고서(일반),장병규
20251114001053,20251114,코스닥,광무,029480,[기재정정]주식등의대량보유상황보고서(일반),앤로보틱스
20251114001021,20251114,코스피,제주항공,089590,주식등의대량보유상황보고서(일반),AK홀딩스
20251114000993,20251114,코스피,애경산업,018250,주식등의대량보유상황보고서(일반),AK홀딩스
20251114000984,20251114,코스닥,파인테크닉스,106240,주식등의대량보유상황보고서(일반),오르비텍
20251114000614,20251114,코스피,INVENI,015360,주식등의대량보유상황보고서(일반),구자은
20251114000602,20251114,코스피,신일전자,002700,주식등의대량보유상황보고서(일반),김영
20251114000531,20251114,코스닥,로젠,033290,주식등의대량보유상황보고서(일반),대명화학
20251114000494,20251114,코스닥,이노테크,469610,주식등의대량보유상황보고서(약식),SBI인베스트먼트
20251114000477,20251114,코스닥,노바텍,285490,주식등의대량보유상황보고서(일반),오춘택
20251114000225,20251114,코스닥,에코프로비엠,247540,주식등의대량보유상황보고서(일반),에코프로
20251114000118,20251114,코스닥,모다이노칩,080420,주식등의대량보유상황보고서(일반),대명화학
20251114000105,20251114,코스닥,멤레이비티,072770,주식등의대량보유상황보고서(일반),어게인파트너스
20251113001021,20251113,코스피,아시아나항공,020560,주식등의대량보유상황보고서(일반),대한항공
20251113001009,20251113,코스닥,삼표시멘트,038500,주식등의대량보유상황보고서(일반),삼표산업
20251113000979,20251113,코스피,아모레퍼시픽,090430,주식등의대량보유상황보고서(일반),아모레퍼시픽홀딩스
20251113000955,20251113,코스닥,아이스크림에듀,289010,주식등의대량보유상황보고서(약식),수성자산운용
20251113000952,20251113,코스닥,카페24,042000,주식등의대량보유상황보고서(일반),우창균
20251113000947,20251113,코스닥,HC보광산업,225530,주식등의대량보유상황보고서(일반),HC홈센타
20251113000944,20251113,코스닥,피엠티,147760,주식등의대량보유상황보고서(일반),프로텍
20251113000896,20251113,코스닥,대진첨단소재,393970,주식등의대량보유상황보고서(약식),에스제이투자파트너스
20251113000892,20251113,코스닥,디티앤씨,187220,주식등의대량보유상황보고서(일반),박채규
20251113000866,20251113,코스닥,비씨엔씨,146320,주식등의대량보유상황보고서(일반),김돈한
20251113000857,20251113,코스닥,HC홈센타,060560,주식등의대량보유상황보고서(일반),에이치씨파트너스
20251113000793,20251113,코스피,아이에스동서,010780,주식등의대량보유상황보고서(일반),권혁운
20251113000675,20251113,코스닥,포니링크,064800,주식등의대량보유상황보고서(일반),젬백스
20251113000667,20251113,코스피,달바글로벌,483650,주식등의대량보유상황보고서(약식),우리벤처파트너스
20251113000625,20251113,코스닥,더블유에스아이,299170,주식등의대량보유상황보고서(일반),박정섭
20251113000579,20251113,코스닥,현대사료,016790,주식등의대량보유상황보고서(일반),뜰안채건설
20251113000569,20251113,코스닥,현대사료,016790,주식등의대량보유상황보고서(일반),뜰안채건설
20251113000550,20251113,코스피,성신양회,004980,주식등의대량보유상황보고서(일반),김태현
20251113000508,20251113,코스닥,이노테크,469610,주식등의대량보유상황보고서(일반),장석준
20251113000410,20251113,코스닥,엘앤케이바이오,156100,주식등의대량보유상황보고서(약식),타이거자산운용투자일임
20251113000334,20251113,코스닥,티에프이,425420,주식등의대량보유상황보고서(약식),KB자산운용
20251113000324,20251113,코스닥,대진첨단소재,393970,주식등의대량보유상황보고서(약식),코오롱인베스트먼트
20251113000214,20251113,코스닥,아이티켐,309710,[기재정정]주식등의대량보유상황보고서(약식),오큘러스제1호사모투자
20251113000208,20251113,코스닥,신원종합개발,017000,주식등의대량보유상황보고서(약식),김승현
20251113000037,20251113,코스닥,에코프로,086520,주식등의대량보유상황보고서(일반),이동채
20251113000028,20251113,코스닥,앱코,129890,주식등의대량보유상황보고서(일반),오광근
20251112000570,20251113,코스닥,아이티켐,309710,주식등의대량보유상황보고서(약식),오큘러스제1호사모투자
20251112000553,20251112,코스피,고려아연,010130,주식등의대량보유상황보고서(일반),한국기업투자홀딩스
20251112000552,20251112,코스피,고려아연,010130,주식등의대량보유상황보고서(일반),영풍
20251112000551,20251112,코스닥,꿈비,407400,주식등의대량보유상황보고서(일반),박영건
20251112000545,20251112,코스닥,에이치엔에스하이텍,044990,주식등의대량보유상황보고서(일반),김정희
20251112000544,20251112,코스닥,에스아이리소스,065420,주식등의대량보유상황보고서(일반),최경덕
20251112000535,20251112,코스닥,파마리서치,214450,주식등의대량보유상황보고서(일반),정상수
20251112000514,20251112,코스닥,재영솔루텍,049630,주식등의대량보유상황보고서(약식),무림캐피탈
20251112000504,20251112,코스피,씨에스윈드,112610,주식등의대량보유상황보고서(일반),김성권
20251112000481,20251112,코스피,만호제강,001080,주식등의대량보유상황보고서(일반),엠에이치그룹홀딩스
20251112000475,20251112,코스닥,KG에코솔루션,151860,주식등의대량보유상황보고서(일반),KG케미칼
20251112000457,20251112,코스피,만호제강,001080,[기재정정]주식등의대량보유상황보고서(일반),안병두
20251112000451,20251112,코스닥,스마트레이더시스템,424960,주식등의대량보유상황보고서(일반),김용환
20251112000450,20251112,코스피,LF,093050,주식등의대량보유상황보고서(약식),트러스톤자산운용
20251112000443,20251112,코스닥,포시에스,189690,주식등의대량보유상황보고서(일반),조종민
20251112000436,20251112,코스피,만호제강,001080,[기재정정]주식등의대량보유상황보고서(일반),김상환
20251112000401,20251112,코스피,고려아연,010130,주식등의대량보유상황보고서(일반),최윤범
20251112000394,20251112,코스피,디아이씨,092200,주식등의대량보유상황보고서(일반),김성문
20251112000373,20251112,코스닥,셀바스헬스케어,208370,주식등의대량보유상황보고서(일반),셀바스AI
20251112000372,20251112,코스닥,이오테크닉스,039030,주식등의대량보유상황보고서(약식),미래에셋자산운용
20251112000366,20251112,코스닥,다산디엠씨,208860,주식등의대량보유상황보고서(일반),다산네트웍스
20251112000351,20251112,코스닥,넥스트칩,396270,주식등의대량보유상황보고서(일반),앤씨앤
20251112000345,20251112,코스피,다우기술,023590,주식등의대량보유상황보고서(일반),다우데이타
20251112000326,20251112,코스닥,엔비티,236810,주식등의대량보유상황보고서(일반),박수근
20251112000320,20251112,코스피,대호에이엘,069460,주식등의대량보유상황보고서(약식),상상인저축은행
20251112000315,20251112,코스닥,현대바이오,048410,주식등의대량보유상황보고서(일반),씨앤팜
20251112000314,20251112,코스피,금강공업,014280,주식등의대량보유상황보고서(일반),안영순
20251112000309,20251112,코스닥,엔비티,236810,[기재정정]주식등의대량보유상황보고서(일반),박수근
20251112000294,20251112,코스닥,오킨스전자,080580,주식등의대량보유상황보고서(약식),MORGANSTANLEY&COINTLPLC
20251112000288,20251112,코스닥,동구바이오제약,006620,주식등의대량보유상황보고서(일반),조용준
20251112000262,20251112,코스닥,파크시스템스,140860,주식등의대량보유상황보고서(약식),NorgesBank
20251112000261,20251112,코스닥,케이엔제이,272110,주식등의대량보유상황보고서(일반),심호섭
20251112000236,20251112,코스닥,지에프씨생명과학,388610,주식등의대량보유상황보고서(일반),강희철
20251112000216,20251112,코스닥,수산아이앤티,050960,주식등의대량보유상황보고서(일반),정보윤
20251112000201,20251112,코스피,한국타이어앤테크놀로지,161390,주식등의대량보유상황보고서(일반),한국앤컴퍼니
20251112000193,20251112,코스닥,HPSP,403870,주식등의대량보유상황보고서(일반),히트2025홀딩스
20251112000180,20251112,코스닥,하이록코리아,013030,주식등의대량보유상황보고서(일반),문휴건
20251112000161,20251112,코스피,경농,002100,주식등의대량보유상황보고서(일반),이용진
20251112000112,20251112,코스닥,티케이케미칼,104480,주식등의대량보유상황보고서(일반),에스엠인더스트리
20251112000067,20251112,코스닥,글로본,019660,주식등의대량보유상황보고서(약식),베이트리
20251112000056,20251112,코스닥,대모,317850,주식등의대량보유상황보고서(일반),이원해
20251112000055,20251112,코스닥,아이디스,143160,주식등의대량보유상황보고서(일반),아이디스홀딩스
20251112000041,20251112,코스닥,토비스,051360,주식등의대량보유상황보고서(일반),김용범
20251111000380,20251111,코스피,엘브이엠씨,900140,주식등의대량보유상황보고서(약식),제이비우리케이더블유피제1호사모투자
20251111000374,20251111,코스피,만호제강,001080,주식등의대량보유상황보고서(약식),엠케이에셋
20251111000357,20251111,코스피,황금에스티,032560,주식등의대량보유상황보고서(일반),김종현
20251111000351,20251111,코스닥,파두,440110,주식등의대량보유상황보고서(약식),알피씨포워드
20251111000342,20251111,코스닥,아이티엠반도체,084850,주식등의대량보유상황보고서(일반),NICE
20251111000335,20251111,코스닥,유일로보틱스,388720,주식등의대량보유상황보고서(일반),김동헌
20251111000328,20251111,코스피,현대엘리베이터,017800,주식등의대량보유상황보고서(일반),현대홀딩스컴퍼니
20251111000316,20251111,코스닥,주성엔지니어링,036930,주식등의대량보유상황보고서(일반),황철주
20251111000315,20251111,코스닥,현우산업,092300,주식등의대량보유상황보고서(약식),마크자산운용
20251111000307,20251111,코스닥,덴티스,261200,주식등의대량보유상황보고서(일반),심기봉
20251111000296,20251111,코스닥,LSK아이로봇,091970,주식등의대량보유상황보고서(일반),엘에스케이디비
20251111000295,20251111,코스닥,비큐AI,148780,주식등의대량보유상황보고서(일반),임경환
20251111000293,20251111,코스닥,SG,255220,주식등의대량보유상황보고서(일반),박창호
20251111000281,20251111,코스피,대원강업,000430,주식등의대량보유상황보고서(일반),현대지에프홀딩스
20251111000266,20251111,코스닥,팜스토리,027710,주식등의대량보유상황보고서(일반),이지홀딩스
20251111000257,20251111,코스닥,에이비엘바이오,298380,주식등의대량보유상황보고서(일반),LEESANGHOON
20251111000242,20251111,코스닥,다산솔루에타,154040,주식등의대량보유상황보고서(일반),다산인베스트
20251111000227,20251111,코스닥,부스타,008470,주식등의대량보유상황보고서(약식),이상기
20251111000213,20251111,코스닥,엘티씨,170920,주식등의대량보유상황보고서(일반),최호성
20251111000197,20251111,코스닥,싸이토젠,217330,주식등의대량보유상황보고서(일반),전병희
20251111000164,20251111,코스피,애경케미칼,161000,주식등의대량보유상황보고서(일반),AK홀딩스
20251111000140,20251111,코스닥,우진엔텍,457550,주식등의대량보유상황보고서(일반),우진
20251111000100,20251111,코스피,KBI동양철관,008970,주식등의대량보유상황보고서(일반),케이비아이동국실업
20251111000091,20251111,코스닥,씨앤투스,352700,주식등의대량보유상황보고서(일반),하춘욱
20251111000083,20251111,코스닥,이노테크,469610,주식등의대량보유상황보고서(약식),신용보증기금
20251111000081,20251111,코스닥,인터로조,119610,주식등의대량보유상황보고서(일반),스틱프리즘
20251111000052,20251111,코스닥,삼기에너지솔루션즈,419050,주식등의대량보유상황보고서(약식),대신증권
20251111000050,20251111,코스닥,삼기에너지솔루션즈,419050,주식등의대량보유상황보고서(약식),대신증권
20251111000044,20251111,코스닥,도이치모터스,067990,주식등의대량보유상황보고서(일반),권오수
20251111000031,20251111,코스닥,인포바인,115310,주식등의대량보유상황보고서(약식),MiriCapitalManagementLLC
20251111000025,20251111,코스닥,비나텍,126340,주식등의대량보유상황보고서(약식),대신증권
20251111000015,20251111,코스피,진원생명과학,011000,주식등의대량보유상황보고서(일반),동반성장투자조합제1호
20251111000008,20251111,코스닥,삼기에너지솔루션즈,419050,주식등의대량보유상황보고서(약식),대신 신기술투자조합 제14호
20251111000003,20251111,코스닥,뉴로메카,348340,주식등의대량보유상황보고서(약식),대신-스카이워크 신기술투자조합
20251111000002,20251111,코스닥,뉴로메카,348340,[기재정정]주식등의대량보유상황보고서(약식),대신-스카이워크 신기술투자조합
20251110000421,20251111,코스닥,오늘이엔엠,192410,주식등의대량보유상황보고서(약식),벡셀1호투자조합
20251110000419,20251111,코스닥,넥스트칩,396270,주식등의대량보유상황보고서(약식),대신신기술투자조합제13호
20251110000417,20251111,코스닥,넥스트칩,396270,주식등의대량보유상황보고서(약식),대신증권
20251110000415,20251110,코스닥,넥스트칩,396270,주식등의대량보유상황보고서(약식),대신증권
20251110000406,20251110,코스닥,뉴로메카,348340,[기재정정]주식등의대량보유상황보고서(약식),대신-스카이워크 신기술투자조합
20251110000400,20251110,코스닥,이원컴포텍,088290,주식등의대량보유상황보고서(약식),프로페이스사이언시스
20251110000392,20251110,코스피,유유제약,000220,주식등의대량보유상황보고서(일반),유원상
20251110000380,20251110,코스피,SK리츠,395400,주식등의대량보유상황보고서(약식),코람코자산운용
20251110000360,20251110,코스닥,포커스에이아이,331380,주식등의대량보유상황보고서(약식),상상인플러스저축은행
20251110000356,20251110,코스닥,포커스에이아이,331380,[기재정정]주식등의대량보유상황보고서(약식),상상인플러스저축은행
20251110000353,20251110,코스닥,솔디펜스,215090,주식등의대량보유상황보고서(약식),전지윤
20251110000350,20251110,코스피,이지스밸류플러스리츠,334890,주식등의대량보유상황보고서(약식),코람코자산운용
20251110000343,20251110,코스닥,제테마,216080,주식등의대량보유상황보고서(약식),한국투자증권
20251110000338,20251110,코스닥,한울소재과학,091440,주식등의대량보유상황보고서(약식),해리슨투자조합1호
20251110000333,20251110,코스닥,티앤알바이오팹,246710,주식등의대량보유상황보고서(약식),한국투자파트너스
20251110000328,20251110,코스닥,제테마,216080,주식등의대량보유상황보고서(약식),한국투자파트너스
20251110000317,20251110,코스닥,휴림로봇,090710,주식등의대량보유상황보고서(약식),엣지파운드리
20251110000316,20251110,코스닥,링크솔루션,474650,주식등의대량보유상황보고서(약식),오픈워터인베스트먼트
20251110000312,20251110,코스닥,엠젠솔루션,032790,주식등의대량보유상황보고서(일반),트렌스젠바이오
20251110000310,20251110,코스닥,삼표시멘트,038500,주식등의대량보유상황보고서(일반),에스피에스엔에이
20251110000308,20251110,코스닥,대창솔루션,096350,주식등의대량보유상황보고서(약식),케이앤티-대신신기술투자조합제3호
20251110000306,20251110,코스닥,켐트로닉스,089010,주식등의대량보유상황보고서(일반),김보균
20251110000290,20251110,코스닥,와이씨켐,112290,주식등의대량보유상황보고서(약식),케이앤투자파트너스
20251110000277,20251110,코스닥,지니너스,389030,주식등의대량보유상황보고서(약식),케이비인베스트먼트
20251110000271,20251110,코스닥,핀텔,291810,주식등의대량보유상황보고서(일반),사피엔시아
20251110000265,20251110,코스닥,페니트리움바이오,187660,주식등의대량보유상황보고서(약식),상상인저축은행
20251110000264,20251110,코스닥,드림어스컴퍼니,060570,주식등의대량보유상황보고서(일반),비마이프렌즈
20251110000239,20251110,코스닥,보로노이,310210,[기재정정]주식등의대량보유상황보고서(일반),김현태
20251110000236,20251110,코스피,F&F,383220,주식등의대량보유상황보고서(약식),브이아이피자산운용
20251110000229,20251110,코스피,이수페타시스,007660,주식등의대량보유상황보고서(일반),이수
20251110000197,20251110,코스닥,성호전자,043260,주식등의대량보유상황보고서(일반),서룡전자
20251110000194,20251110,코스닥,삼표시멘트,038500,주식등의대량보유상황보고서(일반),케이머스원
20251110000193,20251110,코스피,한솔케미칼,014680,주식등의대량보유상황보고서(약식),NorgesBank
20251110000191,20251110,코스닥,픽셀플러스,087600,주식등의대량보유상황보고서(일반),이서규
20251110000182,20251110,코스피,미원상사,002840,주식등의대량보유상황보고서(일반),김정돈
20251110000180,20251110,코스닥,티앤알바이오팹,246710,주식등의대량보유상황보고서(일반),윤원수
20251110000174,20251110,코스닥,노타,486990,주식등의대량보유상황보고서(약식),컴퍼니케이
20251110000142,20251110,코스닥,글로본,019660,주식등의대량보유상황보고서(약식),베이트리
20251110000140,20251110,코스피,카카오페이,377300,주식등의대량보유상황보고서(약식),GOLDMANSACHSINTERNATIONAL
20251110000126,20251110,코스닥,케이엔제이,272110,주식등의대량보유상황보고서(약식),에셋플러스자산운용
20251110000112,20251110,코스닥,토모큐브,475960,주식등의대량보유상황보고서(일반),박용근
20251110000086,20251110,코스닥,노타,486990,주식등의대량보유상황보고서(일반),김태호
20251110000081,20251110,코스피,이지스밸류플러스리츠,334890,주식등의대량보유상황보고서(약식),이지스자산운용
20251110000080,20251110,코스피,신한알파리츠,293940,주식등의대량보유상황보고서(약식),이지스자산운용
20251110000079,20251110,코스피,남양유업,003920,[기재정정]주식등의대량보유상황보고서(일반),한앤코유업홀딩스
20251110000061,20251110,코스닥,KBI메탈,024840,주식등의대량보유상황보고서(일반),케이비아이국인산업
20251107000580,20251107,코스닥,페니트리움바이오,187660,주식등의대량보유상황보고서(일반),현대바이오
20251107000576,20251107,코스피,KSS해운,044450,주식등의대량보유상황보고서(일반),박종규
20251107000575,20251107,코스닥,보로노이,310210,주식등의대량보유상황보고서(일반),김현태
20251107000574,20251107,코스닥,DXVX,180400,주식등의대량보유상황보고서(일반),임종윤
20251107000570,20251107,코스닥,오스코텍,039200,주식등의대량보유상황보고서(약식),메리츠증권
20251107000568,20251107,코스피,삼성생명,032830,주식등의대량보유상황보고서(일반),삼성물산
20251107000562,20251107,코스피,삼성바이오로직스,207940,주식등의대량보유상황보고서(일반),삼성물산
20251107000558,20251107,코스피,삼성전자,005930,주식등의대량보유상황보고서(일반),삼성물산
20251107000551,20251107,코스피,삼성물산,028260,주식등의대량보유상황보고서(일반),이재용
20251107000543,20251107,코스피,효성티앤씨,298020,주식등의대량보유상황보고서(일반),효성
20251107000538,20251107,코스닥,에이비온,203400,주식등의대량보유상황보고서(일반),신영기
20251107000529,20251107,코스닥,큐브엔터,182360,주식등의대량보유상황보고서(일반),강승곤
20251107000518,20251107,코스닥,더블유에스아이,299170,주식등의대량보유상황보고서(약식),라이프자산운용
20251107000512,20251107,코스닥,오르비텍,046120,주식등의대량보유상황보고서(일반),성진홀딩스
20251107000505,20251107,코스피,한미약품,128940,주식등의대량보유상황보고서(일반),한미사이언스
20251107000489,20251107,코스피,삼호개발,010960,주식등의대량보유상황보고서(일반),이종호
20251107000484,20251107,코스피,에이프로젠,007460,주식등의대량보유상황보고서(일반),지베이스
20251107000482,20251107,코스피,한섬,020000,주식등의대량보유상황보고서(약식),베어링자산운용
20251107000480,20251107,코스피,씨아이테크,004920,주식등의대량보유상황보고서(일반),씨엔씨기술
20251107000478,20251107,코스피,한국토지신탁,034830,주식등의대량보유상황보고서(일반),엠케이인베스트먼트
20251107000472,20251107,코스닥,아이씨티케이,456010,주식등의대량보유상황보고서(일반),이정원
20251107000468,20251107,코스닥,하이록코리아,013030,주식등의대량보유상황보고서(약식),베어링자산운용
20251107000465,20251107,코스닥,아이씨티케이,456010,[기재정정]주식등의대량보유상황보고서(일반),이정원
20251107000461,20251107,코스닥,링크드,193250,주식등의대량보유상황보고서(일반),민용재
20251107000456,20251107,코스닥,뉴온,123840,주식등의대량보유상황보고서(일반),케이피엠테크
20251107000454,20251107,코스피,동아쏘시오홀딩스,000640,주식등의대량보유상황보고서(일반),강정석
20251107000450,20251107,코스피,동아에스티,170900,주식등의대량보유상황보고서(일반),동아쏘시오홀딩스
20251107000449,20251107,코스닥,피에스케이,319660,주식등의대량보유상황보고서(약식),베어링자산운용
20251107000448,20251107,코스닥,엠케이전자,033160,주식등의대량보유상황보고서(일반),오션비홀딩스
20251107000438,20251107,코스닥,태광,023160,주식등의대량보유상황보고서(약식),베어링자산운용
20251107000436,20251107,코스닥,디어유,376300,주식등의대량보유상황보고서(일반),안종오
20251107000433,20251107,코스닥,앱튼,270520,주식등의대량보유상황보고서(약식),아름드리코퍼레이션
20251107000430,20251107,코스닥,노타,486990,주식등의대량보유상황보고서(약식),스톤브릿지벤처스
20251107000429,20251107,코스피,이노션,214320,주식등의대량보유상황보고서(약식),베어링자산운용
20251107000415,20251107,코스닥,아이씨티케이,456010,[기재정정]주식등의대량보유상황보고서(일반),이정원
20251107000414,20251107,코스닥,퓨런티어,370090,주식등의대량보유상황보고서(약식),배상신
20251107000410,20251107,코스닥,뷰웍스,100120,주식등의대량보유상황보고서(약식),베어링자산운용
20251107000403,20251107,코스닥,가온칩스,399720,주식등의대량보유상황보고서(약식),심진섭
20251107000401,20251107,코스닥,지구홀딩스,221800,주식등의대량보유상황보고서(일반),이재웅
20251107000400,20251107,코스닥,FSN,214270,주식등의대량보유상황보고서(일반),제이투비
20251107000393,20251107,코스피,쏘카,403550,주식등의대량보유상황보고서(일반),에스오큐알아이
20251107000388,20251107,코스피,동아쏘시오홀딩스,000640,주식등의대량보유상황보고서(약식),베어링자산운용
20251107000386,20251107,코스닥,빌리언스,044480,주식등의대량보유상황보고서(일반),휴마시스
20251107000385,20251107,코스닥,아이씨티케이,456010,[기재정정]주식등의대량보유상황보고서(일반),이정원
20251107000384,20251107,코스닥,넥써쓰,205500,주식등의대량보유상황보고서(일반),링크드
20251107000375,20251107,코스닥,야스,255440,주식등의대량보유상황보고서(일반),정광호
20251107000371,20251107,코스닥,아이씨티케이,456010,[기재정정]주식등의대량보유상황보고서(일반),이정원
20251107000361,20251107,코스닥,아이엘,307180,주식등의대량보유상황보고서(약식),상상인플러스저축은행
20251107000357,20251107,코스피,LS,006260,주식등의대량보유상황보고서(일반),구자열
20251107000347,20251107,코스피,대양금속,009190,주식등의대량보유상황보고서(일반),디와이엠파트너스
20251107000267,20251107,코스닥,티엘비,356860,주식등의대량보유상황보고서(약식),MORGANSTANLEY&COINTLPLC
20251107000211,20251107,코스닥,시선AI,340810,주식등의대량보유상황보고서(약식),대보정보통신
20251107000176,20251107,코스피,세아제강지주,003030,주식등의대량보유상황보고서(약식),한국투자신탁운용
20251107000164,20251107,코스피,미원홀딩스,107590,[기재정정]주식등의대량보유상황보고서(일반),김정돈
20251107000158,20251107,코스닥,엠케이전자,033160,주식등의대량보유상황보고서(약식),한국채권투자운용
20251107000156,20251107,코스닥,링네트,042500,주식등의대량보유상황보고서(일반),이주석
20251107000132,20251107,코스닥,현대사료,016790,주식등의대량보유상황보고서(일반),뜰안채건설
20251107000101,20251107,코스닥,오름테라퓨틱,475830,주식등의대량보유상황보고서(일반),이승주
20251107000091,20251107,코스피,INVENI,015360,주식등의대량보유상황보고서(일반),구자은
20251107000087,20251107,코스피,오리온,271560,주식등의대량보유상황보고서(일반),오리온홀딩스
20251107000082,20251107,코스피,오리온홀딩스,001800,주식등의대량보유상황보고서(일반),이화경
20251107000062,20251107,코스피,휴스틸,005010,주식등의대량보유상황보고서(일반),박순석
20251107000033,20251107,코스닥,프롬바이오,377220,[기재정정]주식등의대량보유상황보고서(일반),심태진
20251106000437,20251107,코스피,미원홀딩스,107590,주식등의대량보유상황보고서(일반),김정돈
20251106000424,20251106,코스닥,위메이드,112040,주식등의대량보유상황보고서(일반),박관호
20251106000417,20251106,코스닥,인카금융서비스,211050,주식등의대량보유상황보고서(일반),최병채
20251106000394,20251106,코스피,신대양제지,016590,주식등의대량보유상황보고서(일반),권혁홍
20251106000392,20251106,코스피,다올투자증권,030210,주식등의대량보유상황보고서(약식),케이프투자증권
20251106000386,20251106,코스닥,더테크놀로지,043090,주식등의대량보유상황보고서(일반),피엔에스 인더스트리 펀드
20251106000378,20251106,코스피,엑시큐어하이트론,019490,주식등의대량보유상황보고서(약식),더테크놀로지
20251106000377,20251106,코스피,이지스밸류플러스리츠,334890,주식등의대량보유상황보고서(약식),삼성증권
20251106000373,20251106,코스닥,프리시젼바이오,335810,주식등의대량보유상황보고서(일반),광동제약
20251106000370,20251106,코스피,아이에스동서,010780,주식등의대량보유상황보고서(일반),권혁운
20251106000369,20251106,코스닥,사람인,143240,주식등의대량보유상황보고서(일반),다우기술
20251106000362,20251106,코스피,부국증권,001270,주식등의대량보유상황보고서(일반),김중건
20251106000335,20251106,코스닥,핀텔,291810,주식등의대량보유상황보고서(일반),김동기
20251106000325,20251106,코스닥,베셀,177350,주식등의대량보유상황보고서(약식),상상인저축은행
20251106000323,20251106,코스닥,소마젠,950200,주식등의대량보유상황보고서(일반),마크로젠
20251106000301,20251106,코스닥,HC홈센타,060560,주식등의대량보유상황보고서(일반),에이치씨파트너스
20251106000297,20251106,코스닥,덴티스,261200,주식등의대량보유상황보고서(약식),NH투자증권
20251106000296,20251106,코스피,한솔테크닉스,004710,주식등의대량보유상황보고서(일반),한솔홀딩스
20251106000295,20251106,코스피,코스모화학,005420,주식등의대량보유상황보고서(일반),코스모앤컴퍼니
20251106000284,20251106,코스닥,누리플렉스,040160,주식등의대량보유상황보고서(일반),NuriFlexHoldingsINC
20251106000278,20251106,코스닥,리노공업,058470,주식등의대량보유상황보고서(약식),미래에셋자산운용
20251106000277,20251106,코스피,KB스타리츠,432320,주식등의대량보유상황보고서(약식),미래에셋자산운용
20251106000276,20251106,코스피,KB발해인프라,415640,주식등의대량보유상황보고서(약식),미래에셋자산운용
20251106000275,20251106,코스피,신한서부티엔디리츠,404990,주식등의대량보유상황보고서(약식),미래에셋자산운용
20251106000274,20251106,코스피,디앤디플랫폼리츠,377190,주식등의대량보유상황보고서(약식),미래에셋자산운용
20251106000273,20251106,코스피,ESR켄달스퀘어리츠,365550,주식등의대량보유상황보고서(약식),미래에셋자산운용
20251106000266,20251106,코스닥,컴투스,078340,주식등의대량보유상황보고서(일반),컴투스홀딩스
20251106000262,20251106,코스닥,에스앤디,260970,주식등의대량보유상황보고서(약식),타이거자산운용투자일임
20251106000260,20251106,코스피,한화,000880,주식등의대량보유상황보고서(일반),김승연
20251106000255,20251106,코스닥,에이전트AI,060900,주식등의대량보유상황보고서(일반),사토시홀딩스
20251106000249,20251106,코스닥,프롬바이오,377220,주식등의대량보유상황보고서(일반),심태진
20251106000245,20251106,코스닥,다보링크,340360,주식등의대량보유상황보고서(일반),테라사이언스
20251106000242,20251106,코스피,제주항공,089590,주식등의대량보유상황보고서(일반),AK홀딩스
20251106000231,20251106,코스닥,노바렉스,194700,주식등의대량보유상황보고서(일반),권석형
20251106000229,20251106,코스닥,서진시스템,178320,주식등의대량보유상황보고서(일반),전동규
20251106000220,20251106,코스닥,티케이케미칼,104480,주식등의대량보유상황보고서(일반),에스엠인더스트리
20251106000209,20251106,코스피,우성머티리얼스,011300,주식등의대량보유상황보고서(일반),더블유에스
20251106000192,20251106,코스피,다이나믹디자인,145210,주식등의대량보유상황보고서(약식),미래에스피씨
20251106000184,20251106,코스피,KG모빌리티,003620,주식등의대량보유상황보고서(일반),MahindraandMahindraLimited
20251106000171,20251106,코스닥,엠투엔,033310,주식등의대량보유상황보고서(일반),디케이마린
20251106000169,20251106,코스닥,노타,486990,[기재정정]주식등의대량보유상황보고서(약식),LB인베스트먼트
20251106000168,20251106,코스닥,와이엔텍,067900,주식등의대량보유상황보고서(일반),박용하
20251106000149,20251106,코스피,달바글로벌,483650,[기재정정]주식등의대량보유상황보고서(일반),반성연
20251106000146,20251106,코스피,우신시스템,017370,주식등의대량보유상황보고서(일반),허우영
20251106000138,20251106,코스피,엑시큐어하이트론,019490,주식등의대량보유상황보고서(약식),손오공
20251106000121,20251106,코스피,디앤디플랫폼리츠,377190,주식등의대량보유상황보고서(약식),삼성자산운용
20251106000116,20251106,코스닥,글로벌텍스프리,204620,주식등의대량보유상황보고서(약식),abrdnAsiaLimited
20251106000106,20251106,코스닥,파이버프로,368770,주식등의대량보유상황보고서(일반),고연완
20251106000090,20251106,코스피,광명전기,017040,주식등의대량보유상황보고서(약식),더제이앤엘
20251106000030,20251106,코스피,LG에너지솔루션,373220,주식등의대량보유상황보고서(일반),LG화학
20251106000007,20251106,코스닥,TS트릴리온,317240,주식등의대량보유상황보고서(일반),장기영
20251105000317,20251105,코스피,LG씨엔에스,064400,주식등의대량보유상황보고서(일반),크리스탈코리아
20251105000315,20251105,코스닥,노타,486990,주식등의대량보유상황보고서(약식),LB인베스트먼트
20251105000314,20251105,코스닥,우리넷,115440,주식등의대량보유상황보고서(일반),넷솔루션즈홀딩스
20251105000311,20251105,코스닥,이상네트웍스,080010,주식등의대량보유상황보고서(약식),하성일
20251105000291,20251105,코스닥,한울반도체,320000,주식등의대량보유상황보고서(일반),한울소재과학
20251105000278,20251105,코스닥,동일기연,032960,주식등의대량보유상황보고서(일반),손동준
20251105000273,20251105,코스피,엘앤에프,066970,주식등의대량보유상황보고서(일반),새로닉스
20251105000267,20251105,코스닥,큐라티스,348080,주식등의대량보유상황보고서(약식),와이어드동반성장사모투자
20251105000251,20251105,코스닥,이지홀딩스,035810,주식등의대량보유상황보고서(일반),지현욱
20251105000249,20251105,코스닥,이니텍,053350,주식등의대량보유상황보고서(일반),에스제이제일차홀딩스
20251105000238,20251105,코스피,씨에스윈드,112610,주식등의대량보유상황보고서(일반),김성권
20251105000228,20251105,코스닥,솔브레인,357780,주식등의대량보유상황보고서(일반),정지완
20251105000206,20251105,코스피,코람코라이프인프라리츠,357120,주식등의대량보유상황보고서(약식),미래에셋자산운용
20251105000205,20251105,코스피,제이알글로벌리츠,348950,주식등의대량보유상황보고서(약식),미래에셋자산운용
20251105000204,20251105,코스피,이지스밸류플러스리츠,334890,주식등의대량보유상황보고서(약식),미래에셋자산운용
20251105000203,20251105,코스피,롯데리츠,330590,주식등의대량보유상황보고서(약식),미래에셋자산운용
20251105000202,20251105,코스피,신한알파리츠,293940,주식등의대량보유상황보고서(약식),미래에셋자산운용
20251105000197,20251105,코스닥,한중엔시에스,107640,주식등의대량보유상황보고서(일반),김환식
20251105000196,20251105,코스닥,에스앤에스텍,101490,주식등의대량보유상황보고서(약식),미래에셋자산운용
20251105000194,20251105,코스피,대원강업,000430,주식등의대량보유상황보고서(일반),현대지에프홀딩스
20251105000173,20251105,코스닥,코칩,126730,주식등의대량보유상황보고서(일반),손진형
20251105000169,20251105,코스피,까뮤이앤씨,013700,주식등의대량보유상황보고서(일반),베이스
20251105000167,20251105,코스피,다우기술,023590,주식등의대량보유상황보고서(일반),다우데이타
20251105000163,20251105,코스닥,메카로,241770,주식등의대량보유상황보고서(일반),이재정
20251105000162,20251105,코스닥,에스엠씨지,460870,주식등의대량보유상황보고서(약식),트러스톤자산운용
20251105000153,20251105,코스피,코스맥스비티아이,044820,주식등의대량보유상황보고서(일반),서성석
20251105000150,20251105,코스피,블루산업개발,006740,주식등의대량보유상황보고서(일반),대양금속
20251105000116,20251105,코스닥,엔바이오니아,317870,주식등의대량보유상황보고서(일반),한정철
20251105000085,20251105,코스닥,대아티아이,045390,주식등의대량보유상황보고서(일반),최진우
20251105000079,20251105,코스피,엑시큐어하이트론,019490,주식등의대량보유상황보고서(약식),그로우스앤밸류 14호 투자조합
20251105000076,20251105,코스피,온타이드,005320,주식등의대량보유상황보고서(일반),크리스에프앤씨
20251105000067,20251105,코스닥,지구홀딩스,221800,주식등의대량보유상황보고서(일반),엔디에스
20251105000060,20251105,코스닥,케이아이엔엑스,093320,주식등의대량보유상황보고서(약식),MiriCapitalManagementLLC
20251105000048,20251105,코스닥,메디톡스,086900,주식등의대량보유상황보고서(일반),정현호
20251104000331,20251104,코스닥,레이저쎌,412350,주식등의대량보유상황보고서(일반),안건준
20251104000327,20251104,코스닥,한국피아이엠,448900,주식등의대량보유상황보고서(약식),아이비케이에스 혁신 소부장 신기술투자조합 제3호
20251104000326,20251104,코스닥,고려신용정보,049720,주식등의대량보유상황보고서(일반),윤의국
20251104000323,20251104,코스피,황금에스티,032560,주식등의대량보유상황보고서(일반),김종현
20251104000312,20251104,코스피,호전실업,111110,주식등의대량보유상황보고서(약식),데일리앤코
20251104000282,20251104,코스닥,팜스토리,027710,주식등의대량보유상황보고서(일반),이지홀딩스
20251104000280,20251104,코스닥,오이솔루션,138080,주식등의대량보유상황보고서(약식),수성자산운용
20251104000270,20251104,코스피,차AI헬스케어,025620,주식등의대량보유상황보고서(약식),상상인저축은행
20251104000265,20251104,코스닥,풍전약품,298060,주식등의대량보유상황보고서(약식),송기령
20251104000254,20251104,코스닥,HC보광산업,225530,주식등의대량보유상황보고서(일반),HC홈센타
20251104000232,20251104,코스피,백산,035150,주식등의대량보유상황보고서(일반),김한준
20251104000225,20251104,코스피,일진전기,103590,주식등의대량보유상황보고서(일반),일진홀딩스
20251104000223,20251104,코스닥,이니텍,053350,주식등의대량보유상황보고서(약식),프라임라이트투자조합2호
20251104000214,20251104,코스닥,인산가,277410,주식등의대량보유상황보고서(일반),김윤세
20251104000210,20251104,코스피,미스토홀딩스,081660,주식등의대량보유상황보고서(일반),피에몬테
20251104000208,20251104,코스닥,이노스페이스,462350,주식등의대량보유상황보고서(약식),신한벤처투자
20251104000199,20251104,코스닥,현대에이치티,039010,주식등의대량보유상황보고서(일반),이건구
20251104000192,20251104,코스닥,켐트로닉스,089010,주식등의대량보유상황보고서(약식),액시스인베스트먼트
20251104000179,20251104,코스피,남선알미늄,008350,주식등의대량보유상황보고서(일반),삼라
20251104000178,20251104,코스닥,제이에스링크,127120,주식등의대량보유상황보고서(일반),주성씨앤에어
20251104000169,20251104,코스닥,티앤알바이오팹,246710,주식등의대량보유상황보고서(일반),윤원수
20251104000159,20251104,코스닥,야스,255440,주식등의대량보유상황보고서(일반),정광호
20251104000131,20251104,코스닥,아나패스,123860,주식등의대량보유상황보고서(일반),이경호
20251104000115,20251104,코스피,SP삼화,000390,주식등의대량보유상황보고서(일반),김장연
20251104000108,20251104,코스닥,에스와이,109610,주식등의대량보유상황보고서(일반),홍영돈
20251104000080,20251104,코스닥,지구홀딩스,221800,주식등의대량보유상황보고서(일반),김진태
20251104000077,20251104,코스닥,아이디피,332370,주식등의대량보유상황보고서(일반),아이디스홀딩스
20251104000063,20251104,코스닥,티씨머티리얼즈,125020,[기재정정]주식등의대량보유상황보고서(약식),리인베스트먼트
20251104000061,20251104,코스닥,에코프로,086520,주식등의대량보유상황보고서(일반),이동채
20251104000037,20251104,코스닥,도이치모터스,067990,주식등의대량보유상황보고서(일반),권오수
20251104000009,20251104,코스피,JW홀딩스,096760,주식등의대량보유상황보고서(일반),이경하
20251103000308,20251103,코스피,차AI헬스케어,025620,주식등의대량보유상황보고서(일반),메타엑스1호조합
20251103000304,20251103,코스닥,엑셀세라퓨틱스,373110,주식등의대량보유상황보고서(일반),이의일
20251103000303,20251103,코스닥,티씨머티리얼즈,125020,주식등의대량보유상황보고서(약식),리인베스트먼트
20251103000299,20251103,코스닥,오가닉티코스메틱,900300,주식등의대량보유상황보고서(일반),임국강
20251103000294,20251103,코스닥,오가닉티코스메틱,900300,주식등의대량보유상황보고서(약식),ZENG ZHAOJIE
20251103000292,20251103,코스닥,콜마비앤에이치,200130,주식등의대량보유상황보고서(일반),콜마홀딩스
20251103000290,20251103,코스닥,오가닉티코스메틱,900300,주식등의대량보유상황보고서(약식),FU YAN
20251103000287,20251103,코스닥,오가닉티코스메틱,900300,주식등의대량보유상황보고서(약식),LONG GAOXIANG
20251103000285,20251103,코스피,한화리츠,451800,주식등의대량보유상황보고서(일반),미래에셋자산운용
20251103000283,20251103,코스닥,오가닉티코스메틱,900300,주식등의대량보유상황보고서(약식),GAN XIAOCHUN
20251103000282,20251103,코스닥,GMI벤처,019570,[기재정정]주식등의대량보유상황보고서(약식),비피자산운용
20251103000277,20251103,코스닥,오가닉티코스메틱,900300,주식등의대량보유상황보고서(약식),JINZHENGINVESTMENTCO.PTE.LTD
20251103000276,20251103,코스닥,웹케시,053580,주식등의대량보유상황보고서(일반),석창규
20251103000269,20251103,코스닥,저스템,417840,주식등의대량보유상황보고서(일반),임영진
20251103000265,20251103,코스닥,서연탑메탈,019770,주식등의대량보유상황보고서(일반),서연
20251103000255,20251103,코스닥,지구홀딩스,221800,주식등의대량보유상황보고서(일반),박상욱
20251103000243,20251103,코스피,블루산업개발,006740,주식등의대량보유상황보고서(일반),피엠에이조합
20251103000241,20251103,코스닥,GMI벤처,019570,주식등의대량보유상황보고서(약식),비피자산운용
20251103000239,20251103,코스피,차AI헬스케어,025620,주식등의대량보유상황보고서(약식),로아프라퍼티
20251103000231,20251103,코스닥,시선AI,340810,주식등의대량보유상황보고서(일반),남운성
20251103000230,20251103,코스피,한일시멘트,300720,주식등의대량보유상황보고서(일반),한일홀딩스
20251103000228,20251103,코스닥,하나머티리얼즈,166090,주식등의대량보유상황보고서(일반),하나마이크론
20251103000226,20251103,코스피,SK디앤디,210980,주식등의대량보유상황보고서(일반),SK디스커버리
20251103000212,20251103,코스피,포스코퓨처엠,003670,주식등의대량보유상황보고서(약식),국민연금공단
20251103000206,20251103,코스피,케이씨씨글라스,344820,주식등의대량보유상황보고서(약식),국민연금공단
20251103000204,20251103,코스닥,인바디,041830,주식등의대량보유상황보고서(약식),NAVER
20251103000202,20251103,코스닥,한빛레이저,452190,주식등의대량보유상황보고서(일반),김정묵
20251103000186,20251103,코스닥,파인엠텍,441270,주식등의대량보유상황보고서(일반),홍성천
20251103000185,20251103,코스닥,한국가구,004590,주식등의대량보유상황보고서(일반),최훈학
20251103000180,20251103,코스닥,케이옥션,102370,주식등의대량보유상황보고서(일반),티에이어드바이저
20251103000177,20251103,코스닥,더즌,462860,주식등의대량보유상황보고서(일반),조철한
20251103000169,20251103,코스피,다이나믹디자인,145210,주식등의대량보유상황보고서(약식),정인파트너스
20251103000156,20251103,코스닥,상보,027580,주식등의대량보유상황보고서(일반),김상근
20251103000147,20251103,코스닥,LB세미콘,061970,주식등의대량보유상황보고서(약식),유암코-케이비크레딧제1호사모투자
20251103000145,20251103,코스닥,파버나인,177830,주식등의대량보유상황보고서(일반),이제훈
20251103000139,20251103,코스닥,GMI벤처,019570,주식등의대량보유상황보고서(약식),광무
20251103000134,20251103,코스닥,알엔투테크놀로지,148250,주식등의대량보유상황보고서(약식),캔버스엔레드
20251103000121,20251103,코스닥,이녹스,088390,주식등의대량보유상황보고서(일반),장경호
20251103000109,20251103,코스피,INVENI,015360,주식등의대량보유상황보고서(일반),구자은
20251103000106,20251103,코스닥,아스테라시스,450950,주식등의대량보유상황보고서(일반),서은택
20251103000089,20251103,코스닥,알파칩스,117670,주식등의대량보유상황보고서(일반),엔스넷
20251103000086,20251103,코스닥,코셈,360350,주식등의대량보유상황보고서(일반),이준희
20251103000072,20251103,코스닥,브이엠,089970,주식등의대량보유상황보고서(약식),KB자산운용
20251103000069,20251103,코스피,DYP,092780,주식등의대량보유상황보고서(약식),에이원자산운용
20251103000053,20251103,코스닥,신라섬유,001000,주식등의대량보유상황보고서(일반),박재흥
20251103000052,20251103,코스닥,세종메디칼,258830,주식등의대량보유상황보고서(일반),비에스제이홀딩스
20251103000038,20251103,코스피,신흥,004080,주식등의대량보유상황보고서(일반),이용익
20251103000037,20251103,코스닥,알에프텍,061040,주식등의대량보유상황보고서(일반),알에프스탠다드
20251103000024,20251103,코스피,한국타이어앤테크놀로지,161390,주식등의대량보유상황보고서(약식),"PzenaInvestmentManagement,LLC"
20251103000021,20251103,코스닥,성일하이텍,365340,주식등의대량보유상황보고서(일반),이강명
20251103000012,20251103,코스피,신라교역,004970,주식등의대량보유상황보고서(일반),신라홀딩스
20251031000615,20251103,코스피,덴티움,145720,[기재정정]주식등의대량보유상황보고서(일반),얼라인파트너스자산운용
20251031000604,20251031,코스닥,마이크로디지탈,305090,주식등의대량보유상황보고서(일반),김경남
20251031000599,20251031,코스피,셀트리온,068270,주식등의대량보유상황보고서(일반),셀트리온홀딩스
20251031000586,20251031,코스닥,네오크레마,311390,주식등의대량보유상황보고서(일반),아시아홀딩컴퍼니
20251031000584,20251031,코스피,삼성생명,032830,주식등의대량보유상황보고서(일반),삼성물산
20251031000575,20251031,코스피,삼성전자,005930,주식등의대량보유상황보고서(일반),삼성물산
20251031000572,20251031,코스피,콜마홀딩스,024720,주식등의대량보유상황보고서(일반),윤상현
20251031000563,20251031,코스피,삼성물산,028260,주식등의대량보유상황보고서(일반),이재용
20251031000562,20251031,코스닥,롤링스톤,214610,주식등의대량보유상황보고서(약식),김우찬
20251031000556,20251031,코스닥,유일로보틱스,388720,주식등의대량보유상황보고서(일반),김동헌
20251031000546,20251031,코스닥,하나기술,299030,주식등의대량보유상황보고서(일반),오태봉
20251031000543,20251031,코스피,엑시큐어하이트론,019490,주식등의대량보유상황보고서(일반),유수
20251031000539,20251031,코스닥,TPC로보틱스,048770,주식등의대량보유상황보고서(일반),엄주섭
20251031000538,20251031,코스닥,압타머사이언스,291650,주식등의대량보유상황보고서(일반),한동일
20251031000528,20251031,코스피,SNT에너지,100840,주식등의대량보유상황보고서(일반),SNT홀딩스
20251031000516,20251031,코스닥,상지건설,042940,주식등의대량보유상황보고서(일반),중앙첨단소재
20251031000501,20251031,코스닥,휴온스글로벌,084110,주식등의대량보유상황보고서(일반),윤성태
20251031000496,20251031,코스피,에이프로젠바이오로직스,003060,주식등의대량보유상황보고서(일반),에이프로젠
20251031000481,20251031,코스닥,현대무벡스,319400,주식등의대량보유상황보고서(일반),현대엘리베이터
20251031000478,20251031,코스닥,삼익제약,014950,주식등의대량보유상황보고서(일반),이충환
20251031000468,20251031,코스피,LF,093050,주식등의대량보유상황보고서(일반),구본걸
20251031000448,20251031,코스피,에이프로젠,007460,주식등의대량보유상황보고서(일반),지베이스
20251031000444,20251031,코스피,TP,007980,주식등의대량보유상황보고서(일반),임석원
20251031000439,20251031,코스닥,케이엠더블유,032500,주식등의대량보유상황보고서(일반),김덕용
20251031000433,20251031,코스닥,지엔코,065060,주식등의대량보유상황보고서(일반),크레오에스지
20251031000428,20251031,코스닥,오늘이엔엠,192410,주식등의대량보유상황보고서(약식),아름드리코퍼레이션
20251031000427,20251031,코스피,엘브이엠씨,900140,주식등의대량보유상황보고서(일반),오세영
20251031000426,20251031,코스닥,앤로보틱스,138360,주식등의대량보유상황보고서(일반),씨아이테크
20251031000411,20251031,코스닥,신스틸,162300,주식등의대량보유상황보고서(약식),아이비케이캐피탈
20251031000395,20251031,코스닥,압타머사이언스,291650,주식등의대량보유상황보고서(일반),알티캐스트
20251031000392,20251031,코스피,한세예스24홀딩스,016450,주식등의대량보유상황보고서(일반),김동녕
20251031000385,20251031,코스닥,이원컴포텍,088290,주식등의대량보유상황보고서(약식),프로페이스사이언시스
20251031000373,20251031,코스피,한국토지신탁,034830,주식등의대량보유상황보고서(일반),엠케이인베스트먼트
20251031000371,20251031,코스닥,큐캐피탈,016600,주식등의대량보유상황보고서(일반),지엔코
20251031000370,20251031,코스닥,아이센스,099190,주식등의대량보유상황보고서(일반),차근식
20251031000366,20251031,코스닥,에르코스,435570,주식등의대량보유상황보고서(일반),김슬기
20251031000365,20251031,코스닥,크레오에스지,040350,주식등의대량보유상황보고서(일반),큐로홀딩스
20251031000361,20251031,코스닥,핑거,163730,주식등의대량보유상황보고서(일반),박민수
20251031000353,20251031,코스피,달바글로벌,483650,주식등의대량보유상황보고서(일반),반성연
20251031000349,20251031,코스닥,유디엠텍,389680,주식등의대량보유상황보고서(일반),왕지남
20251031000346,20251031,코스닥,엔알비,475230,주식등의대량보유상황보고서(약식),우리벤처파트너스
20251031000338,20251031,코스닥,엠케이전자,033160,주식등의대량보유상황보고서(일반),오션비홀딩스
20251031000327,20251031,코스닥,우리기술투자,041190,주식등의대량보유상황보고서(일반),이완근
20251031000318,20251031,코스닥,코난테크놀로지,402030,주식등의대량보유상황보고서(일반),김영섬
20251031000312,20251031,코스닥,가비아,079940,주식등의대량보유상황보고서(약식),MiriCapitalManagementLLC
20251031000309,20251031,코스닥,삼익제약,014950,주식등의대량보유상황보고서(약식),하나증권
20251031000306,20251031,코스닥,루닛,328130,주식등의대량보유상황보고서(일반),백승욱
20251031000301,20251031,코스피,이노션,214320,주식등의대량보유상황보고서(일반),NHPEAIVHighlightHoldingsAB
20251031000297,20251031,코스피,알루코,001780,주식등의대량보유상황보고서(일반),케이피티유
20251031000294,20251031,코스피,차AI헬스케어,025620,주식등의대량보유상황보고서(약식),홈캐스트
20251031000293,20251031,코스닥,그래디언트,035080,주식등의대량보유상황보고서(일반),이기형
20251031000273,20251031,코스닥,인크로스,216050,주식등의대량보유상황보고서(일반),SK스퀘어
20251031000258,20251031,코스닥,인크로스,216050,주식등의대량보유상황보고서(일반),SK네트웍스
20251031000219,20251031,코스닥,드림어스컴퍼니,060570,주식등의대량보유상황보고서(일반),비마이프렌즈
20251031000204,20251031,코스피,유니켐,011330,주식등의대량보유상황보고서(일반),제이에이치사람들
20251031000197,20251031,코스닥,드림어스컴퍼니,060570,주식등의대량보유상황보고서(일반),SK스퀘어
20251031000158,20251031,코스닥,퀄리타스반도체,432720,주식등의대량보유상황보고서(일반),김두호
20251031000156,20251031,코스피,광명전기,017040,주식등의대량보유상황보고서(일반),나반홀딩스
20251031000119,20251031,코스닥,오름테라퓨틱,475830,주식등의대량보유상황보고서(일반),이승주
20251031000054,20251031,코스닥,성일하이텍,365340,주식등의대량보유상황보고서(약식),오라이언자산운용
20251030000563,20251030,코스피,스틱인베스트먼트,026890,[기재정정]주식등의대량보유상황보고서(일반),얼라인파트너스자산운용
20251030000548,20251030,코스피,HD현대일렉트릭,267260,주식등의대량보유상황보고서(일반),HD현대
20251030000535,20251030,코스피,스틱인베스트먼트,026890,주식등의대량보유상황보고서(일반),얼라인파트너스자산운용
20251030000521,20251030,코스닥,톱텍,108230,주식등의대량보유상황보고서(일반),이재환
20251030000519,20251030,코스피,환인제약,016580,주식등의대량보유상황보고서(일반),이광식
20251030000517,20251030,코스닥,소마젠,950200,주식등의대량보유상황보고서(일반),마크로젠
20251030000512,20251030,코스닥,티엘비,356860,주식등의대량보유상황보고서(일반),백성현
20251030000506,20251030,코스닥,엔젠바이오,354200,주식등의대량보유상황보고서(약식),상상인저축은행
20251030000479,20251030,코스닥,차바이오텍,085660,주식등의대량보유상황보고서(일반),차광렬
20251030000448,20251030,코스닥,솔브레인,357780,주식등의대량보유상황보고서(일반),정지완
20251030000441,20251030,코스닥,마크로젠,038290,주식등의대량보유상황보고서(일반),서정선
20251030000365,20251030,코스닥,미디어젠,279600,주식등의대량보유상황보고서(일반),앨터스투자자문
20251030000362,20251030,코스닥,티케이케미칼,104480,주식등의대량보유상황보고서(일반),에스엠인더스트리
20251030000256,20251030,코스피,한화엔진,082740,주식등의대량보유상황보고서(일반),한화임팩트
20251030000211,20251030,코스피,금호전기,001210,주식등의대량보유상황보고서(약식),바로저축은행
20251030000185,20251030,코스닥,티에스넥스젠,043220,주식등의대량보유상황보고서(약식),바로저축은행
20251030000181,20251030,코스닥,딥노이드,315640,주식등의대량보유상황보고서(일반),최우식
20251030000173,20251030,코스닥,가비아,079940,주식등의대량보유상황보고서(약식),피델리티매니지먼트앤리서치컴퍼니엘엘씨
20251030000067,20251030,코스닥,태성,323280,주식등의대량보유상황보고서(일반),김종학
20251029000392,20251029,코스닥,오킨스전자,080580,주식등의대량보유상황보고서(일반),전진국
20251029000382,20251029,코스닥,서부T&D,006730,[기재정정]주식등의대량보유상황보고서(일반),엠와이에이치
20251029000377,20251029,코스닥,아세아텍,050860,주식등의대량보유상황보고서(일반),김신길
20251029000365,20251029,코스피,현대엘리베이터,017800,주식등의대량보유상황보고서(일반),현대홀딩스컴퍼니
20251029000359,20251029,코스닥,탑코미디어,134580,주식등의대량보유상황보고서(일반),엔키홀딩스
20251029000330,20251029,코스닥,하나머티리얼즈,166090,주식등의대량보유상황보고서(일반),하나마이크론
20251029000329,20251029,코스피,삼익악기,002450,주식등의대량보유상황보고서(일반),스페코
20251029000320,20251029,코스피,제주항공,089590,주식등의대량보유상황보고서(일반),AK홀딩스
20251029000313,20251029,코스피,애경케미칼,161000,주식등의대량보유상황보고서(일반),AK홀딩스
20251029000310,20251029,코스닥,센코,347000,주식등의대량보유상황보고서(일반),티에스 2024-16 M&A 성장조합
20251029000303,20251029,코스닥,SY동아,041930,주식등의대량보유상황보고서(일반),삼영파트너스
20251029000300,20251029,코스닥,SY동아,041930,주식등의대량보유상황보고서(일반),삼영엠텍
20251029000291,20251029,코스닥,에코프로비엠,247540,주식등의대량보유상황보고서(일반),에코프로
20251029000273,20251029,코스피,SUN&L,002820,주식등의대량보유상황보고서(일반),정연준
20251029000260,20251029,코스닥,비씨엔씨,146320,주식등의대량보유상황보고서(일반),김돈한
20251029000251,20251029,코스피,대원강업,000430,주식등의대량보유상황보고서(일반),현대지에프홀딩스
20251029000234,20251029,코스피,에이프로젠,007460,주식등의대량보유상황보고서(약식),하베스트로즈
20251029000225,20251029,코스닥,와이지-원,019210,주식등의대량보유상황보고서(일반),송호근
20251029000221,20251029,코스닥,동일기연,032960,주식등의대량보유상황보고서(일반),손동준
20251029000170,20251029,코스피,삼화전자공업,011230,주식등의대량보유상황보고서(일반),오영주
20251029000156,20251029,코스닥,탑런토탈솔루션,336680,주식등의대량보유상황보고서(일반),박영근
20251029000134,20251029,코스피,휴니드테크놀러지스,005870,주식등의대량보유상황보고서(일반),김유진
20251029000133,20251029,코스닥,에코프로에이치엔,383310,주식등의대량보유상황보고서(일반),에코프로
20251029000129,20251029,코스닥,큐리옥스바이오시스템즈,445680,주식등의대량보유상황보고서(일반),김남용
20251029000120,20251029,코스닥,인바이오,352940,주식등의대량보유상황보고서(약식),박신득
20251029000032,20251029,코스닥,오에스피,368970,주식등의대량보유상황보고서(약식),해피펫 라이프케어 신기술투자조합 제2호
20251028000453,20251029,코스피,광명전기,017040,주식등의대량보유상황보고서(일반),케이와이에이치홀딩스
20251028000450,20251028,코스피,만호제강,001080,주식등의대량보유상황보고서(일반),엠케이에셋
20251028000442,20251028,코스닥,다보링크,340360,주식등의대량보유상황보고서(일반),테라사이언스
20251028000440,20251028,코스닥,엘앤씨바이오,290650,주식등의대량보유상황보고서(일반),이환철
20251028000439,20251028,코스피,덴티움,145720,주식등의대량보유상황보고서(일반),얼라인파트너스자산운용
20251028000438,20251028,코스닥,지엔코,065060,주식등의대량보유상황보고서(약식),시너지아이비투자
20251028000437,20251028,코스닥,가비아,079940,주식등의대량보유상황보고서(일반),얼라인파트너스자산운용
20251028000436,20251028,코스피,OCI,456040,주식등의대량보유상황보고서(일반),OCI홀딩스
20251028000430,20251028,코스피,애경산업,018250,주식등의대량보유상황보고서(일반),AK홀딩스
20251028000419,20251028,코스피,솔루엠,248070,주식등의대량보유상황보고서(일반),얼라인파트너스자산운용
20251028000414,20251028,코스닥,인바디,041830,주식등의대량보유상황보고서(일반),차인준
20251028000413,20251028,코스닥,오성첨단소재,052420,주식등의대량보유상황보고서(약식),한국채권투자운용
20251028000388,20251028,코스닥,디알텍,214680,주식등의대량보유상황보고서(일반),윤정기
20251028000380,20251028,코스닥,인텔리안테크,189300,주식등의대량보유상황보고서(일반),성상엽
20251028000371,20251028,코스닥,MDS테크,086960,주식등의대량보유상황보고서(일반),플레이그램
20251028000363,20251028,코스닥,이지홀딩스,035810,주식등의대량보유상황보고서(일반),지현욱
20251028000357,20251028,코스닥,M83,476080,주식등의대량보유상황보고서(일반),정성진
20251028000354,20251028,코스닥,에코볼트,097780,주식등의대량보유상황보고서(일반),오성첨단소재
20251028000352,20251028,코스피,디와이에이,002880,주식등의대량보유상황보고서(일반),동강홀딩스
20251028000345,20251028,코스피,INVENI,015360,주식등의대량보유상황보고서(일반),구자은
20251028000333,20251028,코스피,블루산업개발,006740,주식등의대량보유상황보고서(일반),대양금속
20251028000325,20251028,코스닥,애드바이오텍,179530,주식등의대량보유상황보고서(약식),엑시엄자산운용
20251028000319,20251028,코스닥,지놈앤컴퍼니,314130,주식등의대량보유상황보고서(일반),배지수
20251028000317,20251028,코스피,금호에이치티,214330,주식등의대량보유상황보고서(일반),에코볼트
20251028000316,20251028,코스닥,에코프로,086520,주식등의대량보유상황보고서(일반),이동채
20251028000294,20251028,코스닥,아이디스,143160,주식등의대량보유상황보고서(일반),아이디스홀딩스
20251028000289,20251028,코스피,성문전자,014910,주식등의대량보유상황보고서(일반),신준섭
20251028000288,20251028,코스닥,네오팜,092730,주식등의대량보유상황보고서(일반),잇츠한불
20251028000278,20251028,코스피,AJ네트웍스,095570,주식등의대량보유상황보고서(일반),문덕영
20251028000228,20251028,코스피,애경산업,018250,주식등의대량보유상황보고서(일반),태광산업
20251028000212,20251028,코스피,광명전기,017040,주식등의대량보유상황보고서(일반),피앤씨테크
20251028000143,20251028,코스닥,태웅로직스,124560,주식등의대량보유상황보고서(일반),한재동
20251028000142,20251028,코스피,경농,002100,주식등의대량보유상황보고서(일반),이용진
20251028000111,20251028,코스닥,오비고,352910,주식등의대량보유상황보고서(일반),장영준
20251028000096,20251028,코스피,삼일제약,000520,주식등의대량보유상황보고서(일반),허승범
20251028000079,20251028,코스닥,솔본,035610,주식등의대량보유상황보고서(일반),홍기태
20251028000067,20251028,코스닥,네오리진,094860,주식등의대량보유상황보고서(일반),JakotaAsiaStrategyLimited
20251028000014,20251028,코스닥,LK삼양,225190,주식등의대량보유상황보고서(일반),엘케이
20251027000391,20251027,코스닥,이상네트웍스,080010,주식등의대량보유상황보고서(약식),하성일
20251027000380,20251027,코스닥,에이치브이엠,295310,주식등의대량보유상황보고서(일반),최재영
20251027000376,20251027,코스닥,이엠텍,091120,주식등의대량보유상황보고서(일반),정승규
20251027000361,20251027,코스닥,슈프리마,236200,주식등의대량보유상황보고서(일반),이재원
20251027000356,20251027,코스닥,씨티씨바이오,060590,주식등의대량보유상황보고서(일반),바이오노트
20251027000353,20251027,코스피,우성머티리얼스,011300,주식등의대량보유상황보고서(약식),브이씨디네트웍스
20251027000338,20251027,코스닥,포니링크,064800,주식등의대량보유상황보고서(일반),젬백스
20251027000329,20251027,코스피,SK이노베이션,096770,주식등의대량보유상황보고서(일반),SK
20251027000317,20251027,코스피,SK,034730,주식등의대량보유상황보고서(일반),최태원
20251027000314,20251027,코스닥,케이웨더,068100,주식등의대량보유상황보고서(일반),김성환
20251027000313,20251027,코스피,우성머티리얼스,011300,주식등의대량보유상황보고서(일반),더블유에스
20251027000301,20251027,코스피,코스모화학,005420,주식등의대량보유상황보고서(일반),코스모앤컴퍼니
20251027000300,20251027,코스닥,아이티센글로벌,124500,주식등의대량보유상황보고서(일반),강진모
20251027000299,20251027,코스닥,에스와이스틸텍,365330,주식등의대량보유상황보고서(일반),에스와이
20251027000292,20251027,코스닥,오성첨단소재,052420,주식등의대량보유상황보고서(일반),이스트버건디
20251027000282,20251027,코스닥,인선이엔티,060150,주식등의대량보유상황보고서(일반),아이에스동서
20251027000280,20251027,코스닥,압타머사이언스,291650,주식등의대량보유상황보고서(약식),아이텍
20251027000256,20251027,코스닥,코아스템켐온,166480,주식등의대량보유상황보고서(일반),김경숙
20251027000252,20251027,코스닥,카페24,042000,주식등의대량보유상황보고서(일반),우창균
20251027000250,20251027,코스닥,씨티씨바이오,060590,주식등의대량보유상황보고서(일반),파마리서치
20251027000248,20251027,코스닥,로보티즈,108490,주식등의대량보유상황보고서(일반),김병수
20251027000245,20251027,코스피,세아홀딩스,058650,주식등의대량보유상황보고서(일반),이태성
20251027000241,20251027,코스닥,한국첨단소재,062970,주식등의대량보유상황보고서(일반),사토시홀딩스
20251027000237,20251027,코스피,사조오양,006090,주식등의대량보유상황보고서(일반),사조대림
20251027000234,20251027,코스닥,동국제약,086450,주식등의대량보유상황보고서(약식),브이아이피자산운용
20251027000229,20251027,코스닥,펌텍코리아,251970,주식등의대량보유상황보고서(약식),브이아이피자산운용
20251027000225,20251027,코스닥,캔버스엔,210120,주식등의대량보유상황보고서(약식),상상인저축은행
20251027000218,20251027,코스피,팬오션,028670,주식등의대량보유상황보고서(일반),하림지주
20251027000215,20251027,코스피,팜스코,036580,주식등의대량보유상황보고서(일반),하림지주
20251027000214,20251027,코스피,선진,136490,주식등의대량보유상황보고서(일반),하림지주
20251027000204,20251027,코스닥,알에스오토메이션,140670,주식등의대량보유상황보고서(일반),강덕현
20251027000201,20251027,코스닥,인산가,277410,주식등의대량보유상황보고서(일반),김윤세
20251027000164,20251027,코스닥,비투엔,307870,주식등의대량보유상황보고서(일반),엑스트윈스1호조합
20251027000156,20251027,코스닥,투비소프트,079970,주식등의대량보유상황보고서(일반),주식회사 투비소프트 우리사주조합
20251027000151,20251027,코스닥,리드코프,012700,주식등의대량보유상황보고서(일반),디케이마린
20251027000144,20251027,코스닥,엔젠바이오,354200,주식등의대량보유상황보고서(약식),바로저축은행
20251027000106,20251027,코스닥,폰드그룹,472850,주식등의대량보유상황보고서(일반),대명화학
20251027000080,20251027,코스닥,APS,054620,주식등의대량보유상황보고서(일반),정기로
20251027000079,20251027,코스닥,디모아,016670,주식등의대량보유상황보고서(일반),비비안
20251027000031,20251027,코스닥,야스,255440,[기재정정]주식등의대량보유상황보고서(일반),정광호
20251024000548,20251024,코스닥,야스,255440,주식등의대량보유상황보고서(일반),정광호
20251024000542,20251024,코스피,삼성전자,005930,주식등의대량보유상황보고서(일반),삼성물산
20251024000540,20251024,코스닥,폴라리스오피스,041020,주식등의대량보유상황보고서(일반),조성우
20251024000530,20251024,코스피,삼성생명,032830,주식등의대량보유상황보고서(일반),삼성물산
20251024000529,20251024,코스닥,대진첨단소재,393970,주식등의대량보유상황보고서(약식),에스제이투자파트너스
20251024000525,20251024,코스피,까뮤이앤씨,013700,주식등의대량보유상황보고서(일반),베이스
20251024000521,20251024,코스피,DL이앤씨,375500,주식등의대량보유상황보고서(약식),"KopernikGlobalInvestors,LLC"
20251024000503,20251024,코스닥,아이에스티이,212710,주식등의대량보유상황보고서(일반),조창현
20251024000490,20251024,코스닥,디어유,376300,주식등의대량보유상황보고서(일반),JYP Ent.
20251024000480,20251024,코스피,에이프로젠바이오로직스,003060,주식등의대량보유상황보고서(일반),에이프로젠
20251024000477,20251024,코스피,주연테크,044380,주식등의대량보유상황보고서(일반),화평홀딩스
20251024000473,20251024,코스닥,흥구석유,024060,주식등의대량보유상황보고서(일반),서상덕
20251024000468,20251024,코스피,삼진제약,005500,주식등의대량보유상황보고서(일반),최승주
20251024000466,20251024,코스닥,판타지오,032800,주식등의대량보유상황보고서(일반),아티스트
20251024000464,20251024,코스닥,디어유,376300,주식등의대량보유상황보고서(일반),에스엠
20251024000445,20251024,코스피,에이프로젠,007460,주식등의대량보유상황보고서(일반),지베이스
20251024000441,20251024,코스닥,버넥트,438700,주식등의대량보유상황보고서(일반),하태진
20251024000431,20251024,코스닥,씨앤씨인터내셔널,352480,주식등의대량보유상황보고서(일반),뷰티시너지
20251024000425,20251024,코스닥,재영솔루텍,049630,주식등의대량보유상황보고서(약식),무림캐피탈
20251024000422,20251024,코스닥,애니플러스,310200,주식등의대량보유상황보고서(일반),제이제이미디어웍스
20251024000418,20251024,코스닥,HC홈센타,060560,주식등의대량보유상황보고서(일반),에이치씨파트너스
20251024000415,20251024,코스닥,하이퍼코퍼레이션,065650,주식등의대량보유상황보고서(일반),FSN
20251024000412,20251024,코스닥,동화기업,025900,주식등의대량보유상황보고서(일반),"DONGWHAINTERNATIONALCO.,LTD"
20251024000410,20251024,코스피,한국토지신탁,034830,주식등의대량보유상황보고서(일반),엠케이인베스트먼트
20251024000406,20251024,코스닥,ES큐브,050120,주식등의대량보유상황보고서(일반),지에프금융산업제1호
20251024000389,20251024,코스닥,에스투더블유,488280,주식등의대량보유상황보고서(약식),스톤브릿지벤처스
20251024000379,20251024,코스닥,삼천당제약,000250,주식등의대량보유상황보고서(일반),윤대인
20251024000366,20251024,코스닥,나노엔텍,039860,[기재정정]주식등의대량보유상황보고서(일반),에이플러스에셋
20251024000361,20251024,코스피,신원,009270,주식등의대량보유상황보고서(일반),다리우스엔
20251024000346,20251024,코스닥,성호전자,043260,주식등의대량보유상황보고서(일반),서룡전자
20251024000337,20251024,코스닥,씨앤씨인터내셔널,352480,주식등의대량보유상황보고서(일반),배수아
20251024000331,20251024,코스닥,엠투엔,033310,주식등의대량보유상황보고서(일반),디케이마린
20251024000273,20251024,코스닥,이노진,344860,주식등의대량보유상황보고서(일반),ANTONIUS RACHMAT SOELISTYO
20251024000203,20251024,코스닥,씨앤씨인터내셔널,352480,[기재정정]주식등의대량보유상황보고서(일반),배은철
20251024000202,20251024,코스닥,아이씨에이치,368600,주식등의대량보유상황보고서(일반),김영훈
20251024000200,20251024,코스닥,SM C&C,048550,주식등의대량보유상황보고서(일반),에스엠
20251024000197,20251024,코스닥,코텍,052330,주식등의대량보유상황보고서(일반),아이디스홀딩스
20251024000194,20251024,코스닥,DMS,068790,[기재정정]주식등의대량보유상황보고서(일반),박성표
20251024000189,20251024,코스닥,디어유,376300,주식등의대량보유상황보고서(일반),에스엠스튜디오스
20251024000181,20251024,코스닥,SM C&C,048550,주식등의대량보유상황보고서(일반),에스엠스튜디오스
20251024000178,20251024,코스피,코스모신소재,005070,주식등의대량보유상황보고서(일반),코스모화학
20251024000083,20251024,코스피,롯데정밀화학,004000,주식등의대량보유상황보고서(약식),FederatedHermesLimited
20251024000073,20251024,코스피,롯데정밀화학,004000,주식등의대량보유상황보고서(약식),HermesInvestmentManagementLimited
20251024000066,20251024,코스닥,나인테크,267320,주식등의대량보유상황보고서(일반),박근노
20251023000405,20251023,코스피,DB손해보험,005830,주식등의대량보유상황보고서(일반),김준기
20251023000385,20251023,코스닥,아톤,158430,주식등의대량보유상황보고서(일반),김종서
20251023000378,20251023,코스닥,팜스토리,027710,주식등의대량보유상황보고서(일반),이지홀딩스
20251023000377,20251023,코스닥,인크레더블버즈,064090,주식등의대량보유상황보고서(약식),라미쿠스
20251023000360,20251023,코스피,대원강업,000430,주식등의대량보유상황보고서(일반),현대지에프홀딩스
20251023000296,20251023,코스피,휴니드테크놀러지스,005870,주식등의대량보유상황보고서(일반),김유진
20251023000292,20251023,코스닥,키이스트,054780,주식등의대량보유상황보고서(일반),에스엠
20251023000291,20251023,코스피,롯데관광개발,032350,주식등의대량보유상황보고서(일반),김기병
20251023000285,20251023,코스닥,키이스트,054780,주식등의대량보유상황보고서(일반),에스엠스튜디오스
20251023000251,20251023,코스닥,신원종합개발,017000,주식등의대량보유상황보고서(약식),김승현
20251023000246,20251023,코스닥,삼일,032280,주식등의대량보유상황보고서(일반),티디
20251023000244,20251023,코스피,BGF리테일,282330,주식등의대량보유상황보고서(일반),BGF
20251023000242,20251023,코스닥,에이전트AI,060900,주식등의대량보유상황보고서(약식),퍼플렉시티투자조합
20251023000182,20251023,코스닥,신성델타테크,065350,주식등의대량보유상황보고서(약식),고목델타화공
20251023000172,20251023,코스피,제주항공,089590,주식등의대량보유상황보고서(일반),AK홀딩스
20251023000118,20251023,코스피,남양유업,003920,주식등의대량보유상황보고서(일반),한앤코유업홀딩스
20251023000103,20251023,코스닥,시지트로닉스,429270,주식등의대량보유상황보고서(일반),심규환
20251023000102,20251023,코스피,영원무역홀딩스,009970,[기재정정]주식등의대량보유상황보고서(일반),와이엠에스에이
20251023000065,20251023,코스닥,HLB파나진,046210,주식등의대량보유상황보고서(일반),박준곤
20251023000058,20251023,코스피,세우글로벌,013000,주식등의대량보유상황보고서(일반),안백순
20251023000053,20251023,코스닥,CSA 코스믹,083660,주식등의대량보유상황보고서(약식),카노히
20251023000049,20251023,코스닥,CSA 코스믹,083660,주식등의대량보유상황보고서(일반),홈캐스트
20251023000043,20251023,코스피,삼성화재해상보험,000810,주식등의대량보유상황보고서(약식),슈로더인베스트먼트매니지먼트
20251023000024,20251023,코스닥,티씨머티리얼즈,125020,주식등의대량보유상황보고서(약식),리인베스트먼트
20251023000002,20251023,코스닥,현대사료,016790,주식등의대량보유상황보고서(일반),뜰안채건설
20251023000001,20251023,코스닥,현대사료,016790,주식등의대량보유상황보고서(일반),뜰안채건설
20251022000361,20251022,코스닥,SM Life Design,063440,주식등의대량보유상황보고서(일반),에스엠
20251022000342,20251022,코스닥,이노스페이스,462350,주식등의대량보유상황보고서(일반),김수종
20251022000341,20251022,코스피,천일고속,000650,주식등의대량보유상황보고서(일반),박도현
20251022000330,20251022,코스피,황금에스티,032560,주식등의대량보유상황보고서(일반),김종현
20251022000313,20251022,코스닥,SM Life Design,063440,주식등의대량보유상황보고서(일반),에스엠스튜디오스
20251022000311,20251022,코스피,한미사이언스,008930,주식등의대량보유상황보고서(일반),임종훈
20251022000310,20251022,코스닥,씨에스베어링,297090,주식등의대량보유상황보고서(일반),씨에스윈드
20251022000304,20251022,코스피,한미사이언스,008930,주식등의대량보유상황보고서(일반),임종윤
20251022000302,20251022,코스피,한미사이언스,008930,주식등의대량보유상황보고서(일반),송영숙
20251022000299,20251022,코스닥,중앙첨단소재,051980,주식등의대량보유상황보고서(일반),광무
20251022000280,20251022,코스닥,HLB제약,047920,주식등의대량보유상황보고서(일반),HLB생명과학
20251022000270,20251022,코스닥,모다이노칩,080420,주식등의대량보유상황보고서(일반),대명화학
20251022000253,20251022,코스닥,서연탑메탈,019770,주식등의대량보유상황보고서(일반),서연
20251022000247,20251022,코스닥,티케이케미칼,104480,주식등의대량보유상황보고서(일반),에스엠인더스트리
20251022000242,20251022,코스닥,에코볼트,097780,주식등의대량보유상황보고서(일반),오성첨단소재
20251022000235,20251022,코스닥,에코볼트,097780,[기재정정]주식등의대량보유상황보고서(일반),오성첨단소재
20251022000234,20251022,코스피,성신양회,004980,주식등의대량보유상황보고서(일반),김태현
20251022000224,20251022,코스닥,CSA 코스믹,083660,주식등의대량보유상황보고서(일반),브이핑크홀딩스
20251022000212,20251022,코스피,금호에이치티,214330,주식등의대량보유상황보고서(일반),에코볼트
20251022000208,20251022,코스피,한진칼,180640,주식등의대량보유상황보고서(일반),조원태
20251022000207,20251022,코스피,성신양회,004980,주식등의대량보유상황보고서(일반),김영준
20251022000203,20251022,코스닥,비투엔,307870,주식등의대량보유상황보고서(일반),리본머트리얼홀딩스
20251022000193,20251022,코스닥,에이전트AI,060900,주식등의대량보유상황보고서(약식),나카모토투자조합
20251022000183,20251022,코스닥,엑세스바이오,950130,주식등의대량보유상황보고서(일반),팜젠사이언스
20251022000115,20251022,코스닥,브이씨,365900,주식등의대량보유상황보고서(일반),김준오
20251022000107,20251022,코스닥,월덱스,101160,주식등의대량보유상황보고서(약식),브이아이피자산운용
20251022000094,20251022,코스닥,로젠,033290,주식등의대량보유상황보고서(일반),대명화학
20251022000089,20251022,코스닥,모다이노칩,080420,주식등의대량보유상황보고서(일반),대명화학
20251022000086,20251022,코스닥,픽셀플러스,087600,주식등의대량보유상황보고서(일반),이서규
20251022000083,20251022,코스닥,알파AI,043100,주식등의대량보유상황보고서(약식),웅촌곡천협동조합
20251022000077,20251022,코스닥,신라섬유,001000,주식등의대량보유상황보고서(약식),김대용
20251022000061,20251022,코스피,KG스틸,016380,주식등의대량보유상황보고서(일반),KG에코솔루션
20251022000052,20251022,코스닥,키이스트,054780,주식등의대량보유상황보고서(일반),이로투자조합1호
20251022000033,20251022,코스닥,제노레이,122310,주식등의대량보유상황보고서(일반),박병욱
20251021000432,20251021,코스피,INVENI,015360,주식등의대량보유상황보고서(일반),구자은
20251021000400,20251021,코스피,애경산업,018250,주식등의대량보유상황보고서(일반),AK홀딩스
20251021000390,20251021,코스닥,이노스페이스,462350,주식등의대량보유상황보고서(약식),코오롱인베스트먼트
20251021000346,20251021,코스닥,포스뱅크,105760,주식등의대량보유상황보고서(일반),은동욱
20251021000339,20251021,코스피,코아스,071950,[기재정정]주식등의대량보유상황보고서(일반),백운 조합
20251021000335,20251021,코스닥,노바렉스,194700,주식등의대량보유상황보고서(일반),권석형
20251021000326,20251021,코스닥,에이치브이엠,295310,주식등의대량보유상황보고서(일반),최재영
20251021000324,20251021,코스닥,코아시아,045970,주식등의대량보유상황보고서(일반),이희준
20251021000314,20251021,코스피,코스모화학,005420,주식등의대량보유상황보고서(일반),코스모앤컴퍼니
20251021000309,20251021,코스닥,상보,027580,주식등의대량보유상황보고서(일반),김상근
20251021000307,20251021,코스닥,엔지켐생명과학,183490,주식등의대량보유상황보고서(일반),브리짓라이프사이언스
20251021000294,20251021,코스피,서울식품공업,004410,주식등의대량보유상황보고서(일반),서성훈
20251021000288,20251021,코스닥,GC메디아이,032620,주식등의대량보유상황보고서(일반),GC케어
20251021000276,20251021,코스닥,케이엔제이,272110,주식등의대량보유상황보고서(일반),심호섭
20251021000260,20251021,코스피,삼양홀딩스,000070,주식등의대량보유상황보고서(일반),김윤
20251021000253,20251021,코스피,세우글로벌,013000,주식등의대량보유상황보고서(약식),에이스나노켐
20251021000191,20251021,코스닥,와이지엔터테인먼트,122870,주식등의대량보유상황보고서(일반),양현석
20251021000179,20251021,코스닥,엘엠에스,073110,주식등의대량보유상황보고서(일반),나우주
20251021000176,20251021,코스닥,성광벤드,014620,주식등의대량보유상황보고서(일반),안재일
20251021000127,20251021,코스닥,씨앤씨인터내셔널,352480,주식등의대량보유상황보고서(일반),배수아
20251021000120,20251021,코스닥,현대사료,016790,주식등의대량보유상황보고서(일반),뜰안채건설
20251021000114,20251021,코스닥,씨앤씨인터내셔널,352480,주식등의대량보유상황보고서(일반),배은철
20251021000084,20251021,코스닥,현대에이치티,039010,주식등의대량보유상황보고서(일반),이건구
20251020000324,20251020,코스닥,샤페론,378800,주식등의대량보유상황보고서(일반),성승용
20251020000312,20251020,코스피,이월드,084680,주식등의대량보유상황보고서(일반),이랜드월드
20251020000283,20251020,코스닥,하나머티리얼즈,166090,주식등의대량보유상황보고서(일반),하나마이크론
20251020000281,20251020,코스닥,코아스템켐온,166480,주식등의대량보유상황보고서(일반),김경숙
20251020000271,20251020,코스피,LF,093050,주식등의대량보유상황보고서(일반),구본걸
20251020000256,20251020,코스피,종근당홀딩스,001630,주식등의대량보유상황보고서(일반),이장한
20251020000229,20251020,코스닥,코퍼스코리아,322780,주식등의대량보유상황보고서(일반),오영섭
20251020000216,20251020,코스닥,광무,029480,주식등의대량보유상황보고서(약식),골든밸류 제5호 신기술조합
20251020000209,20251020,코스닥,한탑,002680,주식등의대량보유상황보고서(약식),양정산업
20251020000191,20251020,코스닥,노바렉스,194700,주식등의대량보유상황보고서(약식),브이아이피자산운용
20251020000182,20251020,코스닥,SFA,056190,주식등의대량보유상황보고서(일반),디와이홀딩스
20251020000177,20251020,코스닥,위메이드,112040,주식등의대량보유상황보고서(일반),박관호
20251020000173,20251020,코스닥,위세아이텍,065370,주식등의대량보유상황보고서(일반),김다산
20251020000150,20251020,코스닥,알에스오토메이션,140670,주식등의대량보유상황보고서(일반),강덕현
20251020000125,20251020,코스피,한세예스24홀딩스,016450,주식등의대량보유상황보고서(일반),김동녕
20251020000110,20251020,코스닥,그리티,204020,주식등의대량보유상황보고서(약식),에코마케팅
20251020000107,20251020,코스닥,파이버프로,368770,주식등의대량보유상황보고서(일반),이봉완
20251020000102,20251020,코스닥,파이버프로,368770,주식등의대량보유상황보고서(일반),고연완
20251020000094,20251020,코스닥,로보스타,090360,주식등의대량보유상황보고서(일반),LG전자
20251020000042,20251020,코스닥,코퍼스코리아,322780,주식등의대량보유상황보고서(약식),이노베이션1호조합
20251020000041,20251020,코스닥,코퍼스코리아,322780,주식등의대량보유상황보고서(일반),그린그로쓰
20251020000032,20251020,코스닥,모다이노칩,080420,주식등의대량보유상황보고서(일반),대명화학
20251020000013,20251020,코스피,디와이파워,210540,주식등의대량보유상황보고서(약식),브이아이피자산운용
20251017000552,20251017,코스피,만호제강,001080,주식등의대량보유상황보고서(일반),엠케이에셋
20251017000528,20251017,코스닥,티이엠씨,425040,주식등의대량보유상황보고서(일반),에벤투스반도체제1호사모투자
20251017000513,20251017,코스닥,큐리옥스바이오시스템즈,445680,주식등의대량보유상황보고서(일반),ZIGVenturesLimited
20251017000512,20251017,코스피,삼성전자,005930,주식등의대량보유상황보고서(일반),삼성물산
20251017000493,20251017,코스피,삼성생명,032830,주식등의대량보유상황보고서(일반),삼성물산
20251017000487,20251017,코스피,삼성물산,028260,주식등의대량보유상황보고서(일반),이재용
20251017000457,20251017,코스닥,현대힘스,460930,주식등의대량보유상황보고서(일반),허큘리스홀딩스
20251017000456,20251017,코스닥,오픈엣지테크놀로지,394280,주식등의대량보유상황보고서(일반),이성현
20251017000444,20251017,코스닥,카카오게임즈,293490,주식등의대량보유상황보고서(일반),카카오
20251017000437,20251017,코스피,차AI헬스케어,025620,주식등의대량보유상황보고서(일반),아이오케이이엔엠
20251017000432,20251017,코스닥,티로보틱스,117730,주식등의대량보유상황보고서(일반),안승욱
20251017000428,20251017,코스피,삼진제약,005500,주식등의대량보유상황보고서(일반),최승주
20251017000426,20251017,코스닥,감성코퍼레이션,036620,주식등의대량보유상황보고서(일반),김호선
20251017000419,20251017,코스피,에이프로젠,007460,주식등의대량보유상황보고서(일반),지베이스
20251017000404,20251017,코스닥,HC보광산업,225530,주식등의대량보유상황보고서(일반),HC홈센타
20251017000400,20251017,코스닥,에이루트,096690,주식등의대량보유상황보고서(일반),최정임
20251017000385,20251017,코스닥,바이넥스,053030,주식등의대량보유상황보고서(일반),더에이블
20251017000384,20251017,코스피,농심,004370,주식등의대량보유상황보고서(일반),신동원
20251017000381,20251017,코스닥,신화프리텍,095190,주식등의대량보유상황보고서(일반),신화정공
20251017000372,20251017,코스닥,루미르,474170,주식등의대량보유상황보고서(일반),남명용
20251017000370,20251017,코스닥,에르코스,435570,주식등의대량보유상황보고서(일반),김슬기
20251017000367,20251017,코스피,농심홀딩스,072710,주식등의대량보유상황보고서(일반),신동원
20251017000366,20251017,코스닥,재영솔루텍,049630,주식등의대량보유상황보고서(약식),무림캐피탈
20251017000364,20251017,코스피,율촌화학,008730,주식등의대량보유상황보고서(일반),신동윤
20251017000363,20251017,코스닥,디지털대성,068930,주식등의대량보유상황보고서(약식),브이아이피자산운용
20251017000330,20251017,코스피,신원,009270,주식등의대량보유상황보고서(일반),티앤엠커뮤니케이션즈
20251017000312,20251017,코스닥,오성첨단소재,052420,주식등의대량보유상황보고서(일반),이스트버건디
20251017000297,20251017,코스닥,키이스트,054780,주식등의대량보유상황보고서(일반),에스엠스튜디오스
20251017000289,20251017,코스닥,파인텍,131760,주식등의대량보유상황보고서(일반),강원일
20251017000172,20251017,코스닥,솔트웨어,328380,주식등의대량보유상황보고서(일반),이정근
20251017000121,20251017,코스피,삼호개발,010960,주식등의대량보유상황보고서(일반),이종호
20251017000114,20251017,코스닥,현대사료,016790,주식등의대량보유상황보고서(일반),뜰안채건설
20251017000112,20251017,코스피,파미셀,005690,주식등의대량보유상황보고서(일반),김현수
20251017000100,20251017,코스피,성문전자,014910,주식등의대량보유상황보고서(일반),신준섭
20251017000098,20251017,코스닥,DMS,068790,주식등의대량보유상황보고서(일반),박성표
20251017000084,20251017,코스닥,엠플러스,259630,주식등의대량보유상황보고서(일반),엔브이메자닌플러스사모투자
20251017000019,20251017,코스닥,일월지엠엘,178780,주식등의대량보유상황보고서(일반),일월
20251016000366,20251016,코스닥,이상네트웍스,080010,주식등의대량보유상황보고서(약식),하성일
20251016000344,20251016,코스닥,딥노이드,315640,주식등의대량보유상황보고서(일반),최우식
20251016000322,20251016,코스닥,아리바이오홀딩스,290690,주식등의대량보유상황보고서(일반),정재준
20251016000307,20251016,코스닥,뷰티스킨,406820,주식등의대량보유상황보고서(일반),김종수
20251016000302,20251016,코스닥,SY동아,041930,[기재정정]주식등의대량보유상황보고서(일반),삼영엠텍
20251016000299,20251016,코스닥,시큐브,131090,주식등의대량보유상황보고서(일반),홍기융
20251016000290,20251016,코스닥,SGA솔루션즈,184230,주식등의대량보유상황보고서(일반),에스지에이홀딩스
20251016000282,20251016,코스피,제주항공,089590,주식등의대량보유상황보고서(일반),AK홀딩스
20251016000261,20251016,코스피,LS에코에너지,229640,주식등의대량보유상황보고서(일반),LS전선
20251016000259,20251016,코스닥,아모텍,052710,주식등의대량보유상황보고서(일반),김병규
20251016000257,20251016,코스닥,씨어스,458870,주식등의대량보유상황보고서(약식),윈베스트벤처투자
20251016000248,20251016,코스닥,네오이뮨텍,950220,주식등의대량보유상황보고서(일반),제넥신
20251016000242,20251016,코스닥,하이퍼코퍼레이션,065650,주식등의대량보유상황보고서(약식),수성자산운용
20251016000239,20251016,코스피,동일제강,002690,주식등의대량보유상황보고서(일반),김준년
20251016000238,20251016,코스닥,현대바이오,048410,주식등의대량보유상황보고서(일반),씨앤팜
20251016000236,20251016,코스닥,SY동아,041930,주식등의대량보유상황보고서(일반),삼영엠텍
20251016000230,20251016,코스닥,민테크,452200,주식등의대량보유상황보고서(약식),LG에너지솔루션
20251016000228,20251016,코스닥,HLB테라퓨틱스,115450,주식등의대량보유상황보고서(일반),HLB
20251016000227,20251016,코스닥,엑스페릭스,317770,주식등의대량보유상황보고서(일반),윤상철
20251016000219,20251016,코스닥,진양제약,007370,주식등의대량보유상황보고서(약식),제니스밸류에셋
20251016000194,20251016,코스피,영풍,000670,주식등의대량보유상황보고서(일반),KZ정밀
20251016000189,20251016,코스닥,우양에이치씨,101970,주식등의대량보유상황보고서(일반),솔브레인홀딩스
20251016000166,20251016,코스닥,성호전자,043260,주식등의대량보유상황보고서(일반),서룡전자
20251016000158,20251016,코스피,현대모비스,012330,주식등의대량보유상황보고서(일반),기아
20251016000122,20251016,코스닥,엠투엔,033310,주식등의대량보유상황보고서(일반),디케이마린
20251016000121,20251016,코스닥,리드코프,012700,주식등의대량보유상황보고서(일반),디케이마린
20251016000117,20251016,코스피,우진,105840,주식등의대량보유상황보고서(일반),이재원
20251016000114,20251016,코스피,남선알미늄,008350,주식등의대량보유상황보고서(일반),삼라
20251016000101,20251016,코스닥,씨티케이,260930,주식등의대량보유상황보고서(일반),정인용
20251016000069,20251016,코스닥,오름테라퓨틱,475830,주식등의대량보유상황보고서(일반),이승주
20251016000068,20251016,코스닥,옵티코어,380540,주식등의대량보유상황보고서(약식),바로저축은행
20251016000053,20251016,코스닥,에브리봇,270660,주식등의대량보유상황보고서(일반),정우철
20251016000048,20251016,코스닥,SY동아,041930,주식등의대량보유상황보고서(일반),임경식
20251016000007,20251016,코스닥,진영,285800,주식등의대량보유상황보고서(일반),심영수
20251015000415,20251015,코스닥,인터로조,119610,주식등의대량보유상황보고서(일반),스틱프리즘
20251015000414,20251015,코스닥,오늘이엔엠,192410,[기재정정]주식등의대량보유상황보고서(약식),마케루스메자닌투자조합
20251015000412,20251015,코스닥,광무,029480,주식등의대량보유상황보고서(일반),아틀라스팔천
20251015000409,20251015,코스닥,오늘이엔엠,192410,주식등의대량보유상황보고서(약식),디에이치투자조합
20251015000404,20251015,코스닥,에코캡,128540,주식등의대량보유상황보고서(일반),김창규
20251015000402,20251015,코스피,트리니티항공,091810,주식등의대량보유상황보고서(약식),DB증권
20251015000391,20251015,코스피,이리츠코크렙,088260,주식등의대량보유상황보고서(일반),이랜드리테일
20251015000385,20251015,코스닥,광무,029480,주식등의대량보유상황보고서(일반),앤로보틱스
20251015000384,20251015,코스피,한화,000880,주식등의대량보유상황보고서(일반),김승연
20251015000382,20251015,코스피,콜마홀딩스,024720,주식등의대량보유상황보고서(일반),윤상현
20251015000379,20251015,코스닥,스코넥,276040,주식등의대량보유상황보고서(일반),와이즈프라퍼티스
20251015000372,20251015,코스닥,한국비엔씨,256840,주식등의대량보유상황보고서(일반),최완규
20251015000370,20251015,코스피,만호제강,001080,주식등의대량보유상황보고서(일반),안병두
20251015000358,20251015,코스닥,디모아,016670,주식등의대량보유상황보고서(일반),에스제이홀딩스제1호투자조합
20251015000350,20251015,코스피,벽산,007210,주식등의대량보유상황보고서(일반),벽산엘티씨엔터프라이즈
20251015000337,20251015,코스피,만호제강,001080,주식등의대량보유상황보고서(일반),김상환
20251015000332,20251015,코스닥,젬백스,082270,주식등의대량보유상황보고서(일반),젬앤컴퍼니
20251015000330,20251015,코스닥,KX하이텍,052900,주식등의대량보유상황보고서(일반),KX
20251015000321,20251015,코스닥,에코볼트,097780,주식등의대량보유상황보고서(일반),오성첨단소재
20251015000303,20251015,코스피,INVENI,015360,주식등의대량보유상황보고서(일반),구자은
20251015000288,20251015,코스닥,엔브이에이치코리아,067570,주식등의대량보유상황보고서(일반),구자겸
20251015000283,20251015,코스피,한국화장품제조,003350,주식등의대량보유상황보고서(약식),코리아 골든뷰티 신기술투자조합
20251015000278,20251015,코스피,일진다이아,081000,주식등의대량보유상황보고서(일반),일진홀딩스
20251015000271,20251015,코스피,일진홀딩스,015860,주식등의대량보유상황보고서(일반),허정석
20251015000264,20251015,코스닥,켐트로닉스,089010,주식등의대량보유상황보고서(약식),액시스인베스트먼트
20251015000262,20251015,코스닥,아모센스,357580,주식등의대량보유상황보고서(일반),김병규
20251015000260,20251015,코스닥,국전,307750,주식등의대량보유상황보고서(일반),홍종호
20251015000242,20251015,코스피,크래프톤,259960,주식등의대량보유상황보고서(일반),장병규
20251015000238,20251015,코스피,DN오토모티브,007340,주식등의대량보유상황보고서(일반),김상헌
20251015000231,20251015,코스피,금호에이치티,214330,주식등의대량보유상황보고서(일반),에코볼트
20251015000230,20251015,코스닥,이녹스첨단소재,272290,주식등의대량보유상황보고서(일반),이녹스
20251015000215,20251015,코스닥,제이앤티씨,204270,주식등의대량보유상황보고서(일반),진우엔지니어링
20251015000171,20251015,코스닥,엑세스바이오,950130,주식등의대량보유상황보고서(일반),팜젠사이언스
20251015000168,20251015,코스피,JW홀딩스,096760,주식등의대량보유상황보고서(일반),이경하
20251015000147,20251015,코스닥,에코프로,086520,주식등의대량보유상황보고서(일반),이동채
20251015000049,20251015,코스피,KG케미칼,001390,주식등의대량보유상황보고서(일반),케이지제로인
20251014000378,20251014,코스닥,태웅로직스,124560,주식등의대량보유상황보고서(일반),한재동
20251014000376,20251014,코스피,코리안리,003690,주식등의대량보유상황보고서(일반),장인순
20251014000362,20251014,코스닥,휴엠앤씨,263920,주식등의대량보유상황보고서(일반),휴온스글로벌
20251014000359,20251014,코스닥,큐리옥스바이오시스템즈,445680,주식등의대량보유상황보고서(일반),김남용
20251014000351,20251014,코스피,셀트리온,068270,주식등의대량보유상황보고서(일반),셀트리온홀딩스
20251014000350,20251014,코스닥,좋은사람들,033340,주식등의대량보유상황보고서(일반),우리인터텍스
20251014000348,20251014,코스닥,애드바이오텍,179530,주식등의대량보유상황보고서(약식),골든코어2호
20251014000341,20251014,코스닥,엘앤케이바이오,156100,주식등의대량보유상황보고서(일반),강국진
20251014000337,20251014,코스피,블루산업개발,006740,주식등의대량보유상황보고서(일반),피엠에이조합
20251014000327,20251014,코스피,효성,004800,주식등의대량보유상황보고서(일반),조현준
20251014000321,20251014,코스피,대림바스,005750,주식등의대량보유상황보고서(일반),이해영
20251014000319,20251014,코스닥,엠플러스,259630,주식등의대량보유상황보고서(약식),에벤투스2차전지제1의2호사모투자
20251014000313,20251014,코스피,광동제약,009290,주식등의대량보유상황보고서(일반),최성원
20251014000312,20251014,코스피,효성티앤씨,298020,주식등의대량보유상황보고서(일반),효성
20251014000309,20251014,코스닥,수성웹툰,084180,주식등의대량보유상황보고서(일반),투믹스홀딩스
20251014000303,20251014,코스닥,KB제33호스팩,0072Z0,주식등의대량보유상황보고서(일반),케이비증권
20251014000302,20251014,코스피,넥센,005720,주식등의대량보유상황보고서(약식),아이비케이캐피탈
20251014000296,20251014,코스피,아이에스동서,010780,주식등의대량보유상황보고서(일반),권혁운
20251014000289,20251014,코스닥,삼성스팩11호,0071M0,주식등의대량보유상황보고서(일반),삼성증권
20251014000287,20251014,코스닥,한울앤제주,276730,주식등의대량보유상황보고서(약식),밸류에셋 신기술1호 투자조합
20251014000285,20251014,코스피,LX인터내셔널,001120,주식등의대량보유상황보고서(일반),LX홀딩스
20251014000283,20251014,코스닥,지아이에스,306620,주식등의대량보유상황보고서(일반),황성일
20251014000280,20251014,코스닥,에스와이스틸텍,365330,주식등의대량보유상황보고서(일반),에스와이
20251014000269,20251014,코스닥,LSK아이로봇,091970,주식등의대량보유상황보고서(일반),엘에스케이디비
20251014000265,20251014,코스닥,알티캐스트,085810,주식등의대량보유상황보고서(약식),비전2
20251014000260,20251014,코스닥,고영,098460,주식등의대량보유상황보고서(일반),고영홀딩스
20251014000256,20251014,코스닥,한국첨단소재,062970,주식등의대량보유상황보고서(일반),사토시홀딩스
20251014000237,20251014,코스닥,풍전약품,298060,주식등의대량보유상황보고서(약식),아리아 신기술조합 제95호
20251014000233,20251014,코스닥,MDS테크,086960,주식등의대량보유상황보고서(일반),플레이그램
20251014000232,20251014,코스닥,오늘이엔엠,192410,주식등의대량보유상황보고서(약식),아름드리코퍼레이션
20251014000229,20251014,코스닥,옵티코어,380540,주식등의대량보유상황보고서(약식),대호에이엘
20251014000227,20251014,코스닥,풍전약품,298060,주식등의대량보유상황보고서(일반),마르시아 신기술조합 제77호
20251014000223,20251014,코스피,대양금속,009190,주식등의대량보유상황보고서(일반),디와이엠파트너스
20251014000208,20251014,코스닥,풍전약품,298060,주식등의대량보유상황보고서(약식),김진솔
20251014000172,20251014,코스피,진도,088790,주식등의대량보유상황보고서(일반),임오파트너스
20251014000152,20251014,코스피,하나금융지주,086790,주식등의대량보유상황보고서(약식),CapitalResearchandManagementCompany
20251014000148,20251014,코스피,KB금융,105560,주식등의대량보유상황보고서(약식),CapitalResearchandManagementCompany
20251014000144,20251014,코스닥,와이엠티,251370,주식등의대량보유상황보고서(약식),에스피자산운용
20251014000142,20251014,코스피,SK하이닉스,000660,주식등의대량보유상황보고서(약식),CapitalResearchandManagementCompany
20251014000127,20251014,코스닥,에어레인,163280,주식등의대량보유상황보고서(일반),하성용
20251014000126,20251014,코스피,JB금융지주,175330,주식등의대량보유상황보고서(약식),CapitalResearchandManagementCompany
20251014000123,20251014,코스닥,감성코퍼레이션,036620,주식등의대량보유상황보고서(일반),김호선
20251014000113,20251014,코스피,BNK금융지주,138930,주식등의대량보유상황보고서(약식),CapitalResearchandManagementCompany
20251014000091,20251014,코스피,다이나믹디자인,145210,주식등의대량보유상황보고서(약식),정인파트너스
20251014000075,20251014,코스닥,알티캐스트,085810,주식등의대량보유상황보고서(약식),삼미홀딩스
20251014000067,20251014,코스닥,세종메디칼,258830,주식등의대량보유상황보고서(일반),비에스제이홀딩스
20251014000066,20251014,코스닥,이원컴포텍,088290,주식등의대량보유상황보고서(일반),래인파트너스
20251014000065,20251014,코스피,명인제약,317450,주식등의대량보유상황보고서(일반),이행명
20251014000062,20251014,코스피,KB스타리츠,432320,주식등의대량보유상황보고서(약식),삼성자산운용
20251014000040,20251014,코스피,하나금융지주,086790,주식등의대량보유상황보고서(약식),"TheCapitalGroupCompanies,Inc."
20251014000039,20251014,코스피,코스맥스,192820,주식등의대량보유상황보고서(약식),THEGOVERNMENTOFSINGAPORE
20251014000033,20251014,코스피,KB금융,105560,주식등의대량보유상황보고서(약식),"TheCapitalGroupCompanies,Inc."
20251014000028,20251014,코스피,SK하이닉스,000660,주식등의대량보유상황보고서(약식),"TheCapitalGroupCompanies,Inc."
20251014000026,20251014,코스피,JB금융지주,175330,주식등의대량보유상황보고서(약식),"TheCapitalGroupCompanies,Inc."
20251014000020,20251014,코스피,BNK금융지주,138930,주식등의대량보유상황보고서(약식),"TheCapitalGroupCompanies,Inc."
20251014000013,20251014,코스닥,윈하이텍,192390,주식등의대량보유상황보고서(일반),송규정
20251013000358,20251013,코스닥,우리넷,115440,주식등의대량보유상황보고서(일반),넷솔루션즈홀딩스
20251013000354,20251013,코스피,애경산업,018250,주식등의대량보유상황보고서(일반),AK홀딩스
20251013000353,20251013,코스피,애경케미칼,161000,주식등의대량보유상황보고서(일반),AK홀딩스
20251013000346,20251013,코스닥,프로티나,468530,주식등의대량보유상황보고서(약식),LB인베스트먼트
20251013000338,20251013,코스피,태양금속공업,004100,주식등의대량보유상황보고서(일반),한하워드성
20251013000332,20251013,코스피,태양금속공업,004100,주식등의대량보유상황보고서(일반),한우삼
20251013000331,20251013,코스닥,남화토건,091590,주식등의대량보유상황보고서(일반),최재훈
20251013000322,20251013,코스닥,유니트론텍,142210,주식등의대량보유상황보고서(일반),남궁선
20251013000316,20251013,코스피,프레스티지바이오파마,950210,주식등의대량보유상황보고서(일반),메이슨파트너스
20251013000310,20251013,코스닥,빛과전자,069540,[기재정정]주식등의대량보유상황보고서(일반),라이트론홀딩스
20251013000301,20251013,코스피,대양금속,009190,주식등의대량보유상황보고서(약식),비비원조합
20251013000299,20251013,코스닥,세운메디칼,100700,주식등의대량보유상황보고서(일반),이길환
20251013000296,20251013,코스닥,KZ정밀,036560,주식등의대량보유상황보고서(일반),유미개발
20251013000273,20251013,코스닥,이지홀딩스,035810,주식등의대량보유상황보고서(일반),지현욱
20251013000272,20251013,코스피,고려아연,010130,주식등의대량보유상황보고서(일반),최윤범
20251013000266,20251013,코스피,AJ네트웍스,095570,주식등의대량보유상황보고서(일반),문덕영
20251013000261,20251013,코스피,카카오페이,377300,주식등의대량보유상황보고서(일반),카카오
20251013000249,20251013,코스닥,CSA 코스믹,083660,주식등의대량보유상황보고서(일반),조성아
20251013000230,20251013,코스닥,인카금융서비스,211050,주식등의대량보유상황보고서(일반),심두섭
20251013000227,20251013,코스닥,차바이오텍,085660,주식등의대량보유상황보고서(일반),차광렬
20251013000220,20251013,코스닥,위세아이텍,065370,주식등의대량보유상황보고서(일반),김다산
20251013000212,20251013,코스닥,비씨엔씨,146320,주식등의대량보유상황보고서(일반),김돈한
20251013000187,20251013,코스닥,케이엠제약,225430,주식등의대량보유상황보고서(일반),강일모
20251013000184,20251013,코스닥,삼목에스폼,018310,주식등의대량보유상황보고서(일반),에스폼
20251013000178,20251013,코스피,엑시큐어하이트론,019490,주식등의대량보유상황보고서(약식),그로우스앤밸류 14호 투자조합
20251013000175,20251013,코스닥,씨싸이트,109670,주식등의대량보유상황보고서(일반),티에스 2018-12 M&A 투자조합
20251013000159,20251013,코스닥,씨앤씨인터내셔널,352480,주식등의대량보유상황보고서(일반),배은철
20251013000148,20251013,코스피,진도,088790,주식등의대량보유상황보고서(일반),임병남
20251013000146,20251013,코스닥,드림씨아이에스,223250,주식등의대량보유상황보고서(일반),HONGKONGTIGERMED
20251013000128,20251013,코스피,블루산업개발,006740,주식등의대량보유상황보고서(일반),대양금속
20251013000118,20251013,코스닥,삼성스팩11호,0071M0,주식등의대량보유상황보고서(일반),미래에쿼티파트너스
20251013000117,20251013,코스닥,상신전자,263810,주식등의대량보유상황보고서(일반),미래나노텍
20251013000109,20251013,코스닥,태성,323280,주식등의대량보유상황보고서(일반),김종학
20251013000069,20251013,코스피,경인양행,012610,주식등의대량보유상황보고서(일반),김흥준
20251013000040,20251013,코스피,대한조선,439260,주식등의대량보유상황보고서(일반),안다에이치자산운용
20251013000005,20251013,코스닥,인산가,277410,주식등의대량보유상황보고서(일반),김윤세
20251010000402,20251010,코스닥,씨큐브,101240,주식등의대량보유상황보고서(일반),스타치얼코퍼레이션
20251010000399,20251010,코스피,카카오페이,377300,주식등의대량보유상황보고서(약식),GOLDMANSACHSINTERNATIONAL
20251010000395,20251010,코스닥,제이스코홀딩스,023440,주식등의대량보유상황보고서(일반),캐디언스시스템
20251010000394,20251010,코스닥,하나마이크론,067310,주식등의대량보유상황보고서(일반),최창호
20251010000391,20251010,코스닥,와이바이오로직스,338840,주식등의대량보유상황보고서(일반),박영우
20251010000389,20251010,코스피,이지스밸류플러스리츠,334890,주식등의대량보유상황보고서(약식),이지스자산운용
20251010000388,20251010,코스닥,삼기,122350,주식등의대량보유상황보고서(일반),김치환
20251010000385,20251010,코스피,NH올원리츠,400760,주식등의대량보유상황보고서(약식),이지스자산운용
20251010000382,20251010,코스닥,이니텍,053350,주식등의대량보유상황보고서(일반),에스제이제일차홀딩스
20251010000377,20251010,코스닥,청담글로벌,362320,주식등의대량보유상황보고서(일반),최석주
20251010000351,20251010,코스닥,대창솔루션,096350,주식등의대량보유상황보고서(약식),케이앤티-대신신기술투자조합제3호
20251010000350,20251010,코스닥,모아데이타,288980,주식등의대량보유상황보고서(일반),한상진
20251010000328,20251010,코스닥,엠디바이스,226590,주식등의대량보유상황보고서(약식),MORGANSTANLEY&COINTLPLC
20251010000327,20251010,코스닥,프레스티지바이오로직스,334970,주식등의대량보유상황보고서(일반),프레스티지바이오파마
20251010000326,20251010,코스닥,오킨스전자,080580,주식등의대량보유상황보고서(약식),MORGANSTANLEY&COINTLPLC
20251010000325,20251010,코스닥,재영솔루텍,049630,주식등의대량보유상황보고서(약식),김대용
20251010000324,20251010,코스닥,샘씨엔에스,252990,주식등의대량보유상황보고서(약식),대신 신기술투자조합 제11호
20251010000321,20251010,코스닥,애드바이오텍,179530,주식등의대량보유상황보고서(약식),정홍걸
20251010000318,20251010,코스피,롯데관광개발,032350,주식등의대량보유상황보고서(약식),브이아이피자산운용
20251010000314,20251010,코스닥,CJ프레시웨이,051500,주식등의대량보유상황보고서(약식),브이아이피자산운용
20251010000313,20251010,코스피,코스맥스,192820,주식등의대량보유상황보고서(약식),GICPrivateLimited
20251010000312,20251010,코스닥,엠투엔,033310,주식등의대량보유상황보고서(일반),디케이마린
20251010000308,20251010,코스닥,리드코프,012700,주식등의대량보유상황보고서(일반),디케이마린
20251010000305,20251010,코스닥,바이오에프디엔씨,251120,주식등의대량보유상황보고서(일반),모상현
20251010000302,20251010,코스피,엑시큐어하이트론,019490,주식등의대량보유상황보고서(약식),상상인플러스저축은행
20251010000301,20251010,코스닥,아이큐어,175250,주식등의대량보유상황보고서(약식),상상인플러스저축은행
20251010000299,20251010,코스피,우신시스템,017370,주식등의대량보유상황보고서(일반),허우영
20251010000296,20251010,코스피,이지스밸류플러스리츠,334890,주식등의대량보유상황보고서(약식),미래에셋자산운용
20251010000294,20251010,코스피,맥쿼리인프라,088980,주식등의대량보유상황보고서(약식),미래에셋자산운용
20251010000293,20251010,코스피,맵스리얼티,094800,주식등의대량보유상황보고서(약식),미래에셋자산운용
20251010000289,20251010,코스닥,삼성스팩11호,0071M0,주식등의대량보유상황보고서(일반),우리벤처파트너스
20251010000271,20251010,코스닥,딥커머스,900110,주식등의대량보유상황보고서(일반),DING SHAOYING
20251010000261,20251010,코스피,이지스밸류플러스리츠,334890,주식등의대량보유상황보고서(약식),코람코자산운용
20251010000246,20251010,코스피,명신산업,009900,주식등의대량보유상황보고서(일반),엠에스오토텍
20251010000237,20251010,코스피,씨에스윈드,112610,주식등의대량보유상황보고서(일반),김성권
20251010000230,20251010,코스닥,대성하이텍,129920,주식등의대량보유상황보고서(일반),최호형
20251010000197,20251010,코스피,신라교역,004970,주식등의대량보유상황보고서(일반),신라홀딩스
20251010000193,20251010,코스닥,지투지바이오,456160,주식등의대량보유상황보고서(약식),에이티넘인베스트
20251010000191,20251010,코스닥,ISC,095340,주식등의대량보유상황보고서(약식),NorgesBank
20251010000177,20251010,코스피,엘에스일렉트릭,010120,주식등의대량보유상황보고서(약식),"TheCapitalGroupCompanies,Inc."
20251010000176,20251010,코스피,키움증권,039490,주식등의대량보유상황보고서(약식),OrbisInvestmentManagementLimited
20251010000154,20251010,코스닥,매커스,093520,주식등의대량보유상황보고서(약식),피델리티매니지먼트앤리서치컴퍼니엘엘씨
20251010000149,20251010,코스닥,한일단조,024740,주식등의대량보유상황보고서(약식),한국증권금융
20251010000148,20251010,코스닥,지투파워,388050,주식등의대량보유상황보고서(약식),한국증권금융
20251010000147,20251010,코스닥,에이프릴바이오,397030,주식등의대량보유상황보고서(약식),한국증권금융
20251010000146,20251010,코스닥,제닉스로보틱스,381620,주식등의대량보유상황보고서(약식),한국증권금융
20251010000145,20251010,코스닥,엠디바이스,226590,주식등의대량보유상황보고서(약식),한국증권금융
20251010000144,20251010,코스닥,엘티씨,170920,주식등의대량보유상황보고서(약식),한국증권금융
20251010000143,20251010,코스닥,에프엔에스테크,083500,주식등의대량보유상황보고서(약식),한국증권금융
20251010000142,20251010,코스닥,에스와이스틸텍,365330,주식등의대량보유상황보고서(약식),한국증권금융
20251010000140,20251010,코스닥,세명전기,017510,주식등의대량보유상황보고서(약식),한국증권금융
20251010000139,20251010,코스닥,바이오플러스,099430,주식등의대량보유상황보고서(약식),한국증권금융
20251010000138,20251010,코스닥,우듬지팜,403490,주식등의대량보유상황보고서(약식),한국증권금융
20251010000137,20251010,코스닥,한빛레이저,452190,주식등의대량보유상황보고서(약식),한국증권금융
20251010000136,20251010,코스닥,핑거,163730,주식등의대량보유상황보고서(약식),한국증권금융
20251010000135,20251010,코스닥,펨트론,168360,주식등의대량보유상황보고서(약식),한국증권금융
20251010000133,20251010,코스닥,지에스이,053050,주식등의대량보유상황보고서(약식),한국증권금융
20251010000132,20251010,코스닥,우진엔텍,457550,주식등의대량보유상황보고서(약식),한국증권금융
20251010000131,20251010,코스피,한국항공우주,047810,주식등의대량보유상황보고서(약식),피델리티매니지먼트앤리서치컴퍼니엘엘씨
20251010000130,20251010,코스닥,옵투스제약,131030,주식등의대량보유상황보고서(약식),한국증권금융
20251010000129,20251010,코스닥,M83,476080,주식등의대량보유상황보고서(약식),한국증권금융
20251010000128,20251010,코스닥,엑시콘,092870,주식등의대량보유상황보고서(약식),한국증권금융
20251010000127,20251010,코스닥,에어레인,163280,주식등의대량보유상황보고서(약식),한국증권금융
20251010000125,20251010,코스닥,아난티,025980,주식등의대량보유상황보고서(약식),한국증권금융
20251010000123,20251010,코스닥,아가방컴퍼니,013990,주식등의대량보유상황보고서(약식),한국증권금융
20251010000122,20251010,코스닥,미트박스,475460,주식등의대량보유상황보고서(약식),한국증권금융
20251010000121,20251010,코스닥,미투온,201490,주식등의대량보유상황보고서(약식),한국증권금융
20251010000120,20251010,코스닥,메타바이오메드,059210,주식등의대량보유상황보고서(약식),한국증권금융
20251010000119,20251010,코스닥,랩지노믹스,084650,주식등의대량보유상황보고서(약식),한국증권금융
20251010000118,20251010,코스닥,디앤디파마텍,347850,주식등의대량보유상황보고서(약식),한국증권금융
20251010000117,20251010,코스닥,다날,064260,주식등의대량보유상황보고서(약식),한국증권금융
20251010000106,20251010,코스닥,이지케어텍,099750,주식등의대량보유상황보고서(약식),바이넥스
20251010000098,20251010,코스닥,SOOP,067160,주식등의대량보유상황보고서(약식),UBSAG
20251010000064,20251010,코스닥,원익머트리얼즈,104830,주식등의대량보유상황보고서(약식),FILLIMITED
20251010000049,20251010,코스닥,리노공업,058470,주식등의대량보유상황보고서(약식),WasatchAdvisorsLP
20251010000030,20251010,코스피,한화,000880,주식등의대량보유상황보고서(약식),국민연금공단
20251010000006,20251010,코스피,케이탑리츠,145270,주식등의대량보유상황보고서(약식),김철
20251010000001,20251010,코스피,명신산업,009900,주식등의대량보유상황보고서(일반),마션
20251002000616,20251010,코스닥,나노엔텍,039860,[기재정정]주식등의대량보유상황보고서(일반),에이플러스에셋
20251002000609,20251002,코스닥,씨앤씨인터내셔널,352480,주식등의대량보유상황보고서(일반),뷰티시너지
20251002000608,20251002,코스피,KG모빌리티,003620,주식등의대량보유상황보고서(일반),제2차모빌리티홀딩스
20251002000606,20251002,코스닥,씨앤씨인터내셔널,352480,주식등의대량보유상황보고서(일반),뷰티시너지2025사모투자
20251002000595,20251002,코스닥,티앤알바이오팹,246710,주식등의대량보유상황보고서(약식),한국투자파트너스
20251002000594,20251002,코스닥,나노엔텍,039860,주식등의대량보유상황보고서(일반),에이플러스에셋
20251002000592,20251002,코스닥,딥노이드,315640,주식등의대량보유상황보고서(일반),최우식
20251002000588,20251002,코스닥,라온텍,418420,주식등의대량보유상황보고서(일반),김보은
20251002000580,20251002,코스피,현대엘리베이터,017800,주식등의대량보유상황보고서(일반),현대홀딩스컴퍼니
20251002000573,20251002,코스닥,라닉스,317120,주식등의대량보유상황보고서(약식),시너지아이비투자
20251002000570,20251002,코스피,디와이에이,002880,주식등의대량보유상황보고서(일반),동강홀딩스
20251002000563,20251002,코스피,하이브,352820,주식등의대량보유상황보고서(일반),방시혁
20251002000560,20251002,코스피,다이나믹디자인,145210,주식등의대량보유상황보고서(약식),미래에스피씨
20251002000552,20251002,코스닥,신성에스티,416180,주식등의대량보유상황보고서(약식),안병두
20251002000549,20251002,코스닥,해성옵틱스,076610,주식등의대량보유상황보고서(약식),상상인저축은행
20251002000544,20251002,코스피,세진중공업,075580,주식등의대량보유상황보고서(일반),윤지원
20251002000540,20251002,코스닥,이원컴포텍,088290,주식등의대량보유상황보고서(약식),상상인저축은행
20251002000539,20251002,코스피,후성,093370,주식등의대량보유상황보고서(일반),김근수
20251002000534,20251002,코스피,오리온,271560,주식등의대량보유상황보고서(일반),오리온홀딩스
20251002000533,20251002,코스닥,형지I&C,011080,주식등의대량보유상황보고서(약식),상상인저축은행
20251002000528,20251002,코스닥,엠젠솔루션,032790,주식등의대량보유상황보고서(약식),상상인저축은행
20251002000521,20251002,코스닥,엘티씨,170920,주식등의대량보유상황보고서(약식),수성자산운용
20251002000517,20251002,코스닥,에이비온,203400,주식등의대량보유상황보고서(약식),상상인저축은행
20251002000515,20251002,코스닥,에이비엘바이오,298380,주식등의대량보유상황보고서(일반),LEESANGHOON
20251002000511,20251002,코스닥,텔콘RF제약,200230,주식등의대량보유상황보고서(약식),상상인저축은행
20251002000508,20251002,코스닥,SFA,056190,주식등의대량보유상황보고서(약식),베어링자산운용
20251002000500,20251002,코스피,오리온홀딩스,001800,주식등의대량보유상황보고서(일반),이화경
20251002000499,20251002,코스닥,페니트리움바이오,187660,주식등의대량보유상황보고서(약식),상상인저축은행
20251002000494,20251002,코스피,에이블씨엔씨,078520,주식등의대량보유상황보고서(일반),리프앤바인
20251002000492,20251002,코스닥,티씨케이,064760,주식등의대량보유상황보고서(약식),베어링자산운용
20251002000487,20251002,코스피,프리티,006490,주식등의대량보유상황보고서(약식),상상인저축은행
20251002000486,20251002,코스닥,엔젤로보틱스,455900,주식등의대량보유상황보고서(일반),공경철
20251002000481,20251002,코스닥,HC홈센타,060560,주식등의대량보유상황보고서(일반),에이치씨파트너스
20251002000474,20251002,코스닥,빌리언스,044480,주식등의대량보유상황보고서(일반),휴마시스
20251002000472,20251002,코스닥,와이지-원,019210,주식등의대량보유상황보고서(일반),송호근
20251002000469,20251002,코스닥,상아프론테크,089980,주식등의대량보유상황보고서(일반),이상원
20251002000463,20251002,코스피,에이엔피,015260,주식등의대량보유상황보고서(약식),상상인저축은행
20251002000461,20251002,코스닥,하림지주,003380,주식등의대량보유상황보고서(약식),NH투자증권
20251002000459,20251002,코스닥,뉴온,123840,주식등의대량보유상황보고서(일반),케이피엠테크
20251002000456,20251002,코스닥,씨큐브,101240,주식등의대량보유상황보고서(일반),스타치얼코퍼레이션
20251002000453,20251002,코스닥,에이치시티,072990,주식등의대량보유상황보고서(일반),이수찬
20251002000449,20251002,코스닥,두산테스나,131970,주식등의대량보유상황보고서(일반),두산포트폴리오홀딩스
20251002000445,20251002,코스닥,알멕,354320,주식등의대량보유상황보고서(일반),다이엑스
20251002000441,20251002,코스닥,SAMG엔터,419530,주식등의대량보유상황보고서(일반),김수훈
20251002000440,20251002,코스닥,유니트론텍,142210,주식등의대량보유상황보고서(일반),남궁선
20251002000433,20251002,코스피,한국토지신탁,034830,주식등의대량보유상황보고서(일반),엠케이인베스트먼트
20251002000429,20251002,코스피,스틱인베스트먼트,026890,주식등의대량보유상황보고서(약식),페트라자산운용
20251002000427,20251002,코스닥,크라우드웍스,355390,주식등의대량보유상황보고서(일반),박민우
20251002000422,20251002,코스닥,초록뱀미디어,047820,주식등의대량보유상황보고서(일반),큐씨피미디어홀딩스
20251002000416,20251002,코스피,HJ중공업,097230,주식등의대량보유상황보고서(일반),에코프라임마린퍼시픽
20251002000412,20251002,코스피,에이피알,278470,주식등의대량보유상황보고서(약식),MORGANSTANLEY&COINTLPLC
20251002000410,20251002,코스피,엘앤에프,066970,주식등의대량보유상황보고서(일반),새로닉스
20251002000403,20251002,코스닥,메디포스트,078160,[기재정정]주식등의대량보유상황보고서(일반),양윤선
20251002000398,20251002,코스닥,메디포스트,078160,[기재정정]주식등의대량보유상황보고서(일반),양윤선
20251002000381,20251002,코스닥,국전,307750,주식등의대량보유상황보고서(일반),홍종호
20251002000379,20251002,코스닥,레이,228670,주식등의대량보유상황보고서(약식),GICPrivateLimited
20251002000375,20251002,코스피,농심,004370,주식등의대량보유상황보고서(일반),신동원
20251002000362,20251002,코스닥,HPSP,403870,주식등의대량보유상황보고서(일반),히트2025홀딩스
20251002000355,20251002,코스닥,BGF에코머티리얼즈,126600,주식등의대량보유상황보고서(일반),BGF
20251002000354,20251002,코스닥,레이,228670,주식등의대량보유상황보고서(약식),THEGOVERNMENTOFSINGAPORE
20251002000317,20251002,코스피,SNT에너지,100840,주식등의대량보유상황보고서(약식),파이프솔루션3호
20251002000302,20251002,코스닥,일월지엠엘,178780,주식등의대량보유상황보고서(일반),일월
20251002000284,20251002,코스피,GS건설,006360,주식등의대량보유상황보고서(일반),허창수
20251002000283,20251002,코스닥,남화산업,111710,주식등의대량보유상황보고서(일반),최재훈
20251002000279,20251002,코스닥,상상인,038540,주식등의대량보유상황보고서(약식),오케이저축은행
20251002000274,20251002,코스닥,에코프로,086520,주식등의대량보유상황보고서(일반),이동채
20251002000251,20251002,코스피,미창석유공업,003650,주식등의대량보유상황보고서(일반),유재순
20251002000250,20251002,코스닥,엠에스오토텍,123040,주식등의대량보유상황보고서(일반),송혜승
20251002000239,20251002,코스피,에코프로머티,450080,주식등의대량보유상황보고서(일반),에코프로
20251002000229,20251002,코스닥,에코프로비엠,247540,주식등의대량보유상황보고서(일반),에코프로
20251002000207,20251002,코스닥,인카금융서비스,211050,주식등의대량보유상황보고서(약식),머스트자산운용
20251002000206,20251002,코스닥,나노신소재,121600,주식등의대량보유상황보고서(약식),삼성자산운용
20251002000197,20251002,코스닥,오션인더블유,052300,주식등의대량보유상황보고서(일반),아름드리코퍼레이션
20251002000182,20251002,코스피,삼양패키징,272550,주식등의대량보유상황보고서(약식),에스케이지오센트릭
20251002000169,20251002,코스피,JB금융지주,175330,주식등의대량보유상황보고서(일반),삼양사
20251002000165,20251002,코스닥,디티앤씨,187220,주식등의대량보유상황보고서(일반),박채규
20251002000164,20251002,코스닥,서희건설,035890,주식등의대량보유상황보고서(일반),이봉관
20251002000159,20251002,코스피,남선알미늄,008350,주식등의대량보유상황보고서(일반),삼라
20251002000154,20251002,코스피,KSS해운,044450,주식등의대량보유상황보고서(약식),한국투자신탁운용
20251002000132,20251002,코스닥,제닉스로보틱스,381620,주식등의대량보유상황보고서(일반),배성관
20251002000131,20251002,코스피,삼양패키징,272550,주식등의대량보유상황보고서(일반),삼양사
20251002000126,20251002,코스피,한국앤컴퍼니,000240,주식등의대량보유상황보고서(일반),조현식
20251002000125,20251002,코스닥,야스,255440,주식등의대량보유상황보고서(일반),정광호
20251002000119,20251002,코스피,삼익악기,002450,주식등의대량보유상황보고서(일반),스페코
20251002000098,20251002,코스닥,아나패스,123860,주식등의대량보유상황보고서(일반),이경호
20251002000062,20251002,코스닥,심텍홀딩스,036710,주식등의대량보유상황보고서(약식),신한자산운용
20251001000758,20251001,코스닥,현대힘스,460930,주식등의대량보유상황보고서(일반),허큘리스홀딩스
20251001000754,20251001,코스피,NHN,181710,주식등의대량보유상황보고서(일반),이준호
20251001000749,20251001,코스피,영원무역홀딩스,009970,주식등의대량보유상황보고서(일반),와이엠에스에이
20251001000744,20251001,코스피,영원무역홀딩스,009970,주식등의대량보유상황보고서(일반),성기학
20251001000736,20251001,코스닥,다이나믹솔루션,290660,주식등의대량보유상황보고서(약식),지와이(GY)헬스케어3호투자조합
20251001000733,20251001,코스닥,애드바이오텍,179530,주식등의대량보유상황보고서(약식),골든코어1호
20251001000732,20251001,코스닥,애드바이오텍,179530,[기재정정]주식등의대량보유상황보고서(약식),골든코어1호
20251001000731,20251001,코스닥,애드바이오텍,179530,[기재정정]주식등의대량보유상황보고서(약식),골든코어1호
20251001000730,20251001,코스닥,애드바이오텍,179530,[기재정정]주식등의대량보유상황보고서(약식),골든코어1호
20251001000729,20251001,코스피,INVENI,015360,주식등의대량보유상황보고서(일반),구자은
20251001000728,20251001,코스닥,애드바이오텍,179530,[기재정정]주식등의대량보유상황보고서(약식),골든코어2호
20251001000727,20251001,코스닥,애드바이오텍,179530,[기재정정]주식등의대량보유상황보고서(약식),골든코어2호
20251001000726,20251001,코스닥,애드바이오텍,179530,[기재정정]주식등의대량보유상황보고서(약식),골든코어2호
20251001000721,20251001,코스피,삼화왕관,004450,주식등의대량보유상황보고서(약식),광동제약
20251001000719,20251001,코스피,금비,008870,주식등의대량보유상황보고서(약식),광동제약
20251001000710,20251001,코스닥,한국비엔씨,256840,주식등의대량보유상황보고서(일반),최완규
20251001000705,20251001,코스닥,푸드나무,290720,주식등의대량보유상황보고서(일반),온힐파트너스
20251001000702,20251001,코스닥,다날,064260,주식등의대량보유상황보고서(일반),박성찬
20251001000685,20251001,코스피,한미글로벌,053690,주식등의대량보유상황보고서(일반),김종훈
20251001000683,20251001,코스닥,PS일렉트로닉스,332570,주식등의대량보유상황보고서(일반),유대규
20251001000678,20251001,코스닥,효성오앤비,097870,주식등의대량보유상황보고서(일반),박태헌
20251001000674,20251001,코스피,GS피앤엘,499790,주식등의대량보유상황보고서(약식),국민연금공단
20251001000672,20251001,코스피,엠앤씨솔루션,484870,주식등의대량보유상황보고서(약식),국민연금공단
20251001000669,20251001,코스피,시프트업,462870,주식등의대량보유상황보고서(약식),국민연금공단
20251001000666,20251001,코스피,동국제강,460860,주식등의대량보유상황보고서(약식),국민연금공단
20251001000661,20251001,코스피,OCI,456040,주식등의대량보유상황보고서(약식),국민연금공단
20251001000658,20251001,코스피,F&F,383220,주식등의대량보유상황보고서(약식),국민연금공단
20251001000657,20251001,코스닥,인터로조,119610,주식등의대량보유상황보고서(일반),노시철
20251001000654,20251001,코스닥,디어유,376300,주식등의대량보유상황보고서(약식),국민연금공단
20251001000652,20251001,코스피,DL이앤씨,375500,주식등의대량보유상황보고서(약식),국민연금공단
20251001000651,20251001,코스피,대덕전자,353200,주식등의대량보유상황보고서(약식),국민연금공단
20251001000647,20251001,코스피,두산퓨얼셀,336260,주식등의대량보유상황보고서(약식),국민연금공단
20251001000642,20251001,코스피,에스케이바이오팜,326030,주식등의대량보유상황보고서(약식),국민연금공단
20251001000640,20251001,코스피,SK디앤디,210980,주식등의대량보유상황보고서(일반),SK디스커버리
20251001000637,20251001,코스닥,피에스케이,319660,주식등의대량보유상황보고서(약식),국민연금공단
20251001000635,20251001,코스피,씨아이테크,004920,주식등의대량보유상황보고서(일반),씨엔씨기술
20251001000634,20251001,코스피,세아제강,306200,주식등의대량보유상황보고서(약식),국민연금공단
20251001000633,20251001,코스닥,HC보광산업,225530,주식등의대량보유상황보고서(일반),HC홈센타
20251001000631,20251001,코스피,효성중공업,298040,주식등의대량보유상황보고서(약식),국민연금공단
20251001000628,20251001,코스피,IPARK현대산업개발,294870,주식등의대량보유상황보고서(약식),국민연금공단
20251001000626,20251001,코스피,SK케미칼,285130,주식등의대량보유상황보고서(약식),국민연금공단
20251001000623,20251001,코스피,케이씨텍,281820,주식등의대량보유상황보고서(약식),국민연금공단
20251001000621,20251001,코스피,한화시스템,272210,주식등의대량보유상황보고서(약식),국민연금공단
20251001000617,20251001,코스피,오리온,271560,주식등의대량보유상황보고서(약식),국민연금공단
20251001000616,20251001,코스닥,엔비티,236810,주식등의대량보유상황보고서(일반),박수근
20251001000615,20251001,코스피,동원수산,030720,주식등의대량보유상황보고서(일반),왕기철
20251001000611,20251001,코스피,HD건설기계,267270,주식등의대량보유상황보고서(약식),국민연금공단
20251001000608,20251001,코스피,솔루엠,248070,주식등의대량보유상황보고서(약식),국민연금공단
20251001000604,20251001,코스닥,코스메카코리아,241710,주식등의대량보유상황보고서(약식),국민연금공단
20251001000602,20251001,코스닥,한성크린텍,066980,주식등의대량보유상황보고서(일반),제이에스아이홀딩스
20251001000599,20251001,코스피,화승엔터프라이즈,241590,주식등의대량보유상황보고서(약식),국민연금공단
20251001000596,20251001,코스피,이노션,214320,주식등의대량보유상황보고서(약식),국민연금공단
20251001000595,20251001,코스닥,에이비온,203400,주식등의대량보유상황보고서(일반),신영기
20251001000594,20251001,코스닥,덕산네오룩스,213420,주식등의대량보유상황보고서(약식),국민연금공단
20251001000588,20251001,코스피,디와이파워,210540,주식등의대량보유상황보고서(약식),국민연금공단
20251001000587,20251001,코스닥,HK이노엔,195940,주식등의대량보유상황보고서(약식),국민연금공단
20251001000585,20251001,코스피,해성디에스,195870,주식등의대량보유상황보고서(약식),국민연금공단
20251001000582,20251001,코스피,종근당,185750,주식등의대량보유상황보고서(약식),국민연금공단
20251001000580,20251001,코스닥,한울반도체,320000,주식등의대량보유상황보고서(일반),빛과전자
20251001000576,20251001,코스피,한국콜마,161890,주식등의대량보유상황보고서(약식),국민연금공단
20251001000572,20251001,코스닥,한성크린텍,066980,주식등의대량보유상황보고서(일반),제이에스아이컴퍼니
20251001000571,20251001,코스닥,리가켐바이오,141080,주식등의대량보유상황보고서(약식),국민연금공단
20251001000570,20251001,코스닥,비츠로시스,054220,주식등의대량보유상황보고서(약식),빛과전자
20251001000567,20251001,코스닥,덕산테코피아,317330,주식등의대량보유상황보고서(일반),덕산산업
20251001000566,20251001,코스피,이마트,139480,주식등의대량보유상황보고서(약식),국민연금공단
20251001000563,20251001,코스닥,비나텍,126340,주식등의대량보유상황보고서(약식),국민연금공단
20251001000562,20251001,코스닥,토비스,051360,주식등의대량보유상황보고서(일반),김용범
20251001000558,20251001,코스닥,와이솔,122990,주식등의대량보유상황보고서(약식),국민연금공단
20251001000554,20251001,코스피,코오롱인더,120110,주식등의대량보유상황보고서(약식),국민연금공단
20251001000551,20251001,코스닥,아셈스,136410,주식등의대량보유상황보고서(일반),장지상
20251001000549,20251001,코스피,LX하우시스,108670,주식등의대량보유상황보고서(약식),국민연금공단
20251001000546,20251001,코스피,한세실업,105630,주식등의대량보유상황보고서(약식),국민연금공단
20251001000544,20251001,코스닥,글로벌텍스프리,204620,주식등의대량보유상황보고서(일반),문양근
20251001000541,20251001,코스피,SK오션플랜트,100090,주식등의대량보유상황보고서(약식),국민연금공단
20251001000539,20251001,코스피,CJ제일제당,097950,주식등의대량보유상황보고서(약식),국민연금공단
20251001000536,20251001,코스피,SK이노베이션,096770,주식등의대량보유상황보고서(약식),국민연금공단
20251001000535,20251001,코스피,HJ중공업,097230,주식등의대량보유상황보고서(일반),에코프라임마린퍼시픽
20251001000534,20251001,코스닥,테스,095610,주식등의대량보유상황보고서(약식),국민연금공단
20251001000522,20251001,코스닥,테크윙,089030,주식등의대량보유상황보고서(약식),국민연금공단
20251001000519,20251001,코스닥,리메드,302550,주식등의대량보유상황보고서(일반),이근용
20251001000518,20251001,코스피,영원무역,111770,주식등의대량보유상황보고서(일반),영원무역홀딩스
20251001000517,20251001,코스닥,메디톡스,086900,주식등의대량보유상황보고서(약식),국민연금공단
20251001000512,20251001,코스피,STX엔진,077970,주식등의대량보유상황보고서(약식),국민연금공단
20251001000507,20251001,코스피,HD현대마린엔진,071970,주식등의대량보유상황보고서(약식),국민연금공단
20251001000505,20251001,코스피,삼성FN리츠,448730,주식등의대량보유상황보고서(약식),미래에셋자산운용
20251001000504,20251001,코스피,대웅제약,069620,주식등의대량보유상황보고서(약식),국민연금공단
20251001000499,20251001,코스피,코스모신소재,005070,주식등의대량보유상황보고서(일반),코스모화학
20251001000497,20251001,코스닥,티씨케이,064760,주식등의대량보유상황보고서(약식),국민연금공단
20251001000496,20251001,코스닥,링네트,042500,주식등의대량보유상황보고서(일반),이주석
20251001000495,20251001,코스피,산일전기,062040,주식등의대량보유상황보고서(약식),국민연금공단
20251001000494,20251001,코스닥,비나텍,126340,주식등의대량보유상황보고서(약식),미래에셋자산운용
20251001000490,20251001,코스피,이리츠코크렙,088260,주식등의대량보유상황보고서(약식),미래에셋자산운용
20251001000489,20251001,코스닥,엠로,058970,주식등의대량보유상황보고서(약식),국민연금공단
20251001000487,20251001,코스닥,SFA,056190,주식등의대량보유상황보고서(약식),국민연금공단
20251001000475,20251001,코스피,한미글로벌,053690,주식등의대량보유상황보고서(약식),국민연금공단
20251001000468,20251001,코스피,한전기술,052690,주식등의대량보유상황보고서(약식),국민연금공단
20251001000466,20251001,코스피,LG생활건강,051900,주식등의대량보유상황보고서(약식),국민연금공단
20251001000452,20251001,코스피,키움증권,039490,주식등의대량보유상황보고서(약식),국민연금공단
20251001000448,20251001,코스피,하나투어,039130,주식등의대량보유상황보고서(약식),국민연금공단
20251001000443,20251001,코스피,한국가스공사,036460,주식등의대량보유상황보고서(약식),국민연금공단
20251001000441,20251001,코스닥,JYP Ent.,035900,주식등의대량보유상황보고서(약식),국민연금공단
20251001000439,20251001,코스피,카카오,035720,주식등의대량보유상황보고서(약식),국민연금공단
20251001000429,20251001,코스피,LG디스플레이,034220,주식등의대량보유상황보고서(약식),국민연금공단
20251001000426,20251001,코스닥,대화제약,067080,주식등의대량보유상황보고서(일반),고준진
20251001000425,20251001,코스피,성신양회,004980,주식등의대량보유상황보고서(일반),김영준
20251001000416,20251001,코스닥,동성화인텍,033500,주식등의대량보유상황보고서(약식),국민연금공단
20251001000414,20251001,코스피,LG유플러스,032640,주식등의대량보유상황보고서(약식),국민연금공단
20251001000409,20251001,코스피,삼성물산,028260,주식등의대량보유상황보고서(약식),국민연금공단
20251001000408,20251001,코스피,삼성E&A,028050,주식등의대량보유상황보고서(약식),국민연금공단
20251001000404,20251001,코스피,롯데쇼핑,023530,주식등의대량보유상황보고서(약식),국민연금공단
20251001000402,20251001,코스피,삼성에스디에스,018260,주식등의대량보유상황보고서(약식),국민연금공단
20251001000398,20251001,코스피,한국카본,017960,주식등의대량보유상황보고서(약식),국민연금공단
20251001000397,20251001,코스닥,제이앤티씨,204270,주식등의대량보유상황보고서(일반),진우엔지니어링
20251001000392,20251001,코스피,환인제약,016580,주식등의대량보유상황보고서(약식),국민연금공단
20251001000385,20251001,코스피,동원시스템즈,014820,주식등의대량보유상황보고서(약식),국민연금공단
20251001000380,20251001,코스닥,하이록코리아,013030,주식등의대량보유상황보고서(약식),국민연금공단
20251001000377,20251001,코스피,HDC,012630,주식등의대량보유상황보고서(약식),국민연금공단
20251001000372,20251001,코스피,금호석유화학,011780,주식등의대량보유상황보고서(약식),국민연금공단
20251001000365,20251001,코스피,OCI홀딩스,010060,주식등의대량보유상황보고서(약식),국민연금공단
20251001000363,20251001,코스피,한화솔루션,009830,주식등의대량보유상황보고서(약식),국민연금공단
20251001000360,20251001,코스피,삼화전기,009470,주식등의대량보유상황보고서(약식),국민연금공단
20251001000352,20251001,코스피,율촌화학,008730,주식등의대량보유상황보고서(약식),국민연금공단
20251001000350,20251001,코스피,미래에셋증권,006800,주식등의대량보유상황보고서(약식),국민연금공단
20251001000347,20251001,코스피,에스엘,005850,주식등의대량보유상황보고서(약식),국민연금공단
20251001000346,20251001,코스닥,신화프리텍,095190,주식등의대량보유상황보고서(일반),신화정공
20251001000344,20251001,코스피,롯데칠성음료,005300,주식등의대량보유상황보고서(약식),국민연금공단
20251001000340,20251001,코스피,효성,004800,주식등의대량보유상황보고서(약식),국민연금공단
20251001000335,20251001,코스피,세방전지,004490,주식등의대량보유상황보고서(약식),국민연금공단
20251001000333,20251001,코스피,농심,004370,주식등의대량보유상황보고서(약식),국민연금공단
20251001000330,20251001,코스피,현대제철,004020,주식등의대량보유상황보고서(약식),국민연금공단
20251001000328,20251001,코스피,대신증권,003540,주식등의대량보유상황보고서(약식),국민연금공단
20251001000324,20251001,코스피,대웅,003090,주식등의대량보유상황보고서(약식),국민연금공단
20251001000322,20251001,코스피,현대해상,001450,주식등의대량보유상황보고서(약식),국민연금공단
20251001000318,20251001,코스피,현대건설,000720,주식등의대량보유상황보고서(약식),국민연금공단
20251001000314,20251001,코스닥,아스테라시스,450950,주식등의대량보유상황보고서(일반),서은택
20251001000312,20251001,코스피,동아쏘시오홀딩스,000640,주식등의대량보유상황보고서(약식),국민연금공단
20251001000297,20251001,코스피,국도화학,007690,주식등의대량보유상황보고서(일반),국도코퍼레이션
20251001000295,20251001,코스피,DL,000210,주식등의대량보유상황보고서(약식),국민연금공단
20251001000289,20251001,코스피,두산,000150,주식등의대량보유상황보고서(약식),국민연금공단
20251001000277,20251001,코스피,달바글로벌,483650,주식등의대량보유상황보고서(약식),국민연금공단
20251001000275,20251001,코스닥,솔브레인,357780,주식등의대량보유상황보고서(약식),국민연금공단
20251001000268,20251001,코스닥,에이치브이엠,295310,주식등의대량보유상황보고서(약식),국민연금공단
20251001000260,20251001,코스닥,AP시스템,265520,주식등의대량보유상황보고서(약식),국민연금공단
20251001000257,20251001,코스닥,RFHIC,218410,주식등의대량보유상황보고서(약식),국민연금공단
20251001000255,20251001,코스피,제이에스코퍼레이션,194370,주식등의대량보유상황보고서(약식),국민연금공단
20251001000254,20251001,코스닥,코미코,183300,주식등의대량보유상황보고서(약식),국민연금공단
20251001000253,20251001,코스닥,노랑풍선,104620,주식등의대량보유상황보고서(일반),브이씨엠그로쓰제1호사모투자
20251001000249,20251001,코스닥,에스앤에스텍,101490,주식등의대량보유상황보고서(약식),국민연금공단
20251001000247,20251001,코스닥,ISC,095340,주식등의대량보유상황보고서(약식),국민연금공단
20251001000243,20251001,코스피,비에이치,090460,주식등의대량보유상황보고서(약식),국민연금공단
20251001000240,20251001,코스닥,유진테크,084370,주식등의대량보유상황보고서(약식),국민연금공단
20251001000239,20251001,코스닥,링네트,042500,주식등의대량보유상황보고서(일반),링네트우리사주조합
20251001000238,20251001,코스피,엘앤에프,066970,주식등의대량보유상황보고서(약식),국민연금공단
20251001000236,20251001,코스닥,감성코퍼레이션,036620,주식등의대량보유상황보고서(약식),국민연금공단
20251001000235,20251001,코스피,파라다이스,034230,주식등의대량보유상황보고서(약식),국민연금공단
20251001000233,20251001,코스피,서울보증보험,031210,주식등의대량보유상황보고서(약식),국민연금공단
20251001000231,20251001,코스닥,태광,023160,주식등의대량보유상황보고서(약식),국민연금공단
20251001000229,20251001,코스피,고려아연,010130,주식등의대량보유상황보고서(약식),국민연금공단
20251001000226,20251001,코스피,삼천리,004690,주식등의대량보유상황보고서(약식),국민연금공단
20251001000222,20251001,코스피,SNT다이내믹스,003570,주식등의대량보유상황보고서(약식),국민연금공단
20251001000219,20251001,코스피,오리온홀딩스,001800,주식등의대량보유상황보고서(약식),국민연금공단
20251001000217,20251001,코스피,무림P&P,009580,주식등의대량보유상황보고서(일반),무림페이퍼
20251001000199,20251001,코스피,유니켐,011330,주식등의대량보유상황보고서(일반),제이에이치사람들
20251001000194,20251001,코스닥,에이디테크놀로지,200710,주식등의대량보유상황보고서(일반),김준석
20251001000184,20251001,코스닥,태웅로직스,124560,주식등의대량보유상황보고서(일반),한재동
20251001000182,20251001,코스피,메타랩스,090370,주식등의대량보유상황보고서(약식),디피즈
20251001000164,20251001,코스피,현대위아,011210,주식등의대량보유상황보고서(약식),국민연금공단
20251001000159,20251001,코스피,포스코퓨처엠,003670,주식등의대량보유상황보고서(약식),국민연금공단
20251001000155,20251001,코스피,GS건설,006360,주식등의대량보유상황보고서(약식),국민연금공단
20251001000141,20251001,코스피,대한해운,005880,주식등의대량보유상황보고서(일반),에스엠상선
20251001000130,20251001,코스피,우진,105840,주식등의대량보유상황보고서(일반),이재원
20251001000123,20251001,코스닥,애드바이오텍,179530,[기재정정]주식등의대량보유상황보고서(약식),골든코어3호
20251001000113,20251001,코스피,현대백화점,069960,주식등의대량보유상황보고서(일반),현대지에프홀딩스
20251001000107,20251001,코스닥,에프앤가이드,064850,주식등의대량보유상황보고서(약식),BoxHoldingsLP
20251001000099,20251001,코스닥,애드바이오텍,179530,주식등의대량보유상황보고서(약식),골든코어3호
20251001000026,20251001,코스피,롯데웰푸드,280360,주식등의대량보유상황보고서(일반),롯데알미늄
20250930000878,20251001,코스닥,에이팩트,200470,주식등의대량보유상황보고서(일반),뮤츄얼그로우쓰
20250930000862,20250930,코스피,코스모화학,005420,주식등의대량보유상황보고서(일반),코스모앤컴퍼니
20250930000853,20250930,코스닥,애드바이오텍,179530,주식등의대량보유상황보고서(약식),골든코어2호
20250930000842,20250930,코스닥,한울반도체,320000,주식등의대량보유상황보고서(일반),한울소재과학
20250930000841,20250930,코스닥,메카로,241770,주식등의대량보유상황보고서(일반),이재정
20250930000840,20250930,코스피,황금에스티,032560,주식등의대량보유상황보고서(일반),김종현
20250930000839,20250930,코스닥,쿠콘,294570,주식등의대량보유상황보고서(일반),위피앤씨
20250930000818,20250930,코스닥,웹케시,053580,주식등의대량보유상황보고서(일반),윤완수
20250930000814,20250930,코스닥,오늘이엔엠,192410,주식등의대량보유상황보고서(약식),마케루스메자닌투자조합
20250930000781,20250930,코스닥,성원에너텍,340930,주식등의대량보유상황보고서(일반),정연길
20250930000748,20250930,코스닥,유일로보틱스,388720,주식등의대량보유상황보고서(일반),김동헌
20250930000726,20250930,코스닥,좋은사람들,033340,주식등의대량보유상황보고서(일반),우리인터텍스
20250930000723,20250930,코스닥,금양그린파워,282720,주식등의대량보유상황보고서(일반),이윤철
20250930000716,20250930,코스닥,하나머티리얼즈,166090,주식등의대량보유상황보고서(일반),하나마이크론
20250930000710,20250930,코스닥,에스바이오메딕스,304360,주식등의대량보유상황보고서(일반),KANG SAEIL
20250930000704,20250930,코스닥,아리바이오LAB,261780,주식등의대량보유상황보고서(일반),차바이오텍
20250930000695,20250930,코스닥,인카금융서비스,211050,주식등의대량보유상황보고서(일반),최병채
20250930000660,20250930,코스피,코오롱인더,120110,주식등의대량보유상황보고서(일반),코오롱
20250930000657,20250930,코스피,쏘카,403550,주식등의대량보유상황보고서(일반),에스오큐알아이
20250930000652,20250930,코스피,코오롱,002020,주식등의대량보유상황보고서(일반),이웅열
20250930000623,20250930,코스닥,캐스텍코리아,071850,[기재정정]주식등의대량보유상황보고서(일반),이학철
20250930000607,20250930,코스닥,셀루메드,049180,주식등의대량보유상황보고서(일반),프리티
20250930000606,20250930,코스닥,네패스,033640,주식등의대량보유상황보고서(일반),이창우
20250930000600,20250930,코스닥,한스바이오메드,042520,주식등의대량보유상황보고서(약식),오스템임플란트
20250930000596,20250930,코스피,한솔홀딩스,004150,주식등의대량보유상황보고서(일반),조동길
20250930000584,20250930,코스피,한국철강,104700,주식등의대량보유상황보고서(일반),KISCO홀딩스
20250930000557,20250930,코스닥,아이진,185490,주식등의대량보유상황보고서(일반),한국비엠아이
20250930000548,20250930,코스닥,잉크테크,049550,주식등의대량보유상황보고서(일반),김정돈
20250930000519,20250930,코스피,사조산업,007160,주식등의대량보유상황보고서(일반),주진우
20250930000498,20250930,코스닥,대한뉴팜,054670,주식등의대량보유상황보고서(일반),이완진
20250930000466,20250930,코스닥,넥스턴앤롤코리아,089140,주식등의대량보유상황보고서(약식),에스엘에너지
20250930000430,20250930,코스닥,레이,228670,주식등의대량보유상황보고서(일반),레이홀딩스
20250930000395,20250930,코스닥,메디포스트,078160,주식등의대량보유상황보고서(일반),양윤선
20250930000331,20250930,코스피,경농,002100,주식등의대량보유상황보고서(일반),이용진
20250930000288,20250930,코스닥,제이에스링크,127120,주식등의대량보유상황보고서(일반),주성씨앤에어
20250930000275,20250930,코스닥,서플러스글로벌,140070,주식등의대량보유상황보고서(일반),김정웅
20250930000269,20250930,코스닥,애드바이오텍,179530,주식등의대량보유상황보고서(약식),더테크 밸류업 조합
20250930000244,20250930,코스닥,미래나노텍,095500,주식등의대량보유상황보고서(일반),김철영
20250930000110,20250930,코스닥,푸드웰,005670,주식등의대량보유상황보고서(일반),성민겸
20250930000074,20250930,코스닥,이상네트웍스,080010,주식등의대량보유상황보고서(약식),하성일
20250930000049,20250930,코스닥,케이프,064820,주식등의대량보유상황보고서(일반),케이에이치아이
20250930000047,20250930,코스닥,오비고,352910,주식등의대량보유상황보고서(일반),장영준
20250929000519,20250929,코스닥,파두,440110,주식등의대량보유상황보고서(약식),알피씨포워드
20250929000506,20250929,코스닥,KS인더스트리,101000,주식등의대량보유상황보고서(일반),이엘엠시스템
20250929000495,20250929,코스닥,에코글로우,159910,주식등의대량보유상황보고서(일반),더편한
20250929000494,20250929,코스닥,시선AI,340810,주식등의대량보유상황보고서(약식),시너지아이비투자
20250929000486,20250929,코스닥,형지글로벌,308100,주식등의대량보유상황보고서(약식),시너지아이비투자
20250929000440,20250929,코스피,콘텐트리중앙,036420,주식등의대량보유상황보고서(일반),중앙피앤아이
20250929000377,20250929,코스닥,한국선재,025550,주식등의대량보유상황보고서(약식),만호제강
20250929000376,20250929,코스닥,미코,059090,주식등의대량보유상황보고서(일반),전선규
20250929000354,20250929,코스닥,큐브엔터,182360,주식등의대량보유상황보고서(일반),강승곤
20250929000353,20250929,코스닥,코나아이,052400,주식등의대량보유상황보고서(일반),조정일
20250929000348,20250929,코스닥,다보링크,340360,주식등의대량보유상황보고서(일반),테라사이언스
20250929000345,20250929,코스닥,광무,029480,주식등의대량보유상황보고서(약식),해밀투자파트너스
20250929000332,20250929,코스닥,애드바이오텍,179530,[기재정정]주식등의대량보유상황보고서(일반),정홍걸
20250929000318,20250929,코스닥,엠케이전자,033160,주식등의대량보유상황보고서(일반),오션비홀딩스
20250929000312,20250929,코스닥,알파AI,043100,주식등의대량보유상황보고서(약식),에이모
20250929000302,20250929,코스피,유니켐,011330,주식등의대량보유상황보고서(일반),제이에이치사람들
20250929000245,20250929,코스닥,성호전자,043260,주식등의대량보유상황보고서(일반),서룡전자
20250929000228,20250929,코스닥,아이언디바이스,464500,주식등의대량보유상황보고서(일반),박기태
20250929000217,20250929,코스피,YG PLUS,037270,주식등의대량보유상황보고서(일반),위버스컴퍼니
20250929000111,20250929,코스닥,신원종합개발,017000,주식등의대량보유상황보고서(약식),김승현
20250926000792,20250926,코스닥,레이저쎌,412350,주식등의대량보유상황보고서(약식),한국투자파트너스
20250926000771,20250926,코스닥,엘앤씨바이오,290650,주식등의대량보유상황보고서(일반),이환철
20250926000763,20250926,코스닥,티앤알바이오팹,246710,주식등의대량보유상황보고서(일반),윤원수
20250926000753,20250926,코스닥,씨티씨바이오,060590,주식등의대량보유상황보고서(일반),파마리서치
20250926000751,20250926,코스닥,페니트리움바이오,187660,주식등의대량보유상황보고서(일반),현대바이오
20250926000750,20250926,코스닥,오픈엣지테크놀로지,394280,주식등의대량보유상황보고서(일반),이성현
20250926000734,20250926,코스닥,오픈엣지테크놀로지,394280,[기재정정]주식등의대량보유상황보고서(일반),이성현
20250926000711,20250926,코스피,코아스,071950,[기재정정]주식등의대량보유상황보고서(일반),백운 조합
20250926000709,20250926,코스닥,휴림로봇,090710,주식등의대량보유상황보고서(일반),휴림홀딩스
20250926000696,20250926,코스닥,한일단조,024740,주식등의대량보유상황보고서(일반),홍진산업
20250926000685,20250926,코스닥,대한광통신,010170,[기재정정]주식등의대량보유상황보고서(약식),포커스자산운용
20250926000668,20250926,코스피,에이프로젠,007460,주식등의대량보유상황보고서(일반),지베이스
20250926000642,20250926,코스닥,서진시스템,178320,주식등의대량보유상황보고서(일반),전동규
20250926000635,20250926,코스닥,에이전트AI,060900,주식등의대량보유상황보고서(약식),나카모토투자조합
20250926000632,20250926,코스닥,애드바이오텍,179530,주식등의대량보유상황보고서(약식),엑시엄자산운용
20250926000614,20250926,코스닥,HC홈센타,060560,주식등의대량보유상황보고서(일반),에이치씨파트너스
20250926000608,20250926,코스닥,에스투더블유,488280,주식등의대량보유상황보고서(일반),서상덕
20250926000602,20250926,코스피,SK증권,001510,주식등의대량보유상황보고서(일반),제이앤더블유파트너스
20250926000598,20250926,코스닥,씨큐브,101240,주식등의대량보유상황보고서(약식),포커스자산운용
20250926000582,20250926,코스피,한화생명,088350,주식등의대량보유상황보고서(일반),한화
20250926000570,20250926,코스피,HD현대,267250,주식등의대량보유상황보고서(일반),정몽준
20250926000566,20250926,코스피,에스엠벡셀,010580,주식등의대량보유상황보고서(일반),에스엠하이플러스
20250926000561,20250926,코스닥,앤로보틱스,138360,주식등의대량보유상황보고서(약식),신록성장
20250926000554,20250926,코스피,이수스페셜티케미컬,457190,주식등의대량보유상황보고서(일반),이수
20250926000552,20250926,코스피,이수화학,005950,주식등의대량보유상황보고서(일반),이수
20250926000548,20250926,코스피,블루산업개발,006740,주식등의대량보유상황보고서(일반),피엠에이조합
20250926000533,20250926,코스피,트리니티항공,091810,주식등의대량보유상황보고서(약식),DB증권
20250926000520,20250926,코스닥,부스타,008470,주식등의대량보유상황보고서(약식),이상기
20250926000502,20250926,코스닥,솔브레인홀딩스,036830,주식등의대량보유상황보고서(일반),정지완
20250926000492,20250926,코스닥,솔브레인,357780,주식등의대량보유상황보고서(일반),정지완
20250926000457,20250926,코스피,블루산업개발,006740,주식등의대량보유상황보고서(일반),대양금속
20250926000446,20250926,코스닥,에코프로비엠,247540,주식등의대량보유상황보고서(일반),에코프로
20250926000445,20250926,코스닥,젝시믹스,337930,주식등의대량보유상황보고서(약식),타임폴리오자산운용
20250926000442,20250926,코스닥,서희건설,035890,주식등의대량보유상황보고서(일반),이봉관
20250926000414,20250926,코스닥,지아이에스,306620,주식등의대량보유상황보고서(약식),오라이언자산운용
20250926000149,20250926,코스닥,티엑스알로보틱스,484810,주식등의대량보유상황보고서(약식),박종현
20250926000131,20250926,코스닥,티엑스알로보틱스,484810,주식등의대량보유상황보고서(일반),유진로지스틱스
20250926000120,20250926,코스닥,씨큐브,101240,주식등의대량보유상황보고서(일반),스타치얼코퍼레이션
20250926000084,20250926,코스피,코스모신소재,005070,주식등의대량보유상황보고서(일반),코스모화학
20250926000076,20250926,코스피,제주항공,089590,주식등의대량보유상황보고서(일반),AK홀딩스
20250926000074,20250926,코스피,애경산업,018250,주식등의대량보유상황보고서(일반),AK홀딩스
20250925000654,20250925,코스닥,엔젯,419080,주식등의대량보유상황보고서(일반),변도영
20250925000640,20250925,코스피,광동제약,009290,주식등의대량보유상황보고서(일반),최성원
20250925000631,20250925,코스닥,서부T&D,006730,주식등의대량보유상황보고서(일반),엠와이에이치
20250925000616,20250925,코스닥,엑시온그룹,069920,주식등의대량보유상황보고서(일반),이노파이안
20250925000613,20250925,코스피,한세예스24홀딩스,016450,주식등의대량보유상황보고서(일반),김동녕
20250925000599,20250925,코스피,한세실업,105630,주식등의대량보유상황보고서(일반),한세예스24홀딩스
20250925000553,20250925,코스피,STX엔진,077970,주식등의대량보유상황보고서(일반),유암코기업리바운스제팔차기업재무안정사모투자
20250925000530,20250925,코스닥,마음AI,377480,주식등의대량보유상황보고서(일반),유태준
20250925000527,20250925,코스닥,티엘비,356860,주식등의대량보유상황보고서(약식),미래에셋자산운용
20250925000526,20250925,코스닥,티에프이,425420,주식등의대량보유상황보고서(약식),미래에셋자산운용
20250925000491,20250925,코스피,시알홀딩스,000480,주식등의대량보유상황보고서(일반),이인옥
20250925000490,20250925,코스닥,인바디,041830,주식등의대량보유상황보고서(일반),차인준
20250925000486,20250925,코스닥,사토시홀딩스,223310,주식등의대량보유상황보고서(약식),한국첨단소재
20250925000476,20250925,코스닥,켐트로닉스,089010,주식등의대량보유상황보고서(일반),김보균
20250925000475,20250925,코스닥,사토시홀딩스,223310,주식등의대량보유상황보고서(약식),나카모토투자조합
20250925000470,20250925,코스피,TYM,002900,주식등의대량보유상황보고서(일반),김식
20250925000464,20250925,코스피,메타케어,118000,주식등의대량보유상황보고서(약식),청담메이힐스신기술조합
20250925000462,20250925,코스닥,글로벌텍스프리,204620,주식등의대량보유상황보고서(약식),브이아이피자산운용
20250925000455,20250925,코스닥,브이티,018290,주식등의대량보유상황보고서(일반),정철
20250925000446,20250925,코스닥,리메드,302550,주식등의대량보유상황보고서(일반),이근용
20250925000437,20250925,코스닥,초록뱀미디어,047820,주식등의대량보유상황보고서(일반),큐씨피미디어홀딩스
20250925000420,20250925,코스닥,옵티코어,380540,주식등의대량보유상황보고서(약식),대호에이엘
20250925000416,20250925,코스닥,에이비온,203400,주식등의대량보유상황보고서(일반),신영기
20250925000414,20250925,코스닥,아이오케이이엔엠,078860,주식등의대량보유상황보고서(일반),디모아
20250925000411,20250925,코스닥,시노펙스,025320,주식등의대량보유상황보고서(일반),시노다이나믹스
20250925000409,20250925,코스닥,크레오에스지,040350,주식등의대량보유상황보고서(일반),큐로홀딩스
20250925000361,20250925,코스닥,일월지엠엘,178780,주식등의대량보유상황보고서(일반),일월
20250925000352,20250925,코스피,콜마홀딩스,024720,주식등의대량보유상황보고서(일반),윤상현
20250925000209,20250925,코스닥,스튜디오미르,408900,주식등의대량보유상황보고서(일반),유재명
20250925000198,20250925,코스닥,로보스타,090360,주식등의대량보유상황보고서(일반),LG전자
20250925000189,20250925,코스피,대한해운,005880,주식등의대량보유상황보고서(일반),에스엠상선
20250925000111,20250925,코스닥,케이아이엔엑스,093320,주식등의대량보유상황보고서(약식),MiriCapitalManagementLLC
20250925000062,20250925,코스닥,디모아,016670,주식등의대량보유상황보고서(약식),이니텍
20250924000457,20250925,코스닥,와이즈버즈,273060,주식등의대량보유상황보고서(일반),코스톤성장전략엠앤에이사모투자
20250924000450,20250925,코스닥,대한광통신,010170,주식등의대량보유상황보고서(약식),포커스자산운용
20250924000445,20250924,코스닥,엠젠솔루션,032790,주식등의대량보유상황보고서(일반),트렌스젠바이오
20250924000435,20250924,코스피,황금에스티,032560,주식등의대량보유상황보고서(일반),김종현
20250924000429,20250924,코스닥,윈팩,097800,주식등의대량보유상황보고서(일반),어보브반도체
20250924000393,20250924,코스피,GS,078930,주식등의대량보유상황보고서(일반),허창수
20250924000363,20250924,코스피,씨아이테크,004920,주식등의대량보유상황보고서(일반),씨엔씨기술
20250924000359,20250924,코스피,현대백화점,069960,주식등의대량보유상황보고서(일반),현대지에프홀딩스
20250924000332,20250924,코스닥,HC보광산업,225530,주식등의대량보유상황보고서(일반),HC홈센타
20250924000327,20250924,코스닥,엑시온그룹,069920,주식등의대량보유상황보고서(약식),김영선
20250924000315,20250924,코스닥,하이드로리튬,101670,주식등의대량보유상황보고서(일반),전웅
20250924000302,20250924,코스피,제주항공,089590,주식등의대량보유상황보고서(일반),AK홀딩스
20250924000301,20250924,코스닥,나노실리칸첨단소재,286750,주식등의대량보유상황보고서(일반),드림캐슬종합건설
20250924000287,20250924,코스닥,티앤알바이오팹,246710,주식등의대량보유상황보고서(일반),윤원수
20250924000280,20250924,코스닥,에스투더블유,488280,주식등의대량보유상황보고서(약식),스톤브릿지벤처스
20250924000269,20250924,코스피,에이피알,278470,주식등의대량보유상황보고서(약식),MORGANSTANLEY&COINTLPLC
20250924000265,20250924,코스닥,스모트로닉,066590,[기재정정]주식등의대량보유상황보고서(일반),퓨트로닉
20250924000260,20250924,코스닥,스모트로닉,066590,[기재정정]주식등의대량보유상황보고서(일반),퓨트로닉
20250924000257,20250924,코스닥,현대바이오,048410,주식등의대량보유상황보고서(일반),씨앤팜
20250924000250,20250924,코스피,이지스밸류플러스리츠,334890,주식등의대량보유상황보고서(일반),코람코주택도시기금위탁관리부동산투자회사
20250924000244,20250924,코스닥,씨큐브,101240,주식등의대량보유상황보고서(일반),스타치얼코퍼레이션
20250924000190,20250924,코스피,아모레퍼시픽홀딩스,002790,주식등의대량보유상황보고서(일반),서경배
20250924000189,20250924,코스닥,에스앤디,260970,주식등의대량보유상황보고서(약식),타이거자산운용투자일임
20250924000132,20250924,코스닥,누리플렉스,040160,주식등의대량보유상황보고서(일반),NuriFlexHoldingsINC
20250924000070,20250924,코스닥,스모트로닉,066590,주식등의대량보유상황보고서(일반),퓨트로닉
20250923000403,20250923,코스닥,엑시온그룹,069920,주식등의대량보유상황보고서(일반),정재영
20250923000383,20250923,코스닥,좋은사람들,033340,주식등의대량보유상황보고서(일반),우리인터텍스
20250923000382,20250923,코스피,팬오션,028670,주식등의대량보유상황보고서(일반),하림지주
20250923000379,20250923,코스닥,캐리,313760,주식등의대량보유상황보고서(약식),드림투자조합
20250923000377,20250923,코스피,삼익악기,002450,주식등의대량보유상황보고서(일반),스페코
20250923000375,20250923,코스피,롯데관광개발,032350,주식등의대량보유상황보고서(일반),김기병
20250923000371,20250923,코스피,아이에스동서,010780,주식등의대량보유상황보고서(일반),권혁운
20250923000369,20250923,코스닥,코퍼스코리아,322780,주식등의대량보유상황보고서(일반),오영섭
20250923000368,20250923,코스닥,에이럭스,475580,주식등의대량보유상황보고서(약식),대신-컴파-패스웨이 신기술투자조합 제1호
20250923000354,20250923,코스닥,엠디바이스,226590,주식등의대량보유상황보고서(약식),포지티브 대아 신기술투자조합 제1호
20250923000349,20250923,코스피,종근당홀딩스,001630,주식등의대량보유상황보고서(일반),이장한
20250923000343,20250923,코스닥,유니트론텍,142210,주식등의대량보유상황보고서(일반),남궁선
20250923000342,20250923,코스피,블루산업개발,006740,주식등의대량보유상황보고서(일반),피엠에이조합
20250923000333,20250923,코스피,율촌화학,008730,주식등의대량보유상황보고서(일반),신동윤
20250923000324,20250923,코스피,농심홀딩스,072710,주식등의대량보유상황보고서(일반),신동원
20250923000321,20250923,코스닥,KH바텍,060720,주식등의대량보유상황보고서(약식),NH투자증권
20250923000317,20250923,코스피,종근당,185750,주식등의대량보유상황보고서(일반),이장한
20250923000311,20250923,코스피,HJ중공업,097230,주식등의대량보유상황보고서(일반),에코프라임마린퍼시픽
20250923000310,20250923,코스닥,보로노이,310210,주식등의대량보유상황보고서(일반),김현태
20250923000303,20250923,코스닥,원익머트리얼즈,104830,주식등의대량보유상황보고서(약식),브이아이피자산운용
20250923000295,20250923,코스닥,아이티엠반도체,084850,주식등의대량보유상황보고서(일반),NICE
20250923000267,20250923,코스닥,SKAI,357880,주식등의대량보유상황보고서(일반),디렉터스컴퍼니
20250923000237,20250923,코스피,코스맥스,192820,주식등의대량보유상황보고서(약식),GICPrivateLimited
20250923000228,20250923,코스닥,오킨스전자,080580,주식등의대량보유상황보고서(약식),MORGANSTANLEY&COINTLPLC
20250923000059,20250923,코스닥,폰드그룹,472850,주식등의대량보유상황보고서(일반),대명화학
20250923000009,20250923,코스닥,리드코프,012700,주식등의대량보유상황보고서(일반),디케이마린
20250922000307,20250922,코스닥,지슨,446840,주식등의대량보유상황보고서(약식),에스티-알고 신기술조합 제1호
20250922000306,20250922,코스닥,엔비티,236810,주식등의대량보유상황보고서(일반),박수근
20250922000297,20250922,코스닥,에스엠씨지,460870,주식등의대량보유상황보고서(일반),최승호
20250922000292,20250922,코스닥,플라즈맵,405000,주식등의대량보유상황보고서(약식),LB인베스트먼트
20250922000286,20250922,코스피,DB증권,016610,주식등의대량보유상황보고서(일반),DB손해보험
20250922000284,20250922,코스닥,CSA 코스믹,083660,주식등의대량보유상황보고서(일반),브이핑크홀딩스
20250922000283,20250922,코스닥,에스투더블유,488280,주식등의대량보유상황보고서(약식),LB인베스트먼트
20250922000271,20250922,코스닥,하나머티리얼즈,166090,주식등의대량보유상황보고서(일반),하나마이크론
20250922000270,20250922,코스닥,에코캡,128540,주식등의대량보유상황보고서(일반),김창규
20250922000267,20250922,코스닥,이엠텍,091120,주식등의대량보유상황보고서(일반),정승규
20250922000266,20250922,코스닥,FSN,214270,주식등의대량보유상황보고서(일반),제이투비
20250922000265,20250922,코스닥,케이아이엔엑스,093320,주식등의대량보유상황보고서(일반),"KabouterManagement,LLC"
20250922000237,20250922,코스닥,큐브엔터,182360,주식등의대량보유상황보고서(일반),강승곤
20250922000217,20250922,코스닥,국전,307750,주식등의대량보유상황보고서(일반),홍종호
20250922000202,20250922,코스닥,이상네트웍스,080010,[기재정정]주식등의대량보유상황보고서(약식),하성일
20250922000188,20250922,코스닥,풍전약품,298060,주식등의대량보유상황보고서(약식),김진솔
20250922000181,20250922,코스피,달바글로벌,483650,주식등의대량보유상황보고서(약식),브이아이피자산운용
20250922000178,20250922,코스닥,RF머트리얼즈,327260,주식등의대량보유상황보고서(일반),한기우
20250922000160,20250922,코스닥,동원개발,013120,주식등의대량보유상황보고서(일반),장복만
20250922000138,20250922,코스닥,금양그린파워,282720,주식등의대량보유상황보고서(일반),이윤철
20250922000101,20250922,코스닥,지아이텍,382480,주식등의대량보유상황보고서(일반),이인영
20250922000093,20250922,코스닥,하이텍팜,106190,주식등의대량보유상황보고서(일반),ACSDOBFARS.P.A
20250922000088,20250922,코스닥,브이엠,089970,주식등의대량보유상황보고서(일반),김남헌
20250922000073,20250922,코스닥,나무에이엑스,242040,주식등의대량보유상황보고서(일반),이수병
20250922000007,20250922,코스닥,티엑스알로보틱스,484810,주식등의대량보유상황보고서(약식),디티앤인베스트먼트
20250919000617,20250919,코스닥,이상네트웍스,080010,주식등의대량보유상황보고서(약식),하성일
20250919000589,20250919,코스피,삼성전자,005930,주식등의대량보유상황보고서(일반),삼성물산
20250919000560,20250919,코스닥,헥토이노베이션,214180,주식등의대량보유상황보고서(일반),이경민
20250919000556,20250919,코스피,SB성보,003080,주식등의대량보유상황보고서(약식),더맛있는하루
20250919000553,20250919,코스닥,지투지바이오,456160,주식등의대량보유상황보고서(일반),이희용
20250919000551,20250919,코스닥,휴림에이텍,078590,주식등의대량보유상황보고서(약식),제이케이위더스
20250919000539,20250919,코스닥,인크레더블버즈,064090,주식등의대량보유상황보고서(약식),엠제이홀딩컴퍼니
20250919000538,20250919,코스닥,휴림에이텍,078590,주식등의대량보유상황보고서(일반),휴림로봇
20250919000524,20250919,코스닥,텔콘RF제약,200230,주식등의대량보유상황보고서(일반),뉴온
20250919000522,20250919,코스피,에이프로젠,007460,주식등의대량보유상황보고서(일반),지베이스
20250919000513,20250919,코스닥,빌리언스,044480,주식등의대량보유상황보고서(일반),휴마시스
20250919000511,20250919,코스닥,인크레더블버즈,064090,주식등의대량보유상황보고서(약식),부발디아 투자조합
20250919000510,20250919,코스피,LS,006260,주식등의대량보유상황보고서(일반),구자열
20250919000504,20250919,코스피,이지스밸류플러스리츠,334890,주식등의대량보유상황보고서(약식),삼성증권
20250919000456,20250919,코스닥,아이윈,090150,주식등의대량보유상황보고서(일반),신규진
20250919000451,20250919,코스닥,심텍,222800,주식등의대량보유상황보고서(일반),심텍홀딩스
20250919000449,20250919,코스피,이월드,084680,주식등의대량보유상황보고서(일반),이랜드월드
20250919000442,20250919,코스닥,영우디에스피,143540,주식등의대량보유상황보고서(일반),박금성
20250919000439,20250919,코스닥,지슨,446840,주식등의대량보유상황보고서(약식),케이클라비스 티와이파트너스 신기술조합 제일호
20250919000420,20250919,코스닥,다산네트웍스,039560,주식등의대량보유상황보고서(일반),다산솔루에타
20250919000419,20250919,코스닥,에스와이스틸텍,365330,주식등의대량보유상황보고서(일반),에스와이
20250919000391,20250919,코스닥,다날,064260,주식등의대량보유상황보고서(일반),박성찬
20250919000382,20250919,코스닥,한컴,030520,주식등의대량보유상황보고서(일반),한컴위드
20250919000371,20250919,코스닥,한컴,030520,[기재정정]주식등의대량보유상황보고서(일반),한컴위드
20250919000369,20250919,코스닥,리메드,302550,주식등의대량보유상황보고서(일반),이근용
20250919000340,20250919,코스닥,판타지오,032800,주식등의대량보유상황보고서(일반),아티스트
20250919000339,20250919,코스닥,신테카바이오,226330,주식등의대량보유상황보고서(약식),상상인저축은행
20250919000335,20250919,코스피,KR모터스,000040,주식등의대량보유상황보고서(일반),오세영
20250919000328,20250919,코스피,SK바이오사이언스,302440,주식등의대량보유상황보고서(일반),SK케미칼
20250919000319,20250919,코스닥,아스테라시스,450950,주식등의대량보유상황보고서(일반),서은택
20250919000300,20250919,코스피,에스엠벡셀,010580,주식등의대량보유상황보고서(일반),에스엠하이플러스
20250919000237,20250919,코스닥,엠플러스,259630,주식등의대량보유상황보고서(일반),김종성
20250919000224,20250919,코스피,한국앤컴퍼니,000240,주식등의대량보유상황보고서(일반),조현식
20250919000192,20250919,코스닥,디티앤씨,187220,주식등의대량보유상황보고서(일반),박채규
20250919000187,20250919,코스닥,디알젬,263690,주식등의대량보유상황보고서(일반),박정병
20250919000148,20250919,코스닥,와이엠,007530,주식등의대량보유상황보고서(일반),유승덕
20250919000100,20250919,코스닥,젝시믹스,337930,주식등의대량보유상황보고서(일반),강민준
20250919000067,20250919,코스피,HMM,011200,[기재정정]주식등의대량보유상황보고서(일반),한국해양진흥공사
20250919000028,20250919,코스닥,스모트로닉,066590,주식등의대량보유상황보고서(일반),퓨트로닉
20250918000400,20250918,코스피,한화리츠,451800,주식등의대량보유상황보고서(일반),한화생명
20250918000384,20250918,코스피,한국항공우주,047810,주식등의대량보유상황보고서(약식),피델리티매니지먼트앤리서치컴퍼니엘엘씨
20250918000379,20250918,코스피,SNT에너지,100840,주식등의대량보유상황보고서(일반),SNT홀딩스
20250918000365,20250918,코스피,셀트리온,068270,주식등의대량보유상황보고서(일반),셀트리온홀딩스
20250918000358,20250918,코스피,HMM,011200,주식등의대량보유상황보고서(일반),한국산업은행
20250918000335,20250918,코스피,대한해운,005880,주식등의대량보유상황보고서(일반),에스엠상선
20250918000332,20250918,코스닥,에이비온,203400,주식등의대량보유상황보고서(일반),신영기
20250918000327,20250918,코스피,아모레퍼시픽,090430,주식등의대량보유상황보고서(일반),아모레퍼시픽홀딩스
20250918000321,20250918,코스닥,SFA,056190,주식등의대량보유상황보고서(일반),디와이홀딩스
20250918000314,20250918,코스닥,마크로젠,038290,주식등의대량보유상황보고서(일반),서정선
20250918000294,20250918,코스닥,와이엠티,251370,주식등의대량보유상황보고서(일반),전성욱
20250918000287,20250918,코스닥,삼현,437730,[기재정정]주식등의대량보유상황보고서(일반),황성호
20250918000284,20250918,코스피,BGF리테일,282330,주식등의대량보유상황보고서(일반),BGF
20250918000281,20250918,코스닥,노랑풍선,104620,주식등의대량보유상황보고서(약식),브이씨엠그로쓰제1호사모투자
20250918000280,20250918,코스피,HMM,011200,주식등의대량보유상황보고서(일반),한국해양진흥공사
20250918000275,20250918,코스피,INVENI,015360,주식등의대량보유상황보고서(일반),구자은
20250918000267,20250918,코스닥,네오이뮨텍,950220,주식등의대량보유상황보고서(일반),제넥신
20250918000258,20250918,코스닥,흥국,010240,주식등의대량보유상황보고서(일반),류종묵
20250918000218,20250918,코스닥,코스메카코리아,241710,주식등의대량보유상황보고서(일반),박은희
20250918000070,20250918,코스피,우진,105840,주식등의대량보유상황보고서(일반),이재원
20250918000050,20250918,코스닥,에이럭스,475580,주식등의대량보유상황보고서(약식),타임폴리오자산운용
20250918000039,20250918,코스닥,가비아,079940,주식등의대량보유상황보고서(약식),MiriCapitalManagementLLC
20250918000018,20250918,코스닥,엑셈,205100,주식등의대량보유상황보고서(일반),조종암
20250918000014,20250918,코스피,SB성보,003080,주식등의대량보유상황보고서(일반),윤정선
20250918000010,20250918,코스피,메타케어,118000,주식등의대량보유상황보고서(약식),알펜루트자산운용
20250918000003,20250918,코스닥,유비쿼스홀딩스,078070,주식등의대량보유상황보고서(약식),박영옥
20250917000389,20250917,코스피,만호제강,001080,주식등의대량보유상황보고서(일반),김상환
20250917000364,20250917,코스닥,비트플래닛,049470,주식등의대량보유상황보고서(일반),에스지에이홀딩스
20250917000350,20250917,코스닥,한스바이오메드,042520,주식등의대량보유상황보고서(일반),엔피성장제10호사모투자
20250917000349,20250917,코스피,SK오션플랜트,100090,주식등의대량보유상황보고서(일반),송무석
20250917000348,20250917,코스피,HS효성,487570,주식등의대량보유상황보고서(일반),조현상
20250917000335,20250917,코스닥,디에이피,066900,주식등의대량보유상황보고서(일반),대명화학
20250917000325,20250917,코스닥,유티아이,179900,주식등의대량보유상황보고서(약식),포커스자산운용
20250917000299,20250917,코스닥,ES큐브,050120,주식등의대량보유상황보고서(일반),지에프금융산업제1호
20250917000295,20250917,코스닥,SGA솔루션즈,184230,주식등의대량보유상황보고서(일반),에스지에이홀딩스
20250917000294,20250917,코스닥,위메이드,112040,주식등의대량보유상황보고서(일반),박관호
20250917000290,20250917,코스닥,비트플래닛,049470,주식등의대량보유상황보고서(일반),AsiaStrategyPartnersLLC
20250917000288,20250917,코스닥,지엔코,065060,주식등의대량보유상황보고서(일반),크레오에스지
20250917000285,20250917,코스닥,글로벌텍스프리,204620,주식등의대량보유상황보고서(일반),문양근
20250917000284,20250917,코스닥,한중엔시에스,107640,주식등의대량보유상황보고서(약식),라이프-JB우리 한중 신기술투자조합 제1호
20250917000282,20250917,코스닥,성호전자,043260,주식등의대량보유상황보고서(일반),서룡전자
20250917000277,20250917,코스닥,알서포트,131370,주식등의대량보유상황보고서(일반),서형수
20250917000240,20250917,코스닥,솔디펜스,215090,주식등의대량보유상황보고서(일반),큰솔
20250917000226,20250917,코스닥,캔버스엔,210120,[기재정정]주식등의대량보유상황보고서(일반),디비투자조합
20250917000206,20250917,코스닥,로젠,033290,주식등의대량보유상황보고서(일반),대명화학
20250917000194,20250917,코스닥,TS트릴리온,317240,[기재정정]주식등의대량보유상황보고서(일반),장기영
20250917000182,20250917,코스닥,RFHIC,218410,주식등의대량보유상황보고서(일반),조덕수
20250917000149,20250917,코스피,갤럭시아에스엠,011420,주식등의대량보유상황보고서(약식),삼성액티브자산운용
20250917000119,20250917,코스피,HLB글로벌,003580,주식등의대량보유상황보고서(일반),진양곤
20250917000117,20250917,코스닥,리드코프,012700,주식등의대량보유상황보고서(일반),디케이마린
20250916000329,20250917,코스피,엘앤에프,066970,주식등의대량보유상황보고서(일반),새로닉스
20250916000316,20250916,코스닥,코칩,126730,주식등의대량보유상황보고서(일반),손진형
20250916000294,20250916,코스닥,수성웹툰,084180,주식등의대량보유상황보고서(일반),투믹스홀딩스
20250916000292,20250916,코스닥,MDS테크,086960,주식등의대량보유상황보고서(일반),플레이그램
20250916000287,20250916,코스닥,오이솔루션,138080,주식등의대량보유상황보고서(약식),수성자산운용
20250916000274,20250916,코스닥,에이프릴바이오,397030,주식등의대량보유상황보고서(일반),차상훈
20250916000269,20250916,코스닥,프로티나,468530,주식등의대량보유상황보고서(약식),한국산업은행
20250916000268,20250916,코스닥,FSN,214270,주식등의대량보유상황보고서(일반),제이투비
20250916000254,20250916,코스닥,엠엑스로보틱스,007820,주식등의대량보유상황보고서(일반),SK
20250916000247,20250916,코스닥,HLB,028300,주식등의대량보유상황보고서(일반),진양곤
20250916000242,20250916,코스닥,초록뱀미디어,047820,주식등의대량보유상황보고서(일반),큐씨피미디어홀딩스
20250916000231,20250916,코스닥,엠엑스로보틱스,007820,주식등의대량보유상황보고서(일반),엠엑스온
20250916000210,20250916,코스닥,오아,342870,주식등의대량보유상황보고서(일반),김상무
20250916000199,20250916,코스닥,툴젠,199800,주식등의대량보유상황보고서(일반),김진수
20250916000194,20250916,코스닥,현대바이오,048410,주식등의대량보유상황보고서(일반),씨앤팜
20250916000178,20250916,코스피,남성,004270,주식등의대량보유상황보고서(일반),윤남철
20250916000177,20250916,코스닥,툴젠,199800,주식등의대량보유상황보고서(일반),제넥신
20250916000175,20250916,코스닥,사토시홀딩스,223310,주식등의대량보유상황보고서(일반),메타플렉스
20250916000174,20250916,코스닥,가온칩스,399720,주식등의대량보유상황보고서(일반),정규동
20250916000167,20250916,코스피,남성,004270,주식등의대량보유상황보고서(일반),윤봉수
20250916000158,20250916,코스닥,켐트로닉스,089010,주식등의대량보유상황보고서(약식),액시스인베스트먼트
20250916000127,20250916,코스닥,중앙첨단소재,051980,주식등의대량보유상황보고서(일반),광무
20250916000121,20250916,코스피,삼익악기,002450,주식등의대량보유상황보고서(일반),스페코
20250916000098,20250916,코스닥,티엘비,356860,주식등의대량보유상황보고서(약식),MORGANSTANLEY&COINTLPLC
20250916000028,20250916,코스닥,샤페론,378800,주식등의대량보유상황보고서(일반),성승용
20250916000001,20250916,코스닥,TS트릴리온,317240,주식등의대량보유상황보고서(일반),장기영
20250915000373,20250916,코스닥,투비소프트,079970,주식등의대량보유상황보고서(일반),투비소프트에이엑스
20250915000349,20250915,코스피,코아스,071950,주식등의대량보유상황보고서(일반),백운 조합
20250915000346,20250915,코스피,코아스,071950,주식등의대량보유상황보고서(약식),미네르바조합
20250915000345,20250915,코스피,코아스,071950,주식등의대량보유상황보고서(약식),다알리아조합
20250915000340,20250915,코스피,코아스,071950,주식등의대량보유상황보고서(약식),마이크로엑스
20250915000336,20250915,코스피,세아홀딩스,058650,주식등의대량보유상황보고서(일반),이태성
20250915000335,20250915,코스닥,NHN KCP,060250,주식등의대량보유상황보고서(일반),엔에이치엔페이코
20250915000329,20250915,코스닥,파인엠텍,441270,주식등의대량보유상황보고서(일반),홍성천
20250915000320,20250915,코스닥,코미팜,041960,[기재정정]주식등의대량보유상황보고서(약식),수성자산운용
20250915000304,20250915,코스피,부국증권,001270,주식등의대량보유상황보고서(일반),김중건
20250915000297,20250915,코스닥,리메드,302550,주식등의대량보유상황보고서(일반),이근용
20250915000292,20250915,코스닥,압타머사이언스,291650,주식등의대량보유상황보고서(일반),한동일
20250915000288,20250915,코스피,상상인증권,001290,주식등의대량보유상황보고서(일반),상상인
20250915000287,20250915,코스닥,아이스크림미디어,461300,주식등의대량보유상황보고서(일반),시공테크
20250915000276,20250915,코스닥,오아,342870,주식등의대량보유상황보고서(약식),중소벤처기업진흥공단
20250915000271,20250915,코스닥,스튜디오삼익,415380,주식등의대량보유상황보고서(약식),삼익티디에프
20250915000269,20250915,코스닥,지란지교시큐리티,208350,주식등의대량보유상황보고서(일반),지란지교소프트
20250915000265,20250915,코스닥,큐브엔터,182360,주식등의대량보유상황보고서(일반),강승곤
20250915000261,20250915,코스닥,신테카바이오,226330,주식등의대량보유상황보고서(일반),정종선
20250915000250,20250915,코스닥,파버나인,177830,주식등의대량보유상황보고서(일반),이제훈
20250915000232,20250915,코스피,NICE,034310,주식등의대량보유상황보고서(일반),김원우
20250915000228,20250915,코스닥,대성하이텍,129920,주식등의대량보유상황보고서(일반),최호형
20250915000222,20250915,코스닥,아이티엠반도체,084850,주식등의대량보유상황보고서(일반),NICE
20250915000214,20250915,코스닥,파라택시스코리아,288330,주식등의대량보유상황보고서(일반),PARATAXISKOREAFUNDILLC
20250915000212,20250915,코스닥,디케이락,105740,주식등의대량보유상황보고서(약식),MORGANSTANLEY&COINTLPLC
20250915000210,20250915,코스닥,와이지-원,019210,주식등의대량보유상황보고서(일반),송호근
20250915000157,20250915,코스닥,스튜디오삼익,415380,주식등의대량보유상황보고서(일반),최정석
20250915000140,20250915,코스닥,폰드그룹,472850,주식등의대량보유상황보고서(일반),대명화학
20250915000130,20250915,코스닥,모다이노칩,080420,주식등의대량보유상황보고서(일반),대명화학
20250915000111,20250915,코스닥,코세스,089890,주식등의대량보유상황보고서(일반),박명순
20250915000075,20250915,코스닥,압타머사이언스,291650,주식등의대량보유상황보고서(일반),알티캐스트
20250915000015,20250915,코스닥,하나기술,299030,주식등의대량보유상황보고서(일반),오태봉
20250912000514,20250912,코스닥,코퍼스코리아,322780,주식등의대량보유상황보고서(약식),에이원자산운용
20250912000509,20250912,코스피,팬오션,028670,주식등의대량보유상황보고서(일반),하림지주
20250912000507,20250912,코스피,팜스코,036580,주식등의대량보유상황보고서(일반),하림지주
20250912000505,20250912,코스피,선진,136490,주식등의대량보유상황보고서(일반),하림지주
20250912000504,20250912,코스닥,티앤알바이오팹,246710,주식등의대량보유상황보고서(일반),윤원수
20250912000493,20250912,코스닥,JTC,950170,주식등의대량보유상황보고서(일반),유벤투스홀딩스투자목적회사
20250912000492,20250912,코스닥,JTC,950170,주식등의대량보유상황보고서(일반),구철모
20250912000490,20250912,코스피,HD현대,267250,주식등의대량보유상황보고서(일반),정몽준
20250912000480,20250912,코스닥,드림시큐리티,203650,주식등의대량보유상황보고서(일반),범진규
20250912000474,20250912,코스닥,딥노이드,315640,주식등의대량보유상황보고서(일반),최우식
20250912000461,20250912,코스피,현대백화점,069960,주식등의대량보유상황보고서(일반),현대지에프홀딩스
20250912000455,20250912,코스닥,우리기술,032820,주식등의대량보유상황보고서(일반),노갑선
20250912000443,20250912,코스피,아이에스동서,010780,주식등의대량보유상황보고서(일반),권혁운
20250912000438,20250912,코스닥,동일스틸럭스,023790,주식등의대량보유상황보고서(일반),인포인
20250912000431,20250912,코스피,노루홀딩스,000320,주식등의대량보유상황보고서(일반),한영재
20250912000420,20250912,코스닥,에스엠씨지,460870,주식등의대량보유상황보고서(일반),최승호
20250912000416,20250912,코스피,SNT에너지,100840,주식등의대량보유상황보고서(일반),SNT홀딩스
20250912000413,20250912,코스닥,캐리,313760,주식등의대량보유상황보고서(약식),드림투자조합
20250912000407,20250912,코스닥,신화콘텍,187270,주식등의대량보유상황보고서(일반),이정진
20250912000394,20250912,코스피,씨아이테크,004920,주식등의대량보유상황보고서(약식),이학영
20250912000388,20250912,코스닥,제이엠아이,033050,주식등의대량보유상황보고서(일반),제이엠티
20250912000386,20250912,코스닥,큐캐피탈,016600,주식등의대량보유상황보고서(일반),지엔코
20250912000374,20250912,코스닥,서진시스템,178320,주식등의대량보유상황보고서(일반),전동규
20250912000365,20250912,코스닥,비트플래닛,049470,주식등의대량보유상황보고서(일반),케이씨지아이
20250912000360,20250912,코스피,미스토홀딩스,081660,주식등의대량보유상황보고서(일반),피에몬테
20250912000355,20250912,코스피,대양금속,009190,주식등의대량보유상황보고서(일반),디와이엠파트너스
20250912000344,20250912,코스닥,젬백스,082270,주식등의대량보유상황보고서(일반),젬앤컴퍼니
20250912000340,20250912,코스닥,빌리언스,044480,주식등의대량보유상황보고서(일반),휴마시스
20250912000331,20250912,코스닥,에이비온,203400,주식등의대량보유상황보고서(일반),신영기
20250912000329,20250912,코스닥,SAMG엔터,419530,주식등의대량보유상황보고서(일반),김수훈
20250912000313,20250912,코스피,애경케미칼,161000,주식등의대량보유상황보고서(일반),AK홀딩스
20250912000309,20250912,코스피,애경산업,018250,주식등의대량보유상황보고서(일반),AK홀딩스
20250912000234,20250912,코스닥,큐라클,365270,주식등의대량보유상황보고서(일반),권영근
20250912000179,20250912,코스닥,우림피티에스,101170,주식등의대량보유상황보고서(일반),한규석
20250912000154,20250912,코스닥,신성델타테크,065350,주식등의대량보유상황보고서(일반),구본상
20250912000140,20250912,코스피,아모레퍼시픽홀딩스,002790,주식등의대량보유상황보고서(일반),서경배
20250912000135,20250912,코스피,스틱인베스트먼트,026890,주식등의대량보유상황보고서(일반),도용환
20250912000050,20250912,코스닥,APS,054620,주식등의대량보유상황보고서(일반),정기로
20250911000469,20250912,코스닥,지엔코,065060,주식등의대량보유상황보고서(약식),시너지아이비투자
20250911000462,20250911,코스닥,폴라리스AI핸디,220180,주식등의대량보유상황보고서(일반),폴라리스AI
20250911000448,20250911,코스닥,케이프,064820,주식등의대량보유상황보고서(일반),템퍼스인베스트먼트
20250911000431,20250911,코스피,일동제약,249420,주식등의대량보유상황보고서(일반),윤원영
20250911000430,20250911,코스피,일동홀딩스,000230,주식등의대량보유상황보고서(일반),윤원영
20250911000424,20250911,코스닥,오상자이엘,053980,주식등의대량보유상황보고서(일반),오상
20250911000423,20250911,코스피,블루산업개발,006740,주식등의대량보유상황보고서(일반),대양금속
20250911000410,20250911,코스닥,하림지주,003380,주식등의대량보유상황보고서(약식),NH투자증권
20250911000408,20250911,코스닥,파라택시스코리아,288330,주식등의대량보유상황보고서(일반),이정규
20250911000400,20250911,코스피,일진전기,103590,주식등의대량보유상황보고서(일반),일진홀딩스
20250911000368,20250911,코스닥,오상헬스케어,036220,주식등의대량보유상황보고서(일반),오상
20250911000359,20250911,코스피,롯데관광개발,032350,주식등의대량보유상황보고서(일반),김기병
20250911000357,20250911,코스닥,하이드로리튬,101670,주식등의대량보유상황보고서(일반),전웅
20250911000345,20250911,코스닥,동일금속,109860,주식등의대량보유상황보고서(일반),오길봉
20250911000335,20250911,코스닥,광무,029480,주식등의대량보유상황보고서(일반),한스루체
20250911000257,20250911,코스닥,서플러스글로벌,140070,주식등의대량보유상황보고서(일반),김정웅
20250911000253,20250911,코스닥,알파AI,043100,주식등의대량보유상황보고서(일반),에이아이(AI)혁신성장에쿼티조합
20250911000176,20250911,코스피,에스엠벡셀,010580,주식등의대량보유상황보고서(일반),에스엠하이플러스
20250911000174,20250911,코스닥,빛과전자,069540,[기재정정]주식등의대량보유상황보고서(일반),라이트론홀딩스
20250911000146,20250911,코스닥,웨이비스,289930,주식등의대량보유상황보고서(일반),김정곤
20250911000025,20250911,코스닥,에이엘티,172670,주식등의대량보유상황보고서(일반),천병태
20250910000634,20250910,코스닥,캐스텍코리아,071850,주식등의대량보유상황보고서(일반),이학철
20250910000631,20250910,코스피,KB발해인프라,415640,주식등의대량보유상황보고서(약식),국민은행
20250910000622,20250910,코스닥,노랑풍선,104620,주식등의대량보유상황보고서(약식),브이씨엠그로쓰제1호사모투자
20250910000613,20250910,코스피,이지스밸류플러스리츠,334890,주식등의대량보유상황보고서(약식),코람코자산운용
20250910000612,20250910,코스피,블루산업개발,006740,주식등의대량보유상황보고서(일반),피엠에이조합
20250910000605,20250910,코스닥,CSA 코스믹,083660,주식등의대량보유상황보고서(약식),퓨리어로보틱스조합
20250910000555,20250910,코스닥,뉴키즈온,462310,주식등의대량보유상황보고서(약식),케이비증권
20250910000535,20250910,코스피,프리티,006490,주식등의대량보유상황보고서(약식),상상인저축은행
20250910000534,20250910,코스닥,삼영엠텍,054540,주식등의대량보유상황보고서(일반),전창옥
20250910000521,20250910,코스닥,사토시홀딩스,223310,주식등의대량보유상황보고서(약식),상상인저축은행
20250910000515,20250910,코스닥,웨이비스,289930,주식등의대량보유상황보고서(약식),제이앤프라이빗에쿼티
20250910000509,20250910,코스닥,비투엔,307870,주식등의대량보유상황보고서(약식),상상인저축은행
20250910000508,20250910,코스닥,쿠콘,294570,주식등의대량보유상황보고서(약식),엄봉성
20250910000487,20250910,코스피,코스모화학,005420,주식등의대량보유상황보고서(일반),코스모앤컴퍼니
20250910000473,20250910,코스닥,글로벌텍스프리,204620,주식등의대량보유상황보고서(약식),브이아이피자산운용
20250910000467,20250910,코스피,SNT다이내믹스,003570,주식등의대량보유상황보고서(약식),파이프솔루션3호
20250910000462,20250910,코스닥,액트로,290740,주식등의대량보유상황보고서(일반),하동길
20250910000451,20250910,코스닥,M83,476080,주식등의대량보유상황보고서(약식),인터베스트
20250910000449,20250910,코스닥,에스앤디,260970,주식등의대량보유상황보고서(약식),타이거자산운용투자일임
20250910000444,20250910,코스피,대신밸류리츠,0030R0,주식등의대량보유상황보고서(약식),신영증권
20250910000434,20250910,코스피,신원,009270,주식등의대량보유상황보고서(일반),다리우스엔
20250910000431,20250910,코스닥,해성옵틱스,076610,주식등의대량보유상황보고서(약식),이스페이스인베스텍
20250910000429,20250910,코스닥,뉴엔AI,463020,주식등의대량보유상황보고서(약식),케이비인베스트먼트
20250910000403,20250910,코스닥,심텍홀딩스,036710,주식등의대량보유상황보고서(약식),신한자산운용
20250910000400,20250910,코스닥,프로티나,468530,주식등의대량보유상황보고서(약식),JPMorganAssetManagement(AsiaPacific)Limited
20250910000367,20250910,코스닥,오아,342870,주식등의대량보유상황보고서(약식),포지티브인베스트먼트
20250910000300,20250910,코스피,넥센타이어,002350,주식등의대량보유상황보고서(약식),브이아이피자산운용
20250910000289,20250910,코스닥,바이오에프디엔씨,251120,주식등의대량보유상황보고서(일반),모상현
20250910000269,20250910,코스닥,폴라리스AI핸디,220180,주식등의대량보유상황보고서(약식),오상헬스케어
20250910000260,20250910,코스닥,엠투엔,033310,주식등의대량보유상황보고서(일반),디케이마린
20250910000253,20250910,코스닥,폴라리스AI핸디,220180,주식등의대량보유상황보고서(일반),오상
20250910000196,20250910,코스닥,파이버프로,368770,주식등의대량보유상황보고서(일반),고연완
20250910000181,20250910,코스닥,로젠,033290,주식등의대량보유상황보고서(일반),대명화학
20250910000156,20250910,코스피,LG생활건강,051900,주식등의대량보유상황보고서(약식),SilchesterInternationalInvestorsLLP
20250910000144,20250910,코스닥,레이,228670,주식등의대량보유상황보고서(약식),THEGOVERNMENTOFSINGAPORE
20250910000141,20250910,코스닥,리노공업,058470,주식등의대량보유상황보고서(약식),WasatchAdvisorsLP
20250910000134,20250910,코스피,노루홀딩스,000320,주식등의대량보유상황보고서(약식),케이씨씨
20250910000109,20250910,코스닥,이상네트웍스,080010,주식등의대량보유상황보고서(약식),하성일
20250910000107,20250910,코스피,SK리츠,395400,주식등의대량보유상황보고서(약식),코람코자산운용
20250910000080,20250910,코스피,대한해운,005880,주식등의대량보유상황보고서(일반),에스엠상선
20250910000019,20250910,코스닥,에코프로비엠,247540,주식등의대량보유상황보고서(일반),에코프로
20250909000364,20250910,코스닥,대성하이텍,129920,주식등의대량보유상황보고서(약식),펄프로젝트제1호사모투자
20250909000335,20250909,코스피,대림바스,005750,주식등의대량보유상황보고서(일반),이해영
20250909000326,20250909,코스닥,에어레인,163280,주식등의대량보유상황보고서(약식),SK이노베이션
20250909000322,20250909,코스닥,티앤알바이오팹,246710,주식등의대량보유상황보고서(일반),윤원수
20250909000321,20250909,코스닥,올릭스,226950,주식등의대량보유상황보고서(일반),이동기
20250909000319,20250909,코스닥,한울반도체,320000,주식등의대량보유상황보고서(일반),한울소재과학
20250909000318,20250909,코스닥,피에스케이,319660,주식등의대량보유상황보고서(약식),베어링자산운용
20250909000310,20250909,코스닥,티엔엔터테인먼트,131100,주식등의대량보유상황보고서(일반),초록뱀미디어
20250909000308,20250909,코스닥,사토시홀딩스,223310,주식등의대량보유상황보고서(일반),메타플렉스
20250909000303,20250909,코스피,경보제약,214390,주식등의대량보유상황보고서(일반),종근당홀딩스
20250909000282,20250909,코스닥,크레버스,096240,주식등의대량보유상황보고서(일반),김영화
20250909000266,20250909,코스피,NH올원리츠,400760,주식등의대량보유상황보고서(약식),이지스자산운용
20250909000261,20250909,코스닥,금양그린파워,282720,주식등의대량보유상황보고서(일반),이윤철
20250909000259,20250909,코스닥,코난테크놀로지,402030,[기재정정]주식등의대량보유상황보고서(일반),김영섬
20250909000251,20250909,코스피,신원,009270,주식등의대량보유상황보고서(일반),티앤엠커뮤니케이션즈
20250909000243,20250909,코스닥,코텍,052330,주식등의대량보유상황보고서(일반),아이디스홀딩스
20250909000237,20250909,코스닥,엑스페릭스,317770,주식등의대량보유상황보고서(일반),윤상철
20250909000232,20250909,코스피,SK스퀘어,402340,주식등의대량보유상황보고서(약식),MacquarieInvestmentManagementBusinessTrust
20250909000231,20250909,코스피,대양금속,009190,주식등의대량보유상황보고서(약식),비비원조합
20250909000223,20250909,코스피,한국앤컴퍼니,000240,주식등의대량보유상황보고서(일반),조현식
20250909000194,20250909,코스닥,성호전자,043260,주식등의대량보유상황보고서(일반),서룡전자
20250909000169,20250909,코스닥,레이,228670,주식등의대량보유상황보고서(약식),GICPrivateLimited
20250909000165,20250909,코스피,화승인더스트리,006060,주식등의대량보유상황보고서(일반),현석호
20250909000156,20250909,코스닥,오아,342870,주식등의대량보유상황보고서(약식),중소벤처기업진흥공단
20250909000152,20250909,코스닥,대성하이텍,129920,[기재정정]주식등의대량보유상황보고서(약식),펄프로젝트제1호사모투자
20250909000074,20250909,코스닥,엔알비,475230,주식등의대량보유상황보고서(약식),코오롱인베스트먼트
20250909000050,20250909,코스피,한국앤컴퍼니,000240,주식등의대량보유상황보고서(일반),조현범
20250909000031,20250909,코스피,한국타이어앤테크놀로지,161390,주식등의대량보유상황보고서(일반),한국앤컴퍼니
20250909000029,20250909,코스닥,마이크로컨텍솔,098120,주식등의대량보유상황보고서(약식),에셋플러스자산운용
20250909000021,20250909,코스피,JW홀딩스,096760,주식등의대량보유상황보고서(일반),이경하
20250909000016,20250909,코스피,세아제강지주,003030,주식등의대량보유상황보고서(약식),한국투자신탁운용
20250909000015,20250909,코스피,세아제강,306200,주식등의대량보유상황보고서(약식),한국투자신탁운용
20250908000346,20250908,코스닥,미코,059090,주식등의대량보유상황보고서(일반),전선규
20250908000328,20250908,코스닥,엠에스오토텍,123040,주식등의대량보유상황보고서(일반),송혜승
20250908000311,20250908,코스피,SNT에너지,100840,주식등의대량보유상황보고서(일반),SNT홀딩스
20250908000310,20250908,코스닥,하이딥,365590,주식등의대량보유상황보고서(일반),고범규
20250908000287,20250908,코스닥,원텍,336570,주식등의대량보유상황보고서(일반),김종원
20250908000283,20250908,코스닥,프로티나,468530,주식등의대량보유상황보고서(약식),LB인베스트먼트
20250908000278,20250908,코스닥,큐브엔터,182360,주식등의대량보유상황보고서(일반),강승곤
20250908000274,20250908,코스닥,코미팜,041960,주식등의대량보유상황보고서(약식),수성자산운용
20250908000270,20250908,코스닥,차바이오텍,085660,주식등의대량보유상황보고서(일반),차광렬
20250908000268,20250908,코스피,대양금속,009190,주식등의대량보유상황보고서(약식),비비원조합
20250908000255,20250908,코스닥,하나머티리얼즈,166090,주식등의대량보유상황보고서(일반),하나마이크론
20250908000251,20250908,코스피,동아쏘시오홀딩스,000640,주식등의대량보유상황보고서(약식),베어링자산운용
20250908000247,20250908,코스닥,SOOP,067160,주식등의대량보유상황보고서(약식),UBSAG
20250908000245,20250908,코스닥,하이록코리아,013030,주식등의대량보유상황보고서(약식),베어링자산운용
20250908000240,20250908,코스닥,와이지-원,019210,주식등의대량보유상황보고서(일반),송호근
20250908000235,20250908,코스피,제주항공,089590,주식등의대량보유상황보고서(일반),AK홀딩스
20250908000231,20250908,코스피,애경케미칼,161000,주식등의대량보유상황보고서(일반),AK홀딩스
20250908000228,20250908,코스피,에코프로머티,450080,주식등의대량보유상황보고서(일반),에코프로
20250908000226,20250908,코스닥,동화기업,025900,주식등의대량보유상황보고서(일반),"DONGWHAINTERNATIONALCO.,LTD"
20250908000222,20250908,코스피,에코프로머티,450080,[기재정정]주식등의대량보유상황보고서(일반),에코프로
20250908000205,20250908,코스피,블루산업개발,006740,주식등의대량보유상황보고서(일반),대양금속
20250908000193,20250908,코스닥,크레오에스지,040350,주식등의대량보유상황보고서(일반),큐로홀딩스
20250908000184,20250908,코스피,에코프로머티,450080,[기재정정]주식등의대량보유상황보고서(일반),에코프로
20250908000170,20250908,코스피,SK오션플랜트,100090,주식등의대량보유상황보고서(일반),송무석
20250908000137,20250908,코스닥,와이제이링크,209640,주식등의대량보유상황보고서(일반),박순일
20250908000133,20250908,코스닥,우림피티에스,101170,주식등의대량보유상황보고서(일반),한규석
20250908000094,20250908,코스피,SK리츠,395400,주식등의대량보유상황보고서(약식),미래에셋자산운용
20250908000077,20250908,코스닥,모비릭스,348030,주식등의대량보유상황보고서(약식),파일런시스템즈
20250908000073,20250908,코스닥,지투지바이오,456160,[기재정정]주식등의대량보유상황보고서(일반),이희용
20250908000047,20250908,코스닥,한중엔시에스,107640,주식등의대량보유상황보고서(약식),한화자산운용
20250908000008,20250908,코스닥,에프알텍,073540,주식등의대량보유상황보고서(약식),김대용
20250905000571,20250908,코스닥,보로노이,310210,[기재정정]주식등의대량보유상황보고서(일반),김현태
20250905000566,20250905,코스닥,보로노이,310210,주식등의대량보유상황보고서(일반),김현태
20250905000561,20250905,코스닥,KD,044180,주식등의대량보유상황보고서(일반),케이디기술투자
20250905000551,20250905,코스피,카카오페이,377300,주식등의대량보유상황보고서(일반),카카오
20250905000549,20250905,코스닥,앤로보틱스,138360,주식등의대량보유상황보고서(약식),두산미래산업
20250905000539,20250905,코스닥,케이피엠테크,042040,주식등의대량보유상황보고서(일반),텔콘RF제약
20250905000533,20250905,코스피,아이에스동서,010780,주식등의대량보유상황보고서(일반),권혁운
20250905000524,20250905,코스피,삼성전자,005930,주식등의대량보유상황보고서(일반),삼성물산
20250905000521,20250905,코스닥,인선이엔티,060150,주식등의대량보유상황보고서(일반),아이에스동서
20250905000504,20250905,코스피,디아이,003160,주식등의대량보유상황보고서(일반),박원호
20250905000490,20250905,코스피,이수화학,005950,주식등의대량보유상황보고서(일반),이수
20250905000486,20250905,코스피,이수페타시스,007660,주식등의대량보유상황보고서(일반),이수
20250905000483,20250905,코스피,아시아나항공,020560,주식등의대량보유상황보고서(일반),금호건설
20250905000482,20250905,코스닥,자람테크놀로지,389020,주식등의대량보유상황보고서(일반),백준현
20250905000477,20250905,코스닥,그래디언트,035080,주식등의대량보유상황보고서(일반),이기형
20250905000475,20250905,코스닥,비트맥스,377030,주식등의대량보유상황보고서(약식),스마트프라임밸류투자조합
20250905000470,20250905,코스닥,다산솔루에타,154040,주식등의대량보유상황보고서(일반),엔브이글로벌코리아메자닌사모투자
20250905000468,20250905,코스닥,한국정보통신,025770,주식등의대량보유상황보고서(일반),박헌서
20250905000466,20250905,코스닥,브이티,018290,주식등의대량보유상황보고서(일반),정철
20250905000463,20250905,코스피,신세계,004170,주식등의대량보유상황보고서(일반),정유경
20250905000461,20250905,코스닥,SG,255220,주식등의대량보유상황보고서(일반),박창호
20250905000458,20250905,코스닥,고영,098460,주식등의대량보유상황보고서(일반),고영홀딩스
20250905000457,20250905,코스피,HJ중공업,097230,주식등의대량보유상황보고서(일반),에코프라임마린퍼시픽
20250905000445,20250905,코스닥,에르코스,435570,[기재정정]주식등의대량보유상황보고서(일반),김슬기
20250905000442,20250905,코스닥,다산솔루에타,154040,주식등의대량보유상황보고서(일반),다산인베스트
20250905000433,20250905,코스닥,인카금융서비스,211050,주식등의대량보유상황보고서(일반),최병채
20250905000431,20250905,코스닥,인카금융서비스,211050,[기재정정]주식등의대량보유상황보고서(일반),최병채
20250905000429,20250905,코스닥,다산네트웍스,039560,주식등의대량보유상황보고서(일반),다산솔루에타
20250905000427,20250905,코스닥,인카금융서비스,211050,주식등의대량보유상황보고서(일반),심두섭
20250905000426,20250905,코스닥,서울옥션,063170,주식등의대량보유상황보고서(일반),이호재
20250905000422,20250905,코스닥,이노뎁,303530,주식등의대량보유상황보고서(일반),이성진
20250905000420,20250905,코스닥,스모트로닉,066590,주식등의대량보유상황보고서(약식),다담하모니제1호
20250905000417,20250905,코스닥,씨앤씨인터내셔널,352480,주식등의대량보유상황보고서(일반),뷰티시너지2025사모투자
20250905000413,20250905,코스피,동부건설,005960,주식등의대량보유상황보고서(일반),키스톤에코프라임
20250905000404,20250905,코스닥,서진시스템,178320,주식등의대량보유상황보고서(일반),전동규
20250905000402,20250905,코스닥,한컴,030520,주식등의대량보유상황보고서(일반),한컴위드
20250905000395,20250905,코스닥,코난테크놀로지,402030,주식등의대량보유상황보고서(일반),김영섬
20250905000388,20250905,코스닥,에코프로비엠,247540,주식등의대량보유상황보고서(일반),에코프로
20250905000382,20250905,코스닥,저스템,417840,주식등의대량보유상황보고서(일반),임영진
20250905000381,20250905,코스닥,에코프로비엠,247540,[기재정정]주식등의대량보유상황보고서(일반),에코프로
20250905000374,20250905,코스닥,에코프로비엠,247540,[기재정정]주식등의대량보유상황보고서(일반),에코프로
20250905000367,20250905,코스닥,뷰노,338220,주식등의대량보유상황보고서(일반),이예하
20250905000365,20250905,코스닥,에르코스,435570,주식등의대량보유상황보고서(일반),김슬기
20250905000362,20250905,코스닥,빌리언스,044480,주식등의대량보유상황보고서(일반),휴마시스
20250905000361,20250905,코스닥,데이원컴퍼니,373160,주식등의대량보유상황보고서(약식),머스트자산운용
20250905000342,20250905,코스피,에스엠벡셀,010580,주식등의대량보유상황보고서(일반),에스엠하이플러스
20250905000332,20250905,코스피,한화투자증권,003530,주식등의대량보유상황보고서(일반),한화자산운용
20250905000321,20250905,코스피,DB,012030,주식등의대량보유상황보고서(일반),김남호
20250905000315,20250905,코스닥,이엘피,063760,주식등의대량보유상황보고서(일반),이재혁
20250905000287,20250905,코스닥,씨앤씨인터내셔널,352480,주식등의대량보유상황보고서(일반),배은철
20250905000252,20250905,코스닥,한중엔시에스,107640,주식등의대량보유상황보고서(일반),김환식
20250905000220,20250905,코스닥,스마트레이더시스템,424960,주식등의대량보유상황보고서(일반),김용환
20250905000210,20250905,코스닥,셀피글로벌,068940,주식등의대량보유상황보고서(일반),셀피글로벌주주1호조합
20250905000208,20250905,코스닥,아이윈,090150,주식등의대량보유상황보고서(일반),신규진
20250905000179,20250905,코스피,오뚜기,007310,주식등의대량보유상황보고서(일반),함영준
20250905000146,20250905,코스닥,원익홀딩스,030530,주식등의대량보유상황보고서(일반),원익
20250905000132,20250905,코스닥,슈프리마에이치큐,094840,주식등의대량보유상황보고서(일반),이재원
20250905000126,20250905,코스닥,이엔에프테크놀로지,102710,주식등의대량보유상황보고서(일반),한국알콜
20250905000117,20250905,코스닥,소프트캠프,258790,주식등의대량보유상황보고서(일반),배환국
20250905000116,20250905,코스닥,와이엠티,251370,주식등의대량보유상황보고서(일반),전성욱
20250905000106,20250905,코스닥,에스와이,109610,주식등의대량보유상황보고서(일반),홍영돈
20250905000067,20250905,코스닥,퓨릿,445180,주식등의대량보유상황보고서(일반),한국알콜
20250905000049,20250905,코스피,한화오션,042660,[기재정정]주식등의대량보유상황보고서(일반),한화에어로스페이스
20250905000035,20250905,코스닥,셀피글로벌,068940,주식등의대량보유상황보고서(일반),셀피글로벌주주1호조합
20250905000003,20250905,코스피,한화오션,042660,주식등의대량보유상황보고서(일반),한화에어로스페이스
20250904000461,20250905,코스닥,대성하이텍,129920,주식등의대량보유상황보고서(약식),펄프로젝트제1호사모투자
20250904000455,20250904,코스닥,뉴로핏,380550,주식등의대량보유상황보고서(약식),코오롱인베스트먼트
20250904000448,20250904,코스닥,지아이이노베이션,358570,주식등의대량보유상황보고서(일반),장명호
20250904000413,20250904,코스피,SNT에너지,100840,주식등의대량보유상황보고서(일반),SNT홀딩스
20250904000394,20250904,코스닥,덴티스,261200,주식등의대량보유상황보고서(일반),심기봉
20250904000382,20250904,코스피,솔루엠,248070,주식등의대량보유상황보고서(약식),얼라인파트너스자산운용
20250904000381,20250904,코스피,HS효성첨단소재,298050,주식등의대량보유상황보고서(일반),HS효성
20250904000374,20250904,코스닥,셀피글로벌,068940,[기재정정]주식등의대량보유상황보고서(일반),셀피글로벌주주1호조합
20250904000368,20250904,코스닥,파인엠텍,441270,주식등의대량보유상황보고서(일반),홍성천
20250904000365,20250904,코스닥,뉴로핏,380550,주식등의대량보유상황보고서(약식),SBI인베스트먼트
20250904000363,20250904,코스닥,위메이드,112040,주식등의대량보유상황보고서(일반),박관호
20250904000321,20250904,코스피,코스모신소재,005070,주식등의대량보유상황보고서(일반),코스모화학
20250904000302,20250904,코스닥,파버나인,177830,주식등의대량보유상황보고서(일반),이제훈
20250904000300,20250904,코스닥,제닉스로보틱스,381620,주식등의대량보유상황보고서(약식),에이케이케이 로보테크 밸류업 신기술투자조합
20250904000289,20250904,코스닥,삼영엠텍,054540,주식등의대량보유상황보고서(일반),전창옥
20250904000288,20250904,코스닥,케이엔제이,272110,주식등의대량보유상황보고서(일반),심호섭
20250904000283,20250904,코스피,제주항공,089590,주식등의대량보유상황보고서(일반),AK홀딩스
20250904000280,20250904,코스피,애경산업,018250,주식등의대량보유상황보고서(일반),AK홀딩스
20250904000274,20250904,코스피,AK홀딩스,006840,주식등의대량보유상황보고서(일반),채형석
20250904000168,20250904,코스닥,국전,307750,주식등의대량보유상황보고서(일반),홍종호
20250904000092,20250904,코스닥,더블유에스아이,299170,주식등의대량보유상황보고서(일반),박정섭
20250904000071,20250904,코스닥,사람인,143240,주식등의대량보유상황보고서(약식),FILLIMITED
20250904000050,20250904,코스닥,디에스엠,104040,주식등의대량보유상황보고서(약식),포레스트벤처스
20250904000043,20250904,코스닥,지슨,446840,주식등의대량보유상황보고서(일반),한동진
20250903000390,20250904,코스닥,프로티나,468530,주식등의대량보유상황보고서(약식),케이런벤처스
20250903000387,20250903,코스닥,꿈비,407400,주식등의대량보유상황보고서(일반),박영건
20250903000380,20250903,코스닥,다이나믹솔루션,290660,주식등의대량보유상황보고서(약식),지와이(GY)헬스케어3호투자조합
20250903000377,20250903,코스피,한미사이언스,008930,[기재정정]주식등의대량보유상황보고서(일반),임종윤
20250903000375,20250903,코스피,한미사이언스,008930,[기재정정]주식등의대량보유상황보고서(일반),임종훈
20250903000368,20250903,코스닥,페니트리움바이오,187660,주식등의대량보유상황보고서(일반),현대바이오
20250903000363,20250903,코스닥,더테크놀로지,043090,주식등의대량보유상황보고서(일반),피엔에스 인더스트리 펀드
20250903000351,20250903,코스닥,씨티씨바이오,060590,주식등의대량보유상황보고서(일반),이민구
20250903000346,20250903,코스피,국도화학,007690,주식등의대량보유상황보고서(약식),NH투자증권
20250903000326,20250903,코스피,성신양회,004980,주식등의대량보유상황보고서(일반),김영준
20250903000324,20250903,코스닥,에코프로,086520,주식등의대량보유상황보고서(일반),이동채
20250903000306,20250903,코스피,방림,003610,주식등의대량보유상황보고서(일반),서재희
20250903000299,20250903,코스피,까뮤이앤씨,013700,주식등의대량보유상황보고서(일반),베이스
20250903000283,20250903,코스닥,씨피시스템,413630,주식등의대량보유상황보고서(약식),에스케이에스-YP 신기술투자조합 제2호
20250903000269,20250903,코스피,다스코,058730,주식등의대량보유상황보고서(일반),한상원
20250903000267,20250903,코스닥,프로티나,468530,주식등의대량보유상황보고서(약식),JPMorganAssetManagement(AsiaPacific)Limited
20250903000264,20250903,코스닥,리메드,302550,주식등의대량보유상황보고서(약식),삼성이노베이티브신기술사업투자조합제1호
20250903000256,20250903,코스닥,재영솔루텍,049630,주식등의대량보유상황보고서(약식),무림캐피탈
20250903000255,20250903,코스피,HD현대마린엔진,071970,주식등의대량보유상황보고서(일반),HD한국조선해양
20250903000248,20250903,코스피,대림통상,006570,주식등의대량보유상황보고서(일반),디앤디파트너스
20250903000244,20250903,코스피,디아이씨,092200,주식등의대량보유상황보고서(일반),김성문
20250903000230,20250903,코스닥,흥국에프엔비,189980,주식등의대량보유상황보고서(일반),오길영
20250903000227,20250903,코스닥,오스테오닉,226400,주식등의대량보유상황보고서(일반),이동원
20250903000222,20250903,코스닥,이렘,009730,주식등의대량보유상황보고서(일반),코스틸
20250903000199,20250903,코스닥,디에스엠,104040,주식등의대량보유상황보고서(약식),인피니툼파트너스
20250903000188,20250903,코스피,한샘,009240,주식등의대량보유상황보고서(일반),하임
20250903000179,20250903,코스닥,엑셈,205100,주식등의대량보유상황보고서(일반),조종암
20250903000173,20250903,코스닥,현대에이치티,039010,주식등의대량보유상황보고서(일반),이건구
20250903000170,20250903,코스닥,SFA넥셀,222080,주식등의대량보유상황보고서(일반),SFA
20250903000159,20250903,코스피,서울식품공업,004410,주식등의대량보유상황보고서(약식),정필문
20250903000142,20250903,코스피,SK오션플랜트,100090,주식등의대량보유상황보고서(일반),송무석
20250903000140,20250903,코스피,대한제강,084010,주식등의대량보유상황보고서(일반),오치훈
20250903000102,20250903,코스닥,엠에프씨,432980,주식등의대량보유상황보고서(약식),기술보증기금
20250903000057,20250903,코스닥,부스타,008470,주식등의대량보유상황보고서(일반),유승협
20250902000343,20250903,코스닥,CSA 코스믹,083660,[기재정정]주식등의대량보유상황보고서(약식),코드플랜1호조합
20250902000326,20250902,코스닥,바이오플러스,099430,주식등의대량보유상황보고서(일반),정현규
20250902000313,20250902,코스닥,야스,255440,주식등의대량보유상황보고서(일반),정광호
20250902000307,20250902,코스닥,씨티케이,260930,주식등의대량보유상황보고서(일반),정인용
20250902000296,20250902,코스닥,이니텍,053350,주식등의대량보유상황보고서(일반),에스제이제일차홀딩스
20250902000292,20250902,코스닥,앱코,129890,주식등의대량보유상황보고서(일반),오광근
20250902000290,20250902,코스닥,동운아나텍,094170,주식등의대량보유상황보고서(일반),김동철
20250902000286,20250902,코스닥,빛과전자,069540,주식등의대량보유상황보고서(일반),케이헤드조합
20250902000285,20250902,코스닥,원일특강,012620,주식등의대량보유상황보고서(일반),박성진
20250902000284,20250902,코스닥,이니텍,053350,[기재정정]주식등의대량보유상황보고서(일반),에스제이제일차홀딩스
20250902000282,20250902,코스닥,앱코,129890,주식등의대량보유상황보고서(약식),이태화
20250902000271,20250902,코스닥,알서포트,131370,주식등의대량보유상황보고서(일반),서형수
20250902000256,20250902,코스닥,엠케이전자,033160,주식등의대량보유상황보고서(약식),한국채권투자운용
20250902000248,20250902,코스피,하이스틸,071090,주식등의대량보유상황보고서(일반),엄정헌
20250902000239,20250902,코스닥,비트플래닛,049470,주식등의대량보유상황보고서(일반),에스지에이홀딩스
20250902000237,20250902,코스닥,아이오케이이엔엠,078860,주식등의대량보유상황보고서(일반),디모아
20250902000236,20250902,코스닥,HLB제약,047920,주식등의대량보유상황보고서(일반),HLB생명과학
20250902000233,20250902,코스닥,비트플래닛,049470,주식등의대량보유상황보고서(일반),AsiaStrategyPartnersLLC
20250902000214,20250902,코스피,NICE,034310,주식등의대량보유상황보고서(일반),김원우
20250902000209,20250902,코스닥,자연과환경,043910,주식등의대량보유상황보고서(일반),데이터테크놀로지
20250902000207,20250902,코스닥,비투엔,307870,주식등의대량보유상황보고서(일반),엑스트윈스1호조합
20250902000206,20250902,코스닥,아이티엠반도체,084850,주식등의대량보유상황보고서(일반),NICE
20250902000202,20250902,코스닥,제너셈,217190,주식등의대량보유상황보고서(일반),한복우
20250902000176,20250902,코스닥,보로노이,310210,주식등의대량보유상황보고서(일반),김현태
20250902000153,20250902,코스피,ESR켄달스퀘어리츠,365550,주식등의대량보유상황보고서(약식),미래에셋자산운용
20250902000151,20250902,코스피,INVENI,015360,주식등의대량보유상황보고서(일반),구자은
20250902000144,20250902,코스닥,롤링스톤,214610,주식등의대량보유상황보고서(약식),김우찬
20250902000137,20250902,코스닥,노랑풍선,104620,주식등의대량보유상황보고서(약식),브이씨엠그로쓰제1호사모투자
20250902000136,20250902,코스닥,티디에스팜,464280,주식등의대량보유상황보고서(일반),김철준
20250902000107,20250902,코스닥,코렌텍,104540,주식등의대량보유상황보고서(일반),한투한화디지털헬스케어제1호사모투자
20250902000105,20250902,코스닥,윙스풋,335870,주식등의대량보유상황보고서(약식),KIMYUNGHWAN
20250902000089,20250902,코스피,대신밸류리츠,0030R0,주식등의대량보유상황보고서(약식),에스디제사차
20250902000082,20250902,코스닥,코츠테크놀로지,448710,주식등의대량보유상황보고서(일반),조지원
20250902000072,20250902,코스닥,아이언디바이스,464500,주식등의대량보유상황보고서(일반),박기태
20250902000036,20250902,코스피,KB발해인프라,415640,주식등의대량보유상황보고서(약식),삼성자산운용
20250902000025,20250902,코스닥,유진테크,084370,주식등의대량보유상황보고서(약식),PolarCapitalLLP
20250902000013,20250902,코스피,한국타이어앤테크놀로지,161390,주식등의대량보유상황보고서(일반),한국앤컴퍼니
20250902000009,20250902,코스닥,티앤알바이오팹,246710,주식등의대량보유상황보고서(약식),KB자산운용
20250902000007,20250902,코스닥,에이치브이엠,295310,주식등의대량보유상황보고서(약식),KB자산운용
20250902000002,20250902,코스닥,풍전약품,298060,[기재정정]주식등의대량보유상황보고서(일반),송기령
20250902000001,20250902,코스닥,CSA 코스믹,083660,[기재정정]주식등의대량보유상황보고서(약식),코드플랜1호조합
20250901000563,20250902,코스닥,CSA 코스믹,083660,[기재정정]주식등의대량보유상황보고서(약식),코드플랜1호조합
20250901000560,20250901,코스닥,노랑풍선,104620,주식등의대량보유상황보고서(약식),브이씨엠그로쓰제1호사모투자
20250901000543,20250901,코스피,우성,006980,주식등의대량보유상황보고서(일반),정보연
20250901000539,20250901,코스닥,뉴트리,270870,주식등의대량보유상황보고서(일반),김도언
20250901000538,20250901,코스닥,나무에이엑스,242040,[기재정정]주식등의대량보유상황보고서(일반),이수병
20250901000535,20250901,코스닥,세원물산,024830,주식등의대량보유상황보고서(약식),한세희
20250901000526,20250901,코스닥,하스,450330,주식등의대량보유상황보고서(일반),김용수
20250901000517,20250901,코스닥,아리바이오LAB,261780,주식등의대량보유상황보고서(일반),차바이오텍
20250901000482,20250901,코스닥,에이치브이엠,295310,주식등의대량보유상황보고서(일반),최재영
20250901000481,20250901,코스닥,다날,064260,주식등의대량보유상황보고서(일반),박성찬
20250901000470,20250901,코스닥,예선테크,250930,주식등의대량보유상황보고서(일반),전춘섭
20250901000460,20250901,코스닥,컴투스,078340,주식등의대량보유상황보고서(일반),컴투스홀딩스
20250901000441,20250901,코스피,세아홀딩스,058650,주식등의대량보유상황보고서(일반),이태성
20250901000426,20250901,코스피,애경산업,018250,주식등의대량보유상황보고서(일반),AK홀딩스
20250901000424,20250901,코스닥,풍전약품,298060,주식등의대량보유상황보고서(일반),송기령
20250901000421,20250901,코스닥,HLB,028300,주식등의대량보유상황보고서(일반),진양곤
20250901000411,20250901,코스피,현대해상,001450,주식등의대량보유상황보고서(일반),정몽윤
20250901000409,20250901,코스피,삼양홀딩스,000070,주식등의대량보유상황보고서(일반),김윤
20250901000399,20250901,코스닥,애니플러스,310200,주식등의대량보유상황보고서(약식),미래에셋자산운용
20250901000398,20250901,코스피,이지스밸류플러스리츠,334890,주식등의대량보유상황보고서(약식),미래에셋자산운용
20250901000397,20250901,코스피,한화리츠,451800,주식등의대량보유상황보고서(일반),미래에셋자산운용
20250901000395,20250901,코스닥,나무에이엑스,242040,주식등의대량보유상황보고서(일반),이수병
20250901000393,20250901,코스닥,우리손에프앤지,073560,주식등의대량보유상황보고서(일반),이지홀딩스
20250901000392,20250901,코스닥,세니젠,188260,주식등의대량보유상황보고서(일반),박정웅
20250901000374,20250901,코스피,PI첨단소재,178920,주식등의대량보유상황보고서(약식),국민연금공단
20250901000373,20250901,코스피,더본코리아,475560,주식등의대량보유상황보고서(일반),백종원
20250901000372,20250901,코스피,한화엔진,082740,주식등의대량보유상황보고서(약식),국민연금공단
20250901000371,20250901,코스피,GS건설,006360,주식등의대량보유상황보고서(약식),국민연금공단
20250901000370,20250901,코스닥,그래피,318060,주식등의대량보유상황보고서(약식),진앤투자파트너스
20250901000366,20250901,코스피,NH투자증권,005940,주식등의대량보유상황보고서(약식),국민연금공단
20250901000362,20250901,코스피,CJ대한통운,000120,주식등의대량보유상황보고서(약식),국민연금공단
20250901000349,20250901,코스피,에스엠벡셀,010580,주식등의대량보유상황보고서(일반),에스엠하이플러스
20250901000346,20250901,코스닥,강스템바이오텍,217730,주식등의대량보유상황보고서(일반),강경선
20250901000339,20250901,코스피,유니드,014830,주식등의대량보유상황보고서(약식),신영자산운용
20250901000330,20250901,코스닥,큐에스아이,066310,주식등의대량보유상황보고서(일반),삼화양행
20250901000321,20250901,코스닥,씨티씨바이오,060590,주식등의대량보유상황보고서(일반),파마리서치
20250901000282,20250901,코스피,신라교역,004970,주식등의대량보유상황보고서(일반),신라홀딩스
20250901000222,20250901,코스닥,빛과전자,069540,주식등의대량보유상황보고서(일반),라이트론홀딩스
20250901000192,20250901,코스피,남선알미늄,008350,주식등의대량보유상황보고서(일반),삼라
20250829002242,20250901,코스닥,아이윈,090150,주식등의대량보유상황보고서(약식),부국-빌랑스 아이윈 신기술투자조합
20250829002229,20250829,코스피,한미사이언스,008930,주식등의대량보유상황보고서(일반),임종훈
20250829002228,20250829,코스피,한미사이언스,008930,주식등의대량보유상황보고서(일반),임종윤
20250829002217,20250829,코스닥,더블유에스아이,299170,주식등의대량보유상황보고서(일반),박정섭
20250829002216,20250829,코스닥,메카로,241770,주식등의대량보유상황보고서(일반),이재정
20250829002209,20250829,코스닥,코아시아,045970,주식등의대량보유상황보고서(일반),이희준
20250829002191,20250829,코스피,트리니티항공,091810,주식등의대량보유상황보고서(일반),소노인터내셔널
20250829002180,20250829,코스닥,하림지주,003380,주식등의대량보유상황보고서(일반),김홍국
20250829002173,20250829,코스닥,그래피,318060,주식등의대량보유상황보고서(일반),심운섭
20250829002166,20250829,코스닥,인텍플러스,064290,주식등의대량보유상황보고서(일반),이상윤
20250829002156,20250829,코스피,SNT에너지,100840,주식등의대량보유상황보고서(일반),SNT홀딩스
20250829002148,20250829,코스피,이리츠코크렙,088260,주식등의대량보유상황보고서(일반),이랜드리테일
20250829002129,20250829,코스닥,아이티센엔텍,010280,주식등의대량보유상황보고서(일반),아이티센씨티에스
20250829002112,20250829,코스피,삼진제약,005500,주식등의대량보유상황보고서(일반),최승주
20250829002110,20250829,코스피,후성,093370,주식등의대량보유상황보고서(일반),김근수
20250829002103,20250829,코스피,서울식품공업,004410,주식등의대량보유상황보고서(일반),서성훈
20250829002101,20250829,코스닥,펩트론,087010,주식등의대량보유상황보고서(일반),최호일
20250829002052,20250829,코스피,아이에스동서,010780,주식등의대량보유상황보고서(일반),권혁운
20250829002027,20250829,코스닥,엠엑스로보틱스,007820,주식등의대량보유상황보고서(일반),SK
20250829002007,20250829,코스피,녹십자홀딩스,005250,주식등의대량보유상황보고서(일반),허일섭
20250829001998,20250829,코스닥,씨어스,458870,주식등의대량보유상황보고서(약식),윈베스트벤처투자
20250829001987,20250829,코스닥,디에스엠,104040,주식등의대량보유상황보고서(일반),대성엠텍
20250829001977,20250829,코스닥,다보링크,340360,주식등의대량보유상황보고서(일반),테라사이언스
20250829001975,20250829,코스닥,유비벨록스,089850,주식등의대량보유상황보고서(일반),이흥복
20250829001962,20250829,코스피,에이프로젠,007460,주식등의대량보유상황보고서(일반),지베이스
20250829001953,20250829,코스닥,그래피,318060,주식등의대량보유상황보고서(약식),액시스인베스트먼트
20250829001918,20250829,코스닥,빌리언스,044480,주식등의대량보유상황보고서(일반),휴마시스
20250829001892,20250829,코스피,에이프로젠바이오로직스,003060,주식등의대량보유상황보고서(일반),에이프로젠
20250829001884,20250829,코스피,신원,009270,주식등의대량보유상황보고서(일반),티앤엠커뮤니케이션즈
20250829001867,20250829,코스피,롯데웰푸드,280360,주식등의대량보유상황보고서(약식),브이아이피자산운용
20250829001839,20250829,코스닥,에이직랜드,445090,주식등의대량보유상황보고서(일반),이종민
20250829001802,20250829,코스닥,디에스엠,104040,주식등의대량보유상황보고서(일반),이동석
20250829001777,20250829,코스닥,알비더블유,361570,주식등의대량보유상황보고서(일반),김진우
20250829001772,20250829,코스닥,에스엠씨지,460870,주식등의대량보유상황보고서(약식),트러스톤자산운용
20250829001767,20250829,코스닥,DSC인베스트먼트,241520,주식등의대량보유상황보고서(일반),윤건수
20250829001758,20250829,코스닥,삼표시멘트,038500,주식등의대량보유상황보고서(일반),케이머스원
20250829001756,20250829,코스닥,산돌,419120,주식등의대량보유상황보고서(일반),산돌커뮤니케이션
20250829001753,20250829,코스피,전진건설로봇,079900,주식등의대량보유상황보고서(일반),모트렉스
20250829001724,20250829,코스닥,제닉,123330,주식등의대량보유상황보고서(일반),솔브레인홀딩스
20250829001682,20250829,코스닥,와이지-원,019210,주식등의대량보유상황보고서(일반),송호근
20250829001657,20250829,코스닥,우림피티에스,101170,주식등의대량보유상황보고서(일반),한규석
20250829001600,20250829,코스닥,코퍼스코리아,322780,주식등의대량보유상황보고서(일반),오영섭
20250829001495,20250829,코스닥,신성델타테크,065350,주식등의대량보유상황보고서(약식),고목델타화공
20250829001374,20250829,코스닥,이삭엔지니어링,351330,주식등의대량보유상황보고서(약식),오라이언자산운용
20250829001371,20250829,코스피,우신시스템,017370,주식등의대량보유상황보고서(일반),허우영
20250829001369,20250829,코스닥,오에스피,368970,주식등의대량보유상황보고서(약식),오라이언자산운용
20250829001214,20250829,코스닥,애드포러스,397810,주식등의대량보유상황보고서(일반),이은현
20250829001023,20250829,코스닥,오름테라퓨틱,475830,주식등의대량보유상황보고서(일반),이승주
20250829001013,20250829,코스닥,CSA 코스믹,083660,주식등의대량보유상황보고서(일반),조성아
20250829000957,20250829,코스닥,다이나믹솔루션,290660,주식등의대량보유상황보고서(약식),네오버스
20250829000923,20250829,코스닥,애드포러스,397810,주식등의대량보유상황보고서(약식),신영증권
20250829000916,20250829,코스닥,제이에스링크,127120,주식등의대량보유상황보고서(일반),주성씨앤에어
20250829000668,20250829,코스닥,재영솔루텍,049630,주식등의대량보유상황보고서(약식),김대용
20250829000445,20250829,코스피,한국종합기술,023350,주식등의대량보유상황보고서(일반),한국종합기술홀딩스
20250829000331,20250829,코스닥,노랑풍선,104620,주식등의대량보유상황보고서(약식),브이씨엠그로쓰제1호사모투자
20250829000319,20250829,코스닥,노랑풍선,104620,주식등의대량보유상황보고서(약식),브이씨엠그로쓰제1호사모투자
20250829000309,20250829,코스닥,노랑풍선,104620,주식등의대량보유상황보고서(약식),브이씨엠그로쓰제1호사모투자
20250828001554,20250829,코스닥,아스트,067390,주식등의대량보유상황보고서(일반),알파에어로
20250828001432,20250828,코스닥,금양그린파워,282720,주식등의대량보유상황보고서(일반),이윤철
20250828001391,20250828,코스닥,사토시홀딩스,223310,주식등의대량보유상황보고서(일반),메타플렉스
20250828001373,20250828,코스닥,HC홈센타,060560,주식등의대량보유상황보고서(일반),에이치씨파트너스
20250828001371,20250828,코스닥,엘티씨,170920,주식등의대량보유상황보고서(일반),최호성
20250828001348,20250828,코스닥,큐브엔터,182360,주식등의대량보유상황보고서(일반),강승곤
20250828001324,20250828,코스닥,이상네트웍스,080010,주식등의대량보유상황보고서(약식),하성일
20250828001286,20250828,코스닥,시노펙스,025320,주식등의대량보유상황보고서(일반),시노다이나믹스
20250828001167,20250828,코스닥,HLB테라퓨틱스,115450,주식등의대량보유상황보고서(일반),HLB
20250828001145,20250828,코스피,유유제약,000220,주식등의대량보유상황보고서(일반),유원상
20250828001126,20250828,코스피,코스맥스비티아이,044820,주식등의대량보유상황보고서(일반),서성석
20250828001125,20250828,코스피,사조대림,003960,주식등의대량보유상황보고서(일반),사조산업
20250828001123,20250828,코스피,현대엘리베이터,017800,주식등의대량보유상황보고서(일반),SchindlerHoldingAG
20250828001001,20250828,코스피,콘텐트리중앙,036420,주식등의대량보유상황보고서(일반),중앙피앤아이
20250828000983,20250828,코스피,한국항공우주,047810,주식등의대량보유상황보고서(약식),피델리티매니지먼트앤리서치컴퍼니엘엘씨
20250828000533,20250828,코스피,트리니티항공,091810,주식등의대량보유상황보고서(약식),DB증권
20250828000433,20250828,코스닥,오비고,352910,주식등의대량보유상황보고서(일반),장영준
20250828000407,20250828,코스닥,서울옥션,063170,주식등의대량보유상황보고서(일반),이호재
20250828000402,20250828,코스닥,콜마바이오텍,215380,주식등의대량보유상황보고서(일반),천희정
20250828000383,20250828,코스닥,콜마바이오텍,215380,주식등의대량보유상황보고서(일반),천병년
20250827000656,20250827,코스피,KR모터스,000040,주식등의대량보유상황보고서(일반),오세영
20250827000637,20250827,코스닥,유니슨,018000,주식등의대량보유상황보고서(일반),아네모이
20250827000631,20250827,코스닥,상상인,038540,주식등의대량보유상황보고서(일반),유준원
20250827000601,20250827,코스닥,블리츠웨이엔터테인먼트,369370,주식등의대량보유상황보고서(약식),컨버전스파트너스
20250827000588,20250827,코스닥,한라캐스트,125490,주식등의대량보유상황보고서(약식),아이비케이키움사업재편사모투자
20250827000584,20250827,코스닥,프로티나,468530,주식등의대량보유상황보고서(약식),LB인베스트먼트
20250827000566,20250827,코스닥,조이시티,067000,주식등의대량보유상황보고서(일반),엔드림
20250827000565,20250827,코스닥,리메드,302550,주식등의대량보유상황보고서(일반),이근용
20250827000555,20250827,코스닥,에이치브이엠,295310,주식등의대량보유상황보고서(일반),문승호
20250827000551,20250827,코스피,효성티앤씨,298020,주식등의대량보유상황보고서(일반),효성
20250827000538,20250827,코스닥,경동제약,011040,주식등의대량보유상황보고서(일반),류 기 성
20250827000535,20250827,코스닥,코디,080530,주식등의대량보유상황보고서(약식),시너지파트너스
20250827000503,20250827,코스피,동아쏘시오홀딩스,000640,주식등의대량보유상황보고서(일반),강정석
20250827000502,20250827,코스닥,수성웹툰,084180,주식등의대량보유상황보고서(일반),투믹스홀딩스
20250827000492,20250827,코스닥,삼성스팩10호,0044K0,주식등의대량보유상황보고서(일반),삼성증권
20250827000489,20250827,코스닥,큐리옥스바이오시스템즈,445680,주식등의대량보유상황보고서(일반),김남용
20250827000488,20250827,코스닥,국전,307750,주식등의대량보유상황보고서(일반),홍종호
20250827000449,20250827,코스닥,한라캐스트,125490,주식등의대량보유상황보고서(일반),엔브이메자닌플러스사모투자
20250827000444,20250827,코스피,아세아,002030,주식등의대량보유상황보고서(일반),이훈범
20250827000426,20250827,코스피,HD현대,267250,주식등의대량보유상황보고서(약식),국민연금공단
20250827000418,20250827,코스피,현대글로비스,086280,주식등의대량보유상황보고서(약식),국민연금공단
20250827000416,20250827,코스피,한국항공우주,047810,주식등의대량보유상황보고서(약식),국민연금공단
20250827000409,20250827,코스피,한화에어로스페이스,012450,주식등의대량보유상황보고서(약식),국민연금공단
20250827000407,20250827,코스피,HMM,011200,주식등의대량보유상황보고서(약식),국민연금공단
20250827000404,20250827,코스피,삼양식품,003230,주식등의대량보유상황보고서(약식),국민연금공단
20250827000400,20250827,코스피,유한양행,000100,주식등의대량보유상황보고서(약식),국민연금공단
20250827000284,20250827,코스피,화승인더스트리,006060,주식등의대량보유상황보고서(일반),현석호
20250827000269,20250827,코스닥,하이즈항공,221840,주식등의대량보유상황보고서(일반),하상헌
20250827000231,20250827,코스닥,노바렉스,194700,주식등의대량보유상황보고서(일반),권석형
20250827000218,20250827,코스피,LIG디펜스앤에어로스페이스,079550,주식등의대량보유상황보고서(일반),엘아이지
20250827000210,20250827,코스닥,로젠,033290,주식등의대량보유상황보고서(일반),대명화학
20250827000198,20250827,코스닥,리드코프,012700,주식등의대량보유상황보고서(일반),디케이마린
20250827000153,20250827,코스닥,신라섬유,001000,주식등의대량보유상황보고서(약식),김대용
20250827000090,20250827,코스닥,비스토스,419540,주식등의대량보유상황보고서(일반),이후정
20250827000085,20250827,코스피,대한해운,005880,주식등의대량보유상황보고서(일반),에스엠상선
20250827000078,20250827,코스닥,씨티케이,260930,주식등의대량보유상황보고서(일반),정인용
20250827000017,20250827,코스피,경방,000050,주식등의대량보유상황보고서(일반),김담
20250826000526,20250826,코스닥,폴라리스오피스,041020,주식등의대량보유상황보고서(일반),조성우
20250826000505,20250826,코스닥,셀루메드,049180,주식등의대량보유상황보고서(일반),프리티
20250826000497,20250826,코스닥,아스타,246720,[기재정정]주식등의대량보유상황보고서(일반),조응준
20250826000496,20250826,코스닥,아이씨에이치,368600,주식등의대량보유상황보고서(약식),에이원자산운용
20250826000493,20250826,코스닥,폰드그룹,472850,주식등의대량보유상황보고서(일반),대명화학
20250826000491,20250826,코스피,엘앤에프,066970,주식등의대량보유상황보고서(일반),새로닉스
20250826000476,20250826,코스피,GS,078930,주식등의대량보유상황보고서(일반),허창수
20250826000470,20250826,코스닥,케이프,064820,[기재정정]주식등의대량보유상황보고서(일반),템퍼스인베스트먼트
20250826000463,20250826,코스닥,오에스피,368970,주식등의대량보유상황보고서(약식),수성자산운용
20250826000459,20250826,코스피,한화,000880,주식등의대량보유상황보고서(일반),김승연
20250826000448,20250826,코스닥,위메이드,112040,주식등의대량보유상황보고서(일반),박관호
20250826000440,20250826,코스닥,강스템바이오텍,217730,주식등의대량보유상황보고서(일반),세종
20250826000436,20250826,코스닥,셀피글로벌,068940,주식등의대량보유상황보고서(일반),셀피글로벌주주1호조합
20250826000407,20250826,코스닥,인지디스플레,037330,주식등의대량보유상황보고서(일반),인지컨트롤스
20250826000386,20250826,코스닥,라온텍,418420,주식등의대량보유상황보고서(약식),대신증권
20250826000359,20250826,코스피,에코프로머티,450080,주식등의대량보유상황보고서(일반),에코프로
20250826000355,20250826,코스닥,크라우드웍스,355390,주식등의대량보유상황보고서(일반),박민우
20250826000353,20250826,코스닥,코리아에프티,123410,주식등의대량보유상황보고서(약식),브이아이피자산운용
20250826000351,20250826,코스닥,신스틸,162300,주식등의대량보유상황보고서(일반),신승곤
20250826000346,20250826,코스피,현대그린푸드,453340,주식등의대량보유상황보고서(일반),현대지에프홀딩스
20250826000345,20250826,코스닥,성호전자,043260,주식등의대량보유상황보고서(일반),서룡전자
20250826000338,20250826,코스닥,HC보광산업,225530,주식등의대량보유상황보고서(일반),HC홈센타
20250826000336,20250826,코스닥,HLB파나진,046210,주식등의대량보유상황보고서(일반),HLB
20250826000331,20250826,코스닥,루트K,195990,주식등의대량보유상황보고서(일반),폴리메쓰 투자조합
20250826000325,20250826,코스닥,오성첨단소재,052420,주식등의대량보유상황보고서(일반),이스트버건디
20250826000310,20250826,코스피,SK,034730,주식등의대량보유상황보고서(일반),최태원
20250826000307,20250826,코스닥,인스피언,465480,주식등의대량보유상황보고서(일반),최정규
20250826000301,20250826,코스닥,HLB파나진,046210,주식등의대량보유상황보고서(일반),김성기
20250826000269,20250826,코스닥,제이피아이헬스케어,0010V0,주식등의대량보유상황보고서(약식),와이제이에이헬스케어성장지원사모투자
20250826000259,20250826,코스닥,제이피아이헬스케어,0010V0,주식등의대량보유상황보고서(일반),김진국
20250826000234,20250826,코스닥,해성에어로보틱스,059270,주식등의대량보유상황보고서(일반),티피씨글로벌
20250826000226,20250826,코스닥,CSA 코스믹,083660,주식등의대량보유상황보고서(일반),조성아
20250826000190,20250826,코스닥,센서뷰,321370,주식등의대량보유상황보고서(일반),김병남
20250826000186,20250826,코스피,SK오션플랜트,100090,주식등의대량보유상황보고서(일반),송무석
20250826000138,20250826,코스피,일동홀딩스,000230,주식등의대량보유상황보고서(일반),윤원영
20250826000020,20250826,코스닥,한울소재과학,091440,주식등의대량보유상황보고서(약식),제일E&S
20250825000469,20250825,코스피,현대비앤지스틸,004560,주식등의대량보유상황보고서(일반),현대제철
20250825000466,20250825,코스닥,서한,011370,주식등의대량보유상황보고서(일반),에스에이치인베스트먼트
20250825000464,20250825,코스닥,에스와이스틸텍,365330,주식등의대량보유상황보고서(일반),에스와이
20250825000457,20250825,코스닥,삼기,122350,주식등의대량보유상황보고서(일반),김치환
20250825000451,20250825,코스닥,엔알비,475230,주식등의대량보유상황보고서(약식),우리벤처파트너스
20250825000443,20250825,코스닥,CSA 코스믹,083660,주식등의대량보유상황보고서(일반),브이핑크홀딩스
20250825000439,20250825,코스닥,CSA 코스믹,083660,주식등의대량보유상황보고서(일반),홈캐스트
20250825000435,20250825,코스닥,우리기술,032820,주식등의대량보유상황보고서(일반),노갑선
20250825000431,20250825,코스닥,파워넷,037030,주식등의대량보유상황보고서(약식),아이디어브릿지자산운용
20250825000430,20250825,코스닥,우리넷,115440,주식등의대량보유상황보고서(일반),넷솔루션즈홀딩스
20250825000420,20250825,코스닥,에어레인,163280,주식등의대량보유상황보고서(약식),하우자산운용
20250825000418,20250825,코스피,파라다이스,034230,주식등의대량보유상황보고서(일반),파라다이스글로벌
20250825000408,20250825,코스닥,드림인사이트,362990,주식등의대량보유상황보고서(일반),김기철
20250825000401,20250825,코스닥,에스엔시스,0008Z0,주식등의대량보유상황보고서(약식),삼성중공업
20250825000389,20250825,코스닥,케이프,064820,주식등의대량보유상황보고서(일반),템퍼스인베스트먼트
20250825000385,20250825,코스피,KR모터스,000040,주식등의대량보유상황보고서(일반),오세영
20250825000384,20250825,코스닥,차바이오텍,085660,주식등의대량보유상황보고서(일반),차광렬
20250825000381,20250825,코스닥,부스타,008470,주식등의대량보유상황보고서(약식),이상기
20250825000372,20250825,코스닥,강원에너지,114190,주식등의대량보유상황보고서(일반),평산파트너스
20250825000370,20250825,코스닥,셀루메드,049180,주식등의대량보유상황보고서(약식),상상인저축은행
20250825000366,20250825,코스닥,에프앤가이드,064850,주식등의대량보유상황보고서(약식),BoxHoldingsLP
20250825000363,20250825,코스닥,씨엑스아이,900120,주식등의대량보유상황보고서(일반),LIN JINSHENG
20250825000355,20250825,코스닥,모아데이타,288980,주식등의대량보유상황보고서(일반),한상진
20250825000350,20250825,코스피,SNT에너지,100840,주식등의대량보유상황보고서(일반),SNT홀딩스
20250825000340,20250825,코스닥,아이씨에이치,368600,주식등의대량보유상황보고서(약식),수성자산운용
20250825000339,20250825,코스닥,CSA 코스믹,083660,[기재정정]주식등의대량보유상황보고서(일반),홈캐스트
20250825000337,20250825,코스닥,오이솔루션,138080,주식등의대량보유상황보고서(일반),박찬
20250825000320,20250825,코스피,한세실업,105630,주식등의대량보유상황보고서(일반),한세예스24홀딩스
20250825000310,20250825,코스피,한세예스24홀딩스,016450,주식등의대량보유상황보고서(일반),김동녕
20250825000302,20250825,코스닥,비큐AI,148780,주식등의대량보유상황보고서(일반),임경환
20250825000300,20250825,코스닥,손오공,066910,주식등의대량보유상황보고서(일반),에이치케이모빌리티컴퍼니
20250825000297,20250825,코스닥,CJ프레시웨이,051500,주식등의대량보유상황보고서(약식),브이아이피자산운용
20250825000296,20250825,코스닥,티에프이,425420,주식등의대량보유상황보고서(약식),아이비케이캐피탈
20250825000293,20250825,코스닥,노바렉스,194700,주식등의대량보유상황보고서(약식),브이아이피자산운용
20250825000291,20250825,코스피,KG케미칼,001390,주식등의대량보유상황보고서(일반),케이지제로인
20250825000283,20250825,코스닥,위츠,459100,주식등의대량보유상황보고서(약식),시너지아이비투자
20250825000278,20250825,코스닥,서진시스템,178320,주식등의대량보유상황보고서(일반),전동규
20250825000269,20250825,코스닥,삐아,451250,주식등의대량보유상황보고서(일반),나우M&A투자펀드1호
20250825000268,20250825,코스닥,한라캐스트,125490,주식등의대량보유상황보고서(약식),프로디지인베스트먼트
20250825000264,20250825,코스닥,엠아이텍,179290,주식등의대량보유상황보고서(약식),조윤하
20250825000259,20250825,코스닥,청담글로벌,362320,[기재정정]주식등의대량보유상황보고서(일반),최석주
20250825000253,20250825,코스닥,대성하이텍,129920,주식등의대량보유상황보고서(일반),최호형
20250825000238,20250825,코스피,대신밸류리츠,0030R0,주식등의대량보유상황보고서(약식),에스디제사차
20250825000234,20250825,코스피,에스엠벡셀,010580,주식등의대량보유상황보고서(일반),에스엠하이플러스
20250825000225,20250825,코스닥,에스엔시스,0008Z0,주식등의대량보유상황보고서(일반),배재혁
20250825000196,20250825,코스닥,삼양컴텍,484590,주식등의대량보유상황보고서(일반),제오홀딩스
20250825000185,20250825,코스피,한솔케미칼,014680,주식등의대량보유상황보고서(일반),조동혁
20250825000147,20250825,코스닥,삼성스팩10호,0044K0,주식등의대량보유상황보고서(일반),제이비우리캐피탈
20250825000133,20250825,코스피,서흥,008490,주식등의대량보유상황보고서(약식),NorgesBank
20250825000128,20250825,코스피,조비,001550,주식등의대량보유상황보고서(일반),경농
20250825000121,20250825,코스닥,에스아이리소스,065420,주식등의대량보유상황보고서(약식),바이오수
20250825000091,20250825,코스닥,테크윙,089030,주식등의대량보유상황보고서(일반),나윤성
20250825000084,20250825,코스닥,오텍,067170,주식등의대량보유상황보고서(일반),강성희
20250825000064,20250825,코스닥,한라캐스트,125490,주식등의대량보유상황보고서(일반),오종두
20250825000054,20250825,코스닥,엠투엔,033310,주식등의대량보유상황보고서(일반),디케이마린
20250825000024,20250825,코스닥,코데즈컴바인,047770,주식등의대량보유상황보고서(약식),김대용
20250822000423,20250825,코스닥,판타지오,032800,주식등의대량보유상황보고서(일반),아티스트
20250822000420,20250822,코스닥,나노실리칸첨단소재,286750,[기재정정]주식등의대량보유상황보고서(일반),드림캐슬종합건설
20250822000412,20250822,코스닥,나노실리칸첨단소재,286750,[기재정정]주식등의대량보유상황보고서(일반),드림캐슬종합건설
20250822000406,20250822,코스닥,비나텍,126340,주식등의대량보유상황보고서(약식),미래에셋자산운용
20250822000399,20250822,코스닥,에스와이스틸텍,365330,주식등의대량보유상황보고서(일반),에스와이
20250822000391,20250822,코스닥,경남제약,053950,주식등의대량보유상황보고서(일반),미니쉬테크놀로지
20250822000385,20250822,코스닥,애드포러스,397810,주식등의대량보유상황보고서(약식),티그리스인베스트먼트
20250822000379,20250822,코스닥,에이비온,203400,주식등의대량보유상황보고서(일반),신영기
20250822000365,20250822,코스닥,젬백스,082270,주식등의대량보유상황보고서(일반),젬앤컴퍼니
20250822000347,20250822,코스닥,비씨엔씨,146320,주식등의대량보유상황보고서(일반),김돈한
20250822000327,20250822,코스닥,캐리,313760,주식등의대량보유상황보고서(약식),드림투자조합
20250822000320,20250822,코스닥,액트로,290740,주식등의대량보유상황보고서(일반),하동길
20250822000319,20250822,코스피,에이프로젠,007460,주식등의대량보유상황보고서(일반),지베이스
20250822000311,20250822,코스닥,엔투텍,227950,주식등의대량보유상황보고서(일반),몬타나 신기술조합 제72호
20250822000307,20250822,코스피,인팩,023810,주식등의대량보유상황보고서(일반),최오길
20250822000300,20250822,코스피,삼성제약,001360,주식등의대량보유상황보고서(약식),제스트 신기술조합 제72호
20250822000296,20250822,코스피,사조동아원,008040,주식등의대량보유상황보고서(일반),사조씨푸드
20250822000292,20250822,코스닥,앱토크롬,109960,주식등의대량보유상황보고서(일반),에이프로젠
20250822000290,20250822,코스닥,FSN,214270,주식등의대량보유상황보고서(약식),수성자산운용
20250822000288,20250822,코스닥,오르비텍,046120,주식등의대량보유상황보고서(일반),성진홀딩스
20250822000286,20250822,코스닥,크레버스,096240,주식등의대량보유상황보고서(일반),김영화
20250822000285,20250822,코스닥,딥노이드,315640,주식등의대량보유상황보고서(일반),최우식
20250822000277,20250822,코스닥,코나아이,052400,주식등의대량보유상황보고서(일반),조정일
20250822000275,20250822,코스피,KR모터스,000040,주식등의대량보유상황보고서(일반),오세영
20250822000268,20250822,코스피,SK이노베이션,096770,주식등의대량보유상황보고서(일반),SK
20250822000265,20250822,코스닥,에이치엠넥스,036170,주식등의대량보유상황보고서(일반),에이치엠주택관리
20250822000262,20250822,코스피,노루페인트,090350,주식등의대량보유상황보고서(일반),노루홀딩스
20250822000254,20250822,코스닥,덕산네오룩스,213420,주식등의대량보유상황보고서(일반),이수훈
20250822000251,20250822,코스피,보락,002760,주식등의대량보유상황보고서(약식),최경애
20250822000249,20250822,코스닥,푸드웰,005670,주식등의대량보유상황보고서(일반),성민겸
20250822000235,20250822,코스닥,비투엔,307870,주식등의대량보유상황보고서(일반),리본머트리얼홀딩스
20250822000234,20250822,코스닥,덕산네오룩스,213420,주식등의대량보유상황보고서(일반),이준호
20250822000233,20250822,코스닥,이녹스첨단소재,272290,주식등의대량보유상황보고서(일반),이녹스
20250822000227,20250822,코스닥,파인텍,131760,주식등의대량보유상황보고서(일반),강원일
20250822000206,20250822,코스피,씨에스윈드,112610,주식등의대량보유상황보고서(일반),김성권
20250822000181,20250822,코스닥,마이크로디지탈,305090,주식등의대량보유상황보고서(일반),김경남
20250822000148,20250822,코스닥,지투지바이오,456160,주식등의대량보유상황보고서(일반),이희용
20250822000145,20250822,코스닥,월덱스,101160,주식등의대량보유상황보고서(약식),브이아이피자산운용
20250822000095,20250822,코스닥,나노실리칸첨단소재,286750,주식등의대량보유상황보고서(일반),드림캐슬종합건설
20250822000089,20250822,코스닥,오늘이엔엠,192410,주식등의대량보유상황보고서(약식),블랙마운틴홀딩스
20250822000081,20250822,코스피,INVENI,015360,주식등의대량보유상황보고서(일반),구자은
20250822000073,20250822,코스닥,아이센스,099190,주식등의대량보유상황보고서(약식),"TempletonInvestmentCounsel,LLC"
20250822000039,20250822,코스피,블루산업개발,006740,주식등의대량보유상황보고서(일반),대양금속
20250822000023,20250822,코스닥,삼화네트웍스,046390,주식등의대량보유상황보고서(일반),신상윤
20250821000682,20250821,코스닥,에코캡,128540,주식등의대량보유상황보고서(약식),최영천
20250821000681,20250821,코스닥,파버나인,177830,주식등의대량보유상황보고서(약식),수성자산운용
20250821000663,20250821,코스닥,에코캡,128540,주식등의대량보유상황보고서(일반),김창규
20250821000642,20250821,코스닥,케이이엠텍,106080,주식등의대량보유상황보고서(일반),에이치에스홀딩스
20250821000636,20250821,코스피,DB손해보험,005830,주식등의대량보유상황보고서(일반),김준기
20250821000623,20250821,코스닥,넥사다이내믹스,351320,주식등의대량보유상황보고서(일반),글로벌씨앤디
20250821000621,20250821,코스닥,HLB제약,047920,주식등의대량보유상황보고서(일반),HLB생명과학
20250821000613,20250821,코스닥,엔켐,348370,주식등의대량보유상황보고서(일반),오정강
20250821000596,20250821,코스닥,엠케이전자,033160,주식등의대량보유상황보고서(일반),오션비홀딩스
20250821000591,20250821,코스피,삼진제약,005500,주식등의대량보유상황보고서(일반),최승주
20250821000566,20250821,코스닥,재영솔루텍,049630,주식등의대량보유상황보고서(약식),엔베스터 창해유주 오픈이노베이션펀드
20250821000540,20250821,코스닥,HLB테라퓨틱스,115450,주식등의대량보유상황보고서(일반),HLB
20250821000510,20250821,코스닥,덴티스,261200,주식등의대량보유상황보고서(일반),심기봉
20250821000508,20250821,코스닥,중앙첨단소재,051980,주식등의대량보유상황보고서(일반),광무
20250821000495,20250821,코스닥,듀오백,073190,주식등의대량보유상황보고서(약식),앨터스투자자문
20250821000492,20250821,코스피,사조씨푸드,014710,주식등의대량보유상황보고서(일반),사조산업
20250821000489,20250821,코스닥,리메드,302550,주식등의대량보유상황보고서(일반),이근용
20250821000485,20250821,코스닥,이니텍,053350,주식등의대량보유상황보고서(일반),에스제이제일차홀딩스
20250821000478,20250821,코스닥,오텍,067170,주식등의대량보유상황보고서(일반),강성희
20250821000476,20250821,코스닥,세니젠,188260,주식등의대량보유상황보고서(일반),박정웅
20250821000473,20250821,코스닥,브이씨,365900,주식등의대량보유상황보고서(일반),김준오
20250821000464,20250821,코스닥,파인디앤씨,049120,주식등의대량보유상황보고서(일반),홍성천
20250821000463,20250821,코스피,SK이노베이션,096770,주식등의대량보유상황보고서(약식),미래에셋증권
20250821000460,20250821,코스피,DN오토모티브,007340,주식등의대량보유상황보고서(일반),김상헌
20250821000444,20250821,코스닥,비투엔,307870,주식등의대량보유상황보고서(일반),엑스트윈스1호조합
20250821000382,20250821,코스닥,상신전자,263810,주식등의대량보유상황보고서(일반),미래나노텍
20250821000353,20250821,코스피,케이카,381970,주식등의대량보유상황보고서(일반),한앤코오토서비스홀딩스
20250821000181,20250821,코스닥,캐스텍코리아,071850,주식등의대량보유상황보고서(일반),윤상원
20250821000103,20250821,코스닥,엔에프씨,265740,주식등의대량보유상황보고서(일반),유우영
20250820000291,20250821,코스피,티와이홀딩스,363280,주식등의대량보유상황보고서(약식),뉴월드양산제일차
20250820000279,20250820,코스닥,이미지스,115610,주식등의대량보유상황보고서(일반),김정철
20250820000275,20250820,코스닥,파워넷,037030,주식등의대량보유상황보고서(일반),위지트
20250820000274,20250820,코스피,팬오션,028670,주식등의대량보유상황보고서(일반),하림지주
20250820000268,20250820,코스닥,TJ미디어,032540,주식등의대량보유상황보고서(일반),윤재환
20250820000263,20250820,코스닥,PS일렉트로닉스,332570,주식등의대량보유상황보고서(일반),유대규
20250820000259,20250820,코스피,SYTS,002170,주식등의대량보유상황보고서(일반),허준홍
20250820000252,20250820,코스닥,텔콘RF제약,200230,주식등의대량보유상황보고서(일반),뉴온
20250820000248,20250820,코스닥,HLB바이오스텝,278650,주식등의대량보유상황보고서(일반),HLB
20250820000247,20250820,코스피,SYTS,002170,주식등의대량보유상황보고서(일반),허남각
20250820000239,20250820,코스닥,교보18호스팩,0041B0,주식등의대량보유상황보고서(일반),키움인베스트먼트
20250820000238,20250820,코스피,TP,007980,주식등의대량보유상황보고서(일반),임석원
20250820000232,20250820,코스닥,파인엠텍,441270,주식등의대량보유상황보고서(일반),홍성천
20250820000228,20250820,코스피,동부건설,005960,주식등의대량보유상황보고서(일반),키스톤에코프라임
20250820000223,20250820,코스닥,피앤씨테크,237750,주식등의대량보유상황보고서(약식),지엔씨에너지
20250820000217,20250820,코스닥,네오이뮨텍,950220,주식등의대량보유상황보고서(일반),제넥신
20250820000216,20250820,코스닥,교보18호스팩,0041B0,[기재정정]주식등의대량보유상황보고서(일반),루스벤처스
20250820000201,20250820,코스피,한화생명,088350,주식등의대량보유상황보고서(일반),한화
20250820000198,20250820,코스피,HD현대마린엔진,071970,주식등의대량보유상황보고서(일반),HD한국조선해양
20250820000183,20250820,코스피,대동,000490,주식등의대량보유상황보고서(일반),김준식
20250820000182,20250820,코스닥,대동기어,008830,주식등의대량보유상황보고서(일반),대동
20250820000172,20250820,코스닥,교보18호스팩,0041B0,주식등의대량보유상황보고서(일반),교보증권
20250820000164,20250820,코스닥,교보18호스팩,0041B0,주식등의대량보유상황보고서(일반),"디앤에스아이홀딩스(DnSIHoldingsCO.,LTD.)"
20250820000162,20250820,코스피,진원생명과학,011000,주식등의대량보유상황보고서(일반),박영근
20250820000152,20250820,코스닥,동일기연,032960,주식등의대량보유상황보고서(일반),손동준
20250820000138,20250820,코스닥,대화제약,067080,주식등의대량보유상황보고서(일반),고준진
20250820000128,20250820,코스닥,그리티,204020,주식등의대량보유상황보고서(약식),김인환
20250820000126,20250820,코스닥,강동씨앤엘,198440,주식등의대량보유상황보고서(일반),강대완
20250820000125,20250820,코스닥,지니언스,263860,주식등의대량보유상황보고서(약식),MORGANSTANLEY&COINTLPLC
20250820000120,20250820,코스닥,알에프텍,061040,주식등의대량보유상황보고서(일반),알에프스탠다드
20250820000119,20250820,코스닥,센코,347000,주식등의대량보유상황보고서(일반),하승철
20250820000115,20250820,코스닥,티에스넥스젠,043220,주식등의대량보유상황보고서(일반),시스코바이오투자조합
20250820000102,20250820,코스닥,재영솔루텍,049630,주식등의대량보유상황보고서(약식),김대용
20250820000093,20250820,코스닥,로젠,033290,주식등의대량보유상황보고서(일반),대명화학
20250820000089,20250820,코스닥,다이나믹솔루션,290660,주식등의대량보유상황보고서(약식),청담메디케어1호신기술조합
20250820000078,20250820,코스닥,미래나노텍,095500,주식등의대량보유상황보고서(일반),김철영
20250820000029,20250820,코스닥,교보18호스팩,0041B0,주식등의대량보유상황보고서(일반),루스벤처스
20250819000292,20250819,코스닥,루트K,195990,주식등의대량보유상황보고서(일반),폴리메쓰 투자조합
20250819000289,20250819,코스닥,센코,347000,주식등의대량보유상황보고서(일반),티에스 2024-16 M&A 성장조합
20250819000285,20250819,코스피,카카오페이,377300,주식등의대량보유상황보고서(일반),카카오
20250819000277,20250819,코스닥,꿈비,407400,주식등의대량보유상황보고서(일반),박영건
20250819000267,20250819,코스닥,엘티씨,170920,주식등의대량보유상황보고서(약식),수성자산운용
20250819000266,20250819,코스피,대림통상,006570,주식등의대량보유상황보고서(일반),디앤디파트너스
20250819000255,20250819,코스피,셀트리온,068270,주식등의대량보유상황보고서(일반),셀트리온홀딩스
20250819000253,20250819,코스닥,올릭스,226950,주식등의대량보유상황보고서(일반),이동기
20250819000251,20250819,코스닥,에스앤에스텍,101490,주식등의대량보유상황보고서(약식),미래에셋자산운용
20250819000244,20250819,코스닥,인터로조,119610,주식등의대량보유상황보고서(일반),노시철
20250819000243,20250819,코스피,현대모비스,012330,주식등의대량보유상황보고서(일반),기아
20250819000242,20250819,코스닥,싸이맥스,160980,주식등의대량보유상황보고서(일반),인지컨트롤스
20250819000239,20250819,코스닥,국전,307750,주식등의대량보유상황보고서(일반),홍종호
20250819000235,20250819,코스닥,지투지바이오,456160,주식등의대량보유상황보고서(약식),에이티넘인베스트
20250819000234,20250819,코스피,인지컨트롤스,023800,주식등의대량보유상황보고서(일반),정구용
20250819000225,20250819,코스피,다우기술,023590,주식등의대량보유상황보고서(일반),다우데이타
20250819000223,20250819,코스피,미래에셋생명,085620,주식등의대량보유상황보고서(일반),미래에셋증권
20250819000214,20250819,코스닥,에코프로,086520,주식등의대량보유상황보고서(일반),이동채
20250819000206,20250819,코스닥,위메이드맥스,101730,주식등의대량보유상황보고서(일반),위메이드
20250819000205,20250819,코스닥,에코프로비엠,247540,주식등의대량보유상황보고서(일반),에코프로
20250819000198,20250819,코스닥,나노실리칸첨단소재,286750,주식등의대량보유상황보고서(일반),드림캐슬종합건설
20250819000197,20250819,코스닥,콜마비앤에이치,200130,주식등의대량보유상황보고서(일반),콜마홀딩스
20250819000182,20250819,코스닥,엔젠바이오,354200,주식등의대량보유상황보고서(일반),에스에이치헬스케어투자1호조합
20250819000178,20250819,코스닥,태성,323280,주식등의대량보유상황보고서(일반),김종학
20250819000160,20250819,코스피,한국제지,027970,주식등의대량보유상황보고서(일반),해성산업
20250819000155,20250819,코스닥,오성첨단소재,052420,주식등의대량보유상황보고서(일반),이스트버건디
20250819000151,20250819,코스닥,현대바이오,048410,주식등의대량보유상황보고서(일반),씨앤팜
20250819000125,20250819,코스닥,서희건설,035890,주식등의대량보유상황보고서(일반),이봉관
20250819000114,20250819,코스피,에스엠벡셀,010580,주식등의대량보유상황보고서(일반),에스엠하이플러스
20250819000100,20250819,코스닥,모다이노칩,080420,주식등의대량보유상황보고서(일반),대명화학
20250819000083,20250819,코스닥,오텍,067170,주식등의대량보유상황보고서(일반),강성희
20250819000079,20250819,코스닥,노바텍,285490,주식등의대량보유상황보고서(일반),오춘택
20250819000075,20250819,코스닥,리드코프,012700,주식등의대량보유상황보고서(일반),디케이마린
20250818000232,20250818,코스닥,대산F&B,065150,주식등의대량보유상황보고서(약식),비에프랩스
20250818000212,20250818,코스닥,센코,347000,주식등의대량보유상황보고서(일반),하승철
20250818000201,20250818,코스피,STX엔진,077970,주식등의대량보유상황보고서(일반),유암코기업리바운스제팔차기업재무안정사모투자
20250818000200,20250818,코스피,코스모화학,005420,주식등의대량보유상황보고서(일반),코스모앤컴퍼니
20250818000185,20250818,코스닥,티케이케미칼,104480,주식등의대량보유상황보고서(일반),에스엠인더스트리
20250818000182,20250818,코스피,화승코퍼레이션,013520,주식등의대량보유상황보고서(일반),현지호
20250818000178,20250818,코스닥,텔콘RF제약,200230,주식등의대량보유상황보고서(일반),뉴온
20250818000173,20250818,코스피,시알홀딩스,000480,주식등의대량보유상황보고서(일반),이인옥
20250818000165,20250818,코스닥,위메이드,112040,주식등의대량보유상황보고서(일반),박관호
20250818000162,20250818,코스닥,캐스텍코리아,071850,주식등의대량보유상황보고서(일반),이학철
20250818000160,20250818,코스피,차AI헬스케어,025620,주식등의대량보유상황보고서(일반),메타엑스1호조합
20250818000158,20250818,코스닥,교보18호스팩,0041B0,주식등의대량보유상황보고서(일반),제이비우리캐피탈
20250818000157,20250818,코스닥,메카로,241770,주식등의대량보유상황보고서(일반),이재정
20250818000152,20250818,코스닥,씨이랩,189330,주식등의대량보유상황보고서(일반),이우영
20250818000138,20250818,코스피,달바글로벌,483650,주식등의대량보유상황보고서(일반),반성연
20250818000133,20250818,코스피,SK디스커버리,006120,주식등의대량보유상황보고서(일반),최창원
20250818000124,20250818,코스피,SK가스,018670,주식등의대량보유상황보고서(일반),SK디스커버리
20250818000119,20250818,코스피,신원,009270,주식등의대량보유상황보고서(일반),다리우스엔
20250818000101,20250818,코스닥,더네이쳐홀딩스,298540,주식등의대량보유상황보고서(일반),박영준
20250818000089,20250818,코스닥,동성화인텍,033500,주식등의대량보유상황보고서(약식),MORGANSTANLEY&COINTLPLC
20250818000028,20250818,코스닥,한일단조,024740,주식등의대량보유상황보고서(일반),홍진산업
20250818000027,20250818,코스닥,다이나믹솔루션,290660,주식등의대량보유상황보고서(일반),비넷
20250818000026,20250818,코스피,화승인더스트리,006060,주식등의대량보유상황보고서(일반),현석호
20250814004468,20250814,코스피,만호제강,001080,[기재정정]주식등의대량보유상황보고서(일반),엠케이에셋
20250814004432,20250814,코스닥,엑스큐어,070300,주식등의대량보유상황보고서(일반),브이에스티디(VSTD)투자조합
20250814004397,20250814,코스피,동화약품,000020,주식등의대량보유상황보고서(일반),윤도준
20250814004379,20250814,코스피,만호제강,001080,주식등의대량보유상황보고서(일반),엠케이에셋
20250814004278,20250814,코스닥,아이티켐,309710,주식등의대량보유상황보고서(일반),큐인베스트먼트
20250814004199,20250814,코스닥,와이바이오로직스,338840,주식등의대량보유상황보고서(약식),아주IB투자
20250814004144,20250814,코스피,삼성전자,005930,주식등의대량보유상황보고서(일반),삼성물산
20250814004089,20250814,코스닥,한컴,030520,주식등의대량보유상황보고서(일반),한컴위드
20250814004072,20250814,코스피,한진칼,180640,주식등의대량보유상황보고서(일반),조원태
20250814004042,20250814,코스피,웅진,016880,주식등의대량보유상황보고서(일반),윤새봄
20250814003982,20250814,코스피,달바글로벌,483650,주식등의대량보유상황보고서(약식),우리벤처파트너스
20250814003741,20250814,코스닥,바이오스마트,038460,주식등의대량보유상황보고서(일반),박혜린
20250814003614,20250814,코스닥,다이나믹솔루션,290660,주식등의대량보유상황보고서(약식),스칸디 신기술조합 제278호
20250814003594,20250814,코스닥,엑시온그룹,069920,주식등의대량보유상황보고서(일반),이노파이안
20250814003576,20250814,코스닥,빌리언스,044480,주식등의대량보유상황보고서(일반),휴마시스
20250814003521,20250814,코스닥,지슨,446840,주식등의대량보유상황보고서(약식),에이씨피씨
20250814003410,20250814,코스닥,큐브엔터,182360,주식등의대량보유상황보고서(일반),강승곤
20250814003294,20250814,코스닥,프롬바이오,377220,주식등의대량보유상황보고서(일반),심태진
20250814003112,20250814,코스피,엘브이엠씨,900140,주식등의대량보유상황보고서(일반),오세영
20250814003095,20250814,코스닥,넵튠,217270,주식등의대량보유상황보고서(일반),크래프톤
20250814002970,20250814,코스피,한국토지신탁,034830,주식등의대량보유상황보고서(일반),엠케이인베스트먼트
20250814002956,20250814,코스닥,다이나믹솔루션,290660,주식등의대량보유상황보고서(약식),엘엑스위드윈투자조합1호
20250814002777,20250814,코스닥,재영솔루텍,049630,주식등의대량보유상황보고서(약식),무림캐피탈
20250814002699,20250814,코스닥,다원넥스뷰,323350,주식등의대량보유상황보고서(일반),다원시스
20250814002680,20250814,코스닥,조이웍스앤코,309930,주식등의대량보유상황보고서(약식),상상인저축은행
20250814002667,20250814,코스피,DB하이텍,000990,주식등의대량보유상황보고서(일반),DB
20250814002626,20250814,코스피,HJ중공업,097230,주식등의대량보유상황보고서(일반),에코프라임마린퍼시픽
20250814002534,20250814,코스닥,아이티켐,309710,주식등의대량보유상황보고서(약식),파라투스혁신성장엠앤에이사모투자
20250814002505,20250814,코스닥,동일스틸럭스,023790,주식등의대량보유상황보고서(일반),장인화
20250814002500,20250814,코스닥,파수AI,150900,주식등의대량보유상황보고서(일반),조규곤
20250814002456,20250814,코스닥,인트론바이오,048530,주식등의대량보유상황보고서(일반),윤성준
20250814002451,20250814,코스닥,신스틸,162300,주식등의대량보유상황보고서(일반),신승곤
20250814002147,20250814,코스닥,코퍼스코리아,322780,주식등의대량보유상황보고서(일반),오영섭
20250814001863,20250814,코스피,디아이씨,092200,주식등의대량보유상황보고서(일반),김성문
20250814001844,20250814,코스닥,다이나믹솔루션,290660,주식등의대량보유상황보고서(일반),페타필드
20250814001768,20250814,코스피,애경산업,018250,주식등의대량보유상황보고서(일반),AK홀딩스
20250814001720,20250814,코스피,동아지질,028100,[기재정정]주식등의대량보유상황보고서(일반),이정우
20250814001577,20250814,코스피,동아지질,028100,주식등의대량보유상황보고서(일반),이정우
20250814001566,20250814,코스닥,케이엔제이,272110,주식등의대량보유상황보고서(일반),심호섭
20250814001512,20250814,코스닥,알파칩스,117670,주식등의대량보유상황보고서(일반),엔스넷
20250814001254,20250814,코스닥,와이즈버즈,273060,주식등의대량보유상황보고서(일반),한국정보인증
20250814001151,20250814,코스닥,태웅로직스,124560,주식등의대량보유상황보고서(일반),한재동
20250814001136,20250814,코스닥,오늘이엔엠,192410,주식등의대량보유상황보고서(약식),벡셀1호투자조합
20250814001097,20250814,코스닥,성호전자,043260,주식등의대량보유상황보고서(일반),서룡전자
20250814001012,20250814,코스닥,엠투엔,033310,주식등의대량보유상황보고서(일반),디케이마린
20250814000990,20250814,코스닥,남화토건,091590,주식등의대량보유상황보고서(일반),최재훈
20250814000840,20250814,코스피,제이알글로벌리츠,348950,주식등의대량보유상황보고서(약식),삼성자산운용
20250814000773,20250814,코스피,동성제약,002210,[기재정정]주식등의대량보유상황보고서(일반),나원균
20250814000701,20250814,코스닥,앱코,129890,주식등의대량보유상황보고서(일반),오광근
20250814000604,20250814,코스닥,플레이위드,023770,주식등의대량보유상황보고서(일반),드림아크코리아
20250814000520,20250814,코스피,NH투자증권,005940,주식등의대량보유상황보고서(일반),농협금융지주
20250813001562,20250813,코스피,우성,006980,주식등의대량보유상황보고서(일반),정보연
20250813001547,20250813,코스닥,빛과전자,069540,주식등의대량보유상황보고서(일반),라이트론홀딩스
20250813001543,20250813,코스피,오리온,271560,주식등의대량보유상황보고서(일반),오리온홀딩스
20250813001522,20250813,코스닥,에스오에스랩,464080,주식등의대량보유상황보고서(약식),비엔비자산운용
20250813001520,20250813,코스닥,SAMG엔터,419530,주식등의대량보유상황보고서(약식),J.P.MORGANSECURITIESPLC
20250813001477,20250813,코스닥,우림피티에스,101170,주식등의대량보유상황보고서(일반),한규석
20250813001427,20250813,코스피,국제약품,002720,주식등의대량보유상황보고서(일반),남영우
20250813001400,20250813,코스피,대림통상,006570,주식등의대량보유상황보고서(일반),디앤디파트너스
20250813001347,20250813,코스피,에스엠벡셀,010580,주식등의대량보유상황보고서(일반),에스엠하이플러스
20250813001333,20250813,코스피,한창제지,009460,주식등의대량보유상황보고서(약식),라이노스자산운용
20250813001307,20250813,코스피,아이에스동서,010780,주식등의대량보유상황보고서(일반),권혁운
20250813001286,20250813,코스피,NICE,034310,주식등의대량보유상황보고서(일반),김원우
20250813001226,20250813,코스닥,저스템,417840,[기재정정]주식등의대량보유상황보고서(일반),임영진
20250813001178,20250813,코스닥,카페24,042000,주식등의대량보유상황보고서(일반),우창균
20250813001166,20250813,코스닥,모다이노칩,080420,주식등의대량보유상황보고서(일반),대명화학
20250813001131,20250813,코스닥,파버나인,177830,주식등의대량보유상황보고서(일반),이제훈
20250813001060,20250813,코스닥,삼보모터스,053700,주식등의대량보유상황보고서(약식),메리츠-대아 신기술투자조합 제1호
20250813001055,20250813,코스피,한창제지,009460,주식등의대량보유상황보고서(약식),수성자산운용
20250813001021,20250813,코스닥,아난티,025980,주식등의대량보유상황보고서(약식),르네상스자산운용
20250813001009,20250813,코스피,미원화학,134380,주식등의대량보유상황보고서(일반),김정돈
20250813000850,20250813,코스닥,코닉오토메이션,391710,주식등의대량보유상황보고서(일반),APS
20250813000834,20250813,코스피,금강공업,014280,주식등의대량보유상황보고서(일반),안영순
20250813000680,20250813,코스닥,아나패스,123860,주식등의대량보유상황보고서(일반),이경호
20250813000679,20250813,코스닥,수성웹툰,084180,주식등의대량보유상황보고서(일반),투믹스홀딩스
20250813000589,20250813,코스닥,SG,255220,주식등의대량보유상황보고서(일반),박창호
20250813000360,20250813,코스닥,대진첨단소재,393970,주식등의대량보유상황보고서(약식),오라이언자산운용
20250813000207,20250813,코스피,HS화성,002460,주식등의대량보유상황보고서(일반),이인중
20250813000103,20250813,코스닥,피에스케이홀딩스,031980,주식등의대량보유상황보고서(일반),박경수
20250813000043,20250813,코스닥,서진시스템,178320,주식등의대량보유상황보고서(일반),전동규
20250812000842,20250813,코스닥,수성웹툰,084180,[기재정정]주식등의대량보유상황보고서(일반),투믹스홀딩스
20250812000794,20250812,코스피,한화리츠,451800,주식등의대량보유상황보고서(일반),코람코주택도시기금위탁관리부동산투자회사
20250812000783,20250812,코스피,디앤디플랫폼리츠,377190,주식등의대량보유상황보고서(일반),코람코주택도시기금위탁관리부동산투자회사
20250812000771,20250812,코스닥,나노신소재,121600,주식등의대량보유상황보고서(일반),박장우
20250812000678,20250812,코스피,노루홀딩스,000320,주식등의대량보유상황보고서(약식),케이씨씨
20250812000624,20250812,코스닥,위메이드맥스,101730,주식등의대량보유상황보고서(일반),위메이드
20250812000609,20250812,코스닥,에이치엠넥스,036170,주식등의대량보유상황보고서(일반),에이치엠주택관리
20250812000604,20250812,코스피,삼양식품,003230,주식등의대량보유상황보고서(일반),삼양라운드스퀘어
20250812000535,20250812,코스닥,이스트에이드,239340,주식등의대량보유상황보고서(일반),이스트소프트
20250812000532,20250812,코스닥,쿠콘,294570,주식등의대량보유상황보고서(일반),장영환
20250812000520,20250812,코스닥,파라택시스코리아,288330,주식등의대량보유상황보고서(일반),PARATAXISKOREAFUNDILLC
20250812000432,20250812,코스닥,아이비김영,339950,주식등의대량보유상황보고서(일반),메가스터디교육
20250812000410,20250812,코스닥,애드바이오텍,179530,주식등의대량보유상황보고서(약식),골든코어1호
20250812000232,20250812,코스피,조비,001550,주식등의대량보유상황보고서(일반),경농
20250812000133,20250812,코스닥,경동제약,011040,주식등의대량보유상황보고서(일반),류 기 성
20250812000060,20250812,코스닥,아이패밀리에스씨,114840,주식등의대량보유상황보고서(일반),김태욱
20250812000031,20250812,코스닥,와이즈버즈,273060,주식등의대량보유상황보고서(약식),키움인베스트먼트
20250811000577,20250811,코스닥,천보,278280,주식등의대량보유상황보고서(약식),케이비증권
20250811000572,20250811,코스닥,리메드,302550,주식등의대량보유상황보고서(일반),이근용
20250811000568,20250811,코스닥,씨엑스아이,900120,주식등의대량보유상황보고서(일반),CHEN AIZHU
20250811000551,20250811,코스피,SK아이이테크놀로지,361610,주식등의대량보유상황보고서(약식),미래에셋증권
20250811000521,20250811,코스닥,지에프씨생명과학,388610,주식등의대량보유상황보고서(약식),아주IB투자
20250811000515,20250811,코스닥,디에스케이,109740,주식등의대량보유상황보고서(일반),시너지이노베이션
20250811000508,20250811,코스피,한화비전,489790,주식등의대량보유상황보고서(약식),OrbisInvestmentManagementLimited
20250811000498,20250811,코스닥,영림원소프트랩,060850,주식등의대량보유상황보고서(일반),권영범
20250811000494,20250811,코스닥,페니트리움바이오,187660,주식등의대량보유상황보고서(약식),상상인저축은행
20250811000483,20250811,코스닥,저스템,417840,주식등의대량보유상황보고서(일반),임영진
20250811000471,20250811,코스닥,엠젠솔루션,032790,주식등의대량보유상황보고서(약식),상상인저축은행
20250811000466,20250811,코스닥,씨큐브,101240,주식등의대량보유상황보고서(약식),상상인저축은행
20250811000464,20250811,코스닥,그리티,204020,주식등의대량보유상황보고서(약식),차진유
20250811000460,20250811,코스닥,SCL사이언스,246960,주식등의대량보유상황보고서(일반),에스씨엘홀딩스
20250811000456,20250811,코스피,대호에이엘,069460,주식등의대량보유상황보고서(약식),상상인저축은행
20250811000432,20250811,코스닥,에이비온,203400,주식등의대량보유상황보고서(약식),상상인저축은행
20250811000427,20250811,코스닥,신테카바이오,226330,주식등의대량보유상황보고서(약식),한국투자파트너스
20250811000398,20250811,코스피,SNT홀딩스,036530,주식등의대량보유상황보고서(일반),최평규
20250811000303,20250811,코스닥,시공테크,020710,주식등의대량보유상황보고서(일반),박기석
20250811000255,20250811,코스닥,알파AI,043100,주식등의대량보유상황보고서(일반),에이아이홀딩스컴퍼니
20250811000239,20250811,코스피,SK스퀘어,402340,주식등의대량보유상황보고서(약식),MacquarieInvestmentManagementBusinessTrust
20250811000221,20250811,코스닥,알파AI,043100,주식등의대량보유상황보고서(일반),에이아이홀딩스컴퍼니
20250811000202,20250811,코스닥,우림피티에스,101170,주식등의대량보유상황보고서(일반),한규석
20250811000178,20250811,코스피,코람코라이프인프라리츠,357120,주식등의대량보유상황보고서(약식),삼성자산운용
20250811000175,20250811,코스피,경농,002100,주식등의대량보유상황보고서(일반),이용진
20250811000152,20250811,코스닥,진바이오텍,086060,주식등의대량보유상황보고서(일반),김성호
20250811000046,20250811,코스닥,하나35호스팩,0041L0,주식등의대량보유상황보고서(일반),하나증권
20250808000638,20250811,코스피,케이탑리츠,145270,주식등의대량보유상황보고서(약식),김철
20250808000632,20250808,코스닥,캔버스엔,210120,주식등의대량보유상황보고서(약식),케이에스투자조합
20250808000631,20250808,코스피,SNT에너지,100840,주식등의대량보유상황보고서(일반),SNT홀딩스
20250808000629,20250808,코스닥,푸드나무,290720,주식등의대량보유상황보고서(일반),온힐파트너스
20250808000628,20250808,코스닥,지놈앤컴퍼니,314130,주식등의대량보유상황보고서(약식),한국투자파트너스
20250808000626,20250808,코스닥,뉴온,123840,주식등의대량보유상황보고서(일반),케이피엠테크
20250808000618,20250808,코스닥,앤로보틱스,138360,주식등의대량보유상황보고서(약식),고센인베스트먼트
20250808000614,20250808,코스닥,퀀타매트릭스,317690,주식등의대량보유상황보고서(약식),타이거자산운용투자일임
20250808000603,20250808,코스피,한진칼,180640,주식등의대량보유상황보고서(일반),조원태
20250808000592,20250808,코스닥,캔버스엔,210120,주식등의대량보유상황보고서(약식),제이아이투자조합
20250808000589,20250808,코스닥,바이오다인,314930,주식등의대량보유상황보고서(일반),임욱빈
20250808000585,20250808,코스닥,큐브엔터,182360,주식등의대량보유상황보고서(일반),강승곤
20250808000584,20250808,코스피,SNT에너지,100840,주식등의대량보유상황보고서(약식),파이프솔루션3호
20250808000574,20250808,코스닥,감성코퍼레이션,036620,주식등의대량보유상황보고서(일반),김호선
20250808000573,20250808,코스피,디와이파워,210540,주식등의대량보유상황보고서(약식),브이아이피자산운용
20250808000572,20250808,코스닥,하이퍼코퍼레이션,065650,주식등의대량보유상황보고서(약식),버덴트아우룸1호투자조합
20250808000570,20250808,코스피,풍산홀딩스,005810,주식등의대량보유상황보고서(약식),브이아이피자산운용
20250808000568,20250808,코스닥,에스엠씨지,460870,주식등의대량보유상황보고서(일반),최승호
20250808000559,20250808,코스피,LS,006260,주식등의대량보유상황보고서(일반),구자열
20250808000557,20250808,코스닥,코텍,052330,주식등의대량보유상황보고서(약식),대신-뉴젠 신기술투자조합 제2호
20250808000548,20250808,코스닥,엠케이전자,033160,주식등의대량보유상황보고서(일반),오션비홀딩스
20250808000545,20250808,코스닥,SGA솔루션즈,184230,주식등의대량보유상황보고서(약식),시너지아이비투자
20250808000542,20250808,코스닥,뷰웍스,100120,주식등의대량보유상황보고서(약식),베어링자산운용
20250808000536,20250808,코스닥,티씨케이,064760,주식등의대량보유상황보고서(약식),베어링자산운용
20250808000529,20250808,코스피,우신시스템,017370,주식등의대량보유상황보고서(일반),허우영
20250808000525,20250808,코스닥,디티앤씨알오,383930,주식등의대량보유상황보고서(일반),디티앤씨
20250808000523,20250808,코스닥,화일약품,061250,주식등의대량보유상황보고서(일반),오성첨단소재
20250808000512,20250808,코스닥,화일약품,061250,[기재정정]주식등의대량보유상황보고서(일반),오성첨단소재
20250808000511,20250808,코스닥,시선AI,340810,주식등의대량보유상황보고서(약식),에이아이피자산운용
20250808000509,20250808,코스닥,이엠앤아이,083470,주식등의대량보유상황보고서(약식),시너지투자자문
20250808000504,20250808,코스피,삼성E&A,028050,주식등의대량보유상황보고서(약식),BlackRockFundAdvisors
20250808000503,20250808,코스피,신원,009270,주식등의대량보유상황보고서(일반),티앤엠커뮤니케이션즈
20250808000496,20250808,코스피,사조오양,006090,주식등의대량보유상황보고서(일반),사조대림
20250808000494,20250808,코스닥,솔브레인홀딩스,036830,주식등의대량보유상황보고서(일반),정지완
20250808000492,20250808,코스닥,앱튼,270520,주식등의대량보유상황보고서(약식),아름드리코퍼레이션
20250808000486,20250808,코스닥,솔브레인,357780,주식등의대량보유상황보고서(일반),정지완
20250808000481,20250808,코스피,백산,035150,주식등의대량보유상황보고서(약식),브이아이피자산운용
20250808000476,20250808,코스닥,피에이치에이,043370,주식등의대량보유상황보고서(약식),브이아이피자산운용
20250808000473,20250808,코스닥,아이비김영,339950,주식등의대량보유상황보고서(일반),메가스터디교육
20250808000471,20250808,코스닥,휴메딕스,200670,주식등의대량보유상황보고서(약식),브이아이피자산운용
20250808000465,20250808,코스닥,더블유에스아이,299170,주식등의대량보유상황보고서(약식),라이프자산운용
20250808000449,20250808,코스닥,포커스에이아이,331380,주식등의대량보유상황보고서(약식),박성일
20250808000421,20250808,코스닥,아스트,067390,주식등의대량보유상황보고서(일반),신한에스케이에스기업재무안정사모투자
20250808000415,20250808,코스닥,엑스페릭스,317770,[기재정정]주식등의대량보유상황보고서(일반),윤상철
20250808000409,20250808,코스닥,엑스페릭스,317770,[기재정정]주식등의대량보유상황보고서(일반),윤상철
20250808000403,20250808,코스닥,글로벌텍스프리,204620,주식등의대량보유상황보고서(일반),문양근
20250808000373,20250808,코스닥,엘디티,096870,주식등의대량보유상황보고서(일반),티에스이
20250808000369,20250808,코스피,이지스밸류플러스리츠,334890,주식등의대량보유상황보고서(약식),코람코자산운용
20250808000355,20250808,코스피,ESR켄달스퀘어리츠,365550,주식등의대량보유상황보고서(약식),코람코자산운용
20250808000346,20250808,코스피,동원산업,006040,주식등의대량보유상황보고서(일반),김남정
20250808000335,20250808,코스닥,씨앤투스,352700,주식등의대량보유상황보고서(일반),하춘욱
20250808000325,20250808,코스피,신흥,004080,주식등의대량보유상황보고서(일반),이용익
20250808000306,20250808,코스닥,오름테라퓨틱,475830,주식등의대량보유상황보고서(일반),이승주
20250808000297,20250808,코스닥,오름테라퓨틱,475830,[기재정정]주식등의대량보유상황보고서(일반),이승주
20250808000215,20250808,코스닥,EG,037370,주식등의대량보유상황보고서(일반),박지만
20250808000201,20250808,코스피,삼성E&A,028050,주식등의대량보유상황보고서(약식),인베스코에셋매니지먼트리미티드
20250808000153,20250808,코스닥,하나35호스팩,0041L0,주식등의대량보유상황보고서(일반),제이비우리캐피탈
20250808000089,20250808,코스닥,티엑스알로보틱스,484810,주식등의대량보유상황보고서(약식),디티앤인베스트먼트
20250808000054,20250808,코스피,엔피씨,004250,주식등의대량보유상황보고서(일반),임익성
20250808000044,20250808,코스닥,티쓰리,204610,주식등의대량보유상황보고서(일반),김기영
20250808000034,20250808,코스닥,하나35호스팩,0041L0,주식등의대량보유상황보고서(일반),엠에프씨
20250807000385,20250808,코스닥,에스앤더블류,103230,주식등의대량보유상황보고서(일반),정화섭
20250807000374,20250807,코스닥,청담글로벌,362320,주식등의대량보유상황보고서(일반),최석주
20250807000353,20250807,코스닥,지놈앤컴퍼니,314130,주식등의대량보유상황보고서(일반),배지수
20250807000344,20250807,코스닥,SAMG엔터,419530,주식등의대량보유상황보고서(약식),MORGANSTANLEY&COINTLPLC
20250807000337,20250807,코스닥,센코,347000,[기재정정]주식등의대량보유상황보고서(일반),티에스 2024-16 M&A 성장조합
20250807000332,20250807,코스닥,한국파마,032300,주식등의대량보유상황보고서(일반),박은희
20250807000297,20250807,코스피,콜마홀딩스,024720,주식등의대량보유상황보고서(일반),윤상현
20250807000296,20250807,코스닥,한성크린텍,066980,주식등의대량보유상황보고서(일반),제이에스아이컴퍼니
20250807000290,20250807,코스닥,성호전자,043260,주식등의대량보유상황보고서(일반),서룡전자
20250807000284,20250807,코스피,에스엠벡셀,010580,주식등의대량보유상황보고서(일반),에스엠하이플러스
20250807000283,20250807,코스피,현대엘리베이터,017800,주식등의대량보유상황보고서(일반),SchindlerHoldingAG
20250807000270,20250807,코스닥,아이티켐,309710,주식등의대량보유상황보고서(약식),오큘러스제1호사모투자
20250807000266,20250807,코스닥,아이윈,090150,주식등의대량보유상황보고서(일반),신규진
20250807000258,20250807,코스닥,SOOP,067160,주식등의대량보유상황보고서(약식),UBSAG
20250807000254,20250807,코스닥,유일로보틱스,388720,주식등의대량보유상황보고서(일반),김동헌
20250807000250,20250807,코스닥,파인엠텍,441270,주식등의대량보유상황보고서(일반),홍성천
20250807000245,20250807,코스닥,롤링스톤,214610,주식등의대량보유상황보고서(약식),김우찬
20250807000235,20250807,코스닥,아우토크립트,331740,주식등의대량보유상황보고서(약식),코리아에셋투자증권
20250807000231,20250807,코스피,다올투자증권,030210,주식등의대량보유상황보고서(약식),케이프투자증권
20250807000226,20250807,코스피,동국홀딩스,001230,주식등의대량보유상황보고서(일반),장세주
20250807000221,20250807,코스닥,대한뉴팜,054670,주식등의대량보유상황보고서(일반),이완진
20250807000208,20250807,코스피,유엔젤,072130,주식등의대량보유상황보고서(일반),박지향
20250807000200,20250807,코스피,JB금융지주,175330,주식등의대량보유상황보고서(약식),오케이저축은행
20250807000188,20250807,코스피,iM금융지주,139130,주식등의대량보유상황보고서(약식),오케이저축은행
20250807000178,20250807,코스닥,스마트레이더시스템,424960,주식등의대량보유상황보고서(일반),김용환
20250807000173,20250807,코스닥,쓰리에이로직스,177900,주식등의대량보유상황보고서(일반),박광범
20250807000160,20250807,코스닥,라닉스,317120,주식등의대량보유상황보고서(약식),에스피자산운용
20250807000151,20250807,코스닥,누리플렉스,040160,주식등의대량보유상황보고서(일반),NuriFlexHoldingsINC
20250807000138,20250807,코스닥,비투엔,307870,주식등의대량보유상황보고서(약식),조광원
20250807000118,20250807,코스피,대한조선,439260,주식등의대량보유상황보고서(일반),케이에이치아이
20250807000110,20250807,코스닥,오텍,067170,주식등의대량보유상황보고서(일반),강성희
20250807000102,20250807,코스닥,태웅로직스,124560,주식등의대량보유상황보고서(일반),한재동
20250807000099,20250807,코스피,INVENI,015360,주식등의대량보유상황보고서(일반),구자은
20250807000088,20250807,코스피,아모레퍼시픽홀딩스,002790,주식등의대량보유상황보고서(일반),서경배
20250807000075,20250807,코스닥,엔바이오니아,317870,주식등의대량보유상황보고서(일반),한정철
20250807000073,20250807,코스닥,하나35호스팩,0041L0,주식등의대량보유상황보고서(약식),더네이쳐홀딩스인베스트먼트
20250807000039,20250807,코스닥,티에스이,131290,주식등의대량보유상황보고서(일반),권상준
20250807000037,20250807,코스닥,인포바인,115310,주식등의대량보유상황보고서(약식),MiriCapitalManagementLLC
20250807000033,20250807,코스피,애경산업,018250,주식등의대량보유상황보고서(일반),AK홀딩스
20250806000385,20250807,코스닥,위지트,036090,주식등의대량보유상황보고서(일반),제이에스아이홀딩스
20250806000334,20250806,코스피,SNT에너지,100840,주식등의대량보유상황보고서(일반),SNT홀딩스
20250806000332,20250806,코스닥,에코캡,128540,주식등의대량보유상황보고서(일반),최영천
20250806000326,20250806,코스닥,하나머티리얼즈,166090,주식등의대량보유상황보고서(일반),하나마이크론
20250806000322,20250806,코스닥,강스템바이오텍,217730,주식등의대량보유상황보고서(일반),세종
20250806000320,20250806,코스닥,에코프로,086520,주식등의대량보유상황보고서(일반),이동채
20250806000309,20250806,코스닥,엠투엔,033310,주식등의대량보유상황보고서(일반),디케이마린
20250806000304,20250806,코스닥,이지트로닉스,377330,주식등의대량보유상황보고서(약식),케이비인베스트먼트
20250806000299,20250806,코스피,아이에스동서,010780,주식등의대량보유상황보고서(일반),권혁운
20250806000297,20250806,코스닥,도이치모터스,067990,주식등의대량보유상황보고서(일반),권오수
20250806000293,20250806,코스닥,국전,307750,주식등의대량보유상황보고서(일반),홍종호
20250806000284,20250806,코스피,에이피알,278470,주식등의대량보유상황보고서(약식),MORGANSTANLEY&COINTLPLC
20250806000279,20250806,코스피,LG씨엔에스,064400,주식등의대량보유상황보고서(일반),크리스탈코리아
20250806000268,20250806,코스닥,사토시홀딩스,223310,주식등의대량보유상황보고서(일반),메타플렉스
20250806000267,20250806,코스닥,HC홈센타,060560,주식등의대량보유상황보고서(일반),에이치씨파트너스
20250806000266,20250806,코스닥,지슨,446840,주식등의대량보유상황보고서(일반),한동진
20250806000265,20250806,코스닥,캔버스엔,210120,주식등의대량보유상황보고서(약식),에스제이투자조합
20250806000263,20250806,코스닥,산돌,419120,주식등의대량보유상황보고서(일반),산돌커뮤니케이션
20250806000257,20250806,코스닥,캔버스엔,210120,주식등의대량보유상황보고서(약식),티모투자조합1호조합
20250806000256,20250806,코스닥,동일스틸럭스,023790,주식등의대량보유상황보고서(일반),장인화
20250806000237,20250806,코스닥,에이루트,096690,주식등의대량보유상황보고서(일반),최정임
20250806000233,20250806,코스닥,위지트,036090,주식등의대량보유상황보고서(약식),MDS테크
20250806000225,20250806,코스피,한화생명,088350,주식등의대량보유상황보고서(일반),한화
20250806000201,20250806,코스닥,동화기업,025900,주식등의대량보유상황보고서(일반),"DONGWHAINTERNATIONALCO.,LTD"
20250806000194,20250806,코스닥,강스템바이오텍,217730,주식등의대량보유상황보고서(일반),강경선
20250806000180,20250806,코스닥,지슨,446840,주식등의대량보유상황보고서(약식),프라임자산운용
20250806000165,20250806,코스닥,덕산네오룩스,213420,주식등의대량보유상황보고서(일반),이준호
20250806000161,20250806,코스닥,픽셀플러스,087600,주식등의대량보유상황보고서(일반),이서규
20250806000157,20250806,코스닥,하스,450330,주식등의대량보유상황보고서(일반),김용수
20250806000155,20250806,코스피,화인베스틸,133820,주식등의대량보유상황보고서(약식),엔에이치헤지자산운용
20250806000154,20250806,코스피,풀무원,017810,주식등의대량보유상황보고서(일반),남승우
20250806000151,20250806,코스닥,RFHIC,218410,주식등의대량보유상황보고서(일반),조덕수
20250806000119,20250806,코스닥,인터로조,119610,주식등의대량보유상황보고서(일반),노시철
20250806000115,20250806,코스닥,지슨,446840,주식등의대량보유상황보고서(약식),케이클라비스 티와이파트너스 신기술조합 제일호
20250806000110,20250806,코스닥,월덱스,101160,주식등의대량보유상황보고서(약식),브이아이피자산운용
20250806000103,20250806,코스닥,지슨,446840,주식등의대량보유상황보고서(약식),에스티-알고 신기술조합 제1호
20250806000063,20250806,코스피,종근당홀딩스,001630,주식등의대량보유상황보고서(일반),이장한
20250806000062,20250806,코스닥,제이에스링크,127120,주식등의대량보유상황보고서(일반),주성씨앤에어
20250806000057,20250806,코스닥,야스,255440,주식등의대량보유상황보고서(일반),정광호
20250806000023,20250806,코스피,SK오션플랜트,100090,주식등의대량보유상황보고서(일반),송무석
20250805000332,20250806,코스닥,리튬포어스,073570,주식등의대량보유상황보고서(일반),변희조
20250805000331,20250806,코스닥,리튬포어스,073570,주식등의대량보유상황보고서(일반),변재석
20250805000330,20250806,코스닥,리튬포어스,073570,주식등의대량보유상황보고서(일반),리튬인사이트
20250805000329,20250806,코스닥,뉴키즈온,462310,주식등의대량보유상황보고서(약식),하나벤처스
20250805000325,20250805,코스닥,하림지주,003380,주식등의대량보유상황보고서(일반),김홍국
20250805000320,20250805,코스닥,엔비티,236810,주식등의대량보유상황보고서(일반),박수근
20250805000312,20250805,코스닥,지슨,446840,주식등의대량보유상황보고서(약식),키움증권
20250805000308,20250805,코스닥,아스테라시스,450950,주식등의대량보유상황보고서(일반),서은택
20250805000302,20250805,코스닥,이상네트웍스,080010,주식등의대량보유상황보고서(약식),하성일
20250805000297,20250805,코스닥,오스테오닉,226400,주식등의대량보유상황보고서(일반),이동원
20250805000296,20250805,코스피,BNK금융지주,138930,주식등의대량보유상황보고서(약식),"TheCapitalGroupCompanies,Inc."
20250805000295,20250805,코스피,대한조선,439260,주식등의대량보유상황보고서(일반),안다에이치자산운용
20250805000273,20250805,코스닥,세경하이테크,148150,주식등의대량보유상황보고서(약식),KB자산운용
20250805000271,20250805,코스피,HJ중공업,097230,주식등의대량보유상황보고서(일반),에코프라임마린퍼시픽
20250805000262,20250805,코스닥,와이지-원,019210,주식등의대량보유상황보고서(일반),송호근
20250805000252,20250805,코스피,TP,007980,주식등의대량보유상황보고서(일반),임석원
20250805000250,20250805,코스피,GS,078930,주식등의대량보유상황보고서(일반),허창수
20250805000247,20250805,코스닥,나노신소재,121600,주식등의대량보유상황보고서(약식),삼성자산운용
20250805000220,20250805,코스피,인디에프,014990,주식등의대량보유상황보고서(일반),글로벌세아
20250805000218,20250805,코스닥,이엘피,063760,주식등의대량보유상황보고서(일반),이재혁
20250805000205,20250805,코스피,삼양홀딩스,000070,주식등의대량보유상황보고서(일반),김윤
20250805000200,20250805,코스닥,프로티나,468530,주식등의대량보유상황보고서(일반),윤태영
20250805000198,20250805,코스닥,SGC E&C,016250,주식등의대량보유상황보고서(일반),SGC에너지
20250805000192,20250805,코스피,크래프톤,259960,주식등의대량보유상황보고서(일반),장병규
20250805000169,20250805,코스닥,글로벌에스엠,900070,주식등의대량보유상황보고서(일반),서울메탈홀딩스
20250805000123,20250805,코스닥,매커스,093520,주식등의대량보유상황보고서(약식),MiriCapitalManagementLLC
20250805000088,20250805,코스닥,테크윙,089030,주식등의대량보유상황보고서(일반),나윤성
20250805000085,20250805,코스피,LX인터내셔널,001120,주식등의대량보유상황보고서(약식),한화자산운용
20250805000084,20250805,코스닥,KB제32호스팩,0037T0,주식등의대량보유상황보고서(약식),이지스자산운용
20250805000079,20250805,코스닥,케이옥션,102370,주식등의대량보유상황보고서(일반),티에이어드바이저
20250805000056,20250805,코스닥,캔버스엔,210120,주식등의대량보유상황보고서(약식),김영선
20250805000050,20250805,코스닥,엔알비,475230,주식등의대량보유상황보고서(약식),에스엘인베스트먼트
20250805000002,20250805,코스닥,인카금융서비스,211050,주식등의대량보유상황보고서(일반),최병채
